timestamp,machine_id,operator_id,engine_hours,engine_rpm,engine_load_pct,machine_speed_kmh,fuel_used_l,idling_time_min,load_cycles,operating_state,seatbelt_status,proximity_distance_m,gps_zone,working_condition,coolant_temp_c,hydraulic_oil_temp_c,fault_code,task_id
2026-09-20T06:00:00Z,CAT-797F-101,OP-101,8420.51,1263.7,45.2,3.0,0.52,0.0,0,SPOTTING,FASTENED,7.3,CRUSHER_FEED_1,SEVERE,83.6,67.9,NONE,TSK-1001
2026-09-20T06:00:00Z,CAT-797F-102,OP-102,14210.01,1273.5,47.1,1.4,0.56,0.0,0,SPOTTING,FASTENED,11.1,CRUSHER_FEED_1,NORMAL,83.6,68.5,NONE,TSK-1010
2026-09-20T06:00:00Z,CAT-6060-201,OP-103,5120.21,1944.8,77.2,1.2,1.44,0.0,0,EXCAVATING,FASTENED,8.5,PIT_FLOOR_BENCH_B,SEVERE,82.9,68.1,NONE,TSK-1005
2026-09-20T06:00:00Z,CAT-994K-301,OP-104,9860.81,1566.6,62.4,1.1,0.57,0.0,1,LOADING,FASTENED,9.5,PIT_FLOOR_BENCH_A,NORMAL,82.7,67.0,NONE,TSK-1004
2026-09-20T06:00:00Z,CAT-D11-401,OP-105,16480.01,2015.6,87.4,4.3,0.92,0.0,1,DOZING,FASTENED,16.6,STAGING_BAY_4,MUDDY,83.5,69.5,NONE,TSK-1002
2026-09-20T06:00:45Z,CAT-797F-101,OP-101,8420.53,1178.3,43.0,1.1,1.03,0.0,0,SPOTTING,FASTENED,9.8,CRUSHER_FEED_1,SEVERE,84.2,68.1,NONE,TSK-1001
2026-09-20T06:00:45Z,CAT-797F-102,OP-102,14210.03,1201.6,47.7,1.5,1.13,0.0,0,SPOTTING,FASTENED,13.3,CRUSHER_FEED_1,NORMAL,84.0,68.8,NONE,TSK-1010
2026-09-20T06:00:45Z,CAT-6060-201,OP-103,5120.22,1768.2,80.2,4.9,2.89,0.0,0,EXCAVATING,FASTENED,21.3,PIT_FLOOR_BENCH_B,SEVERE,84.0,68.7,NONE,TSK-1005
2026-09-20T06:00:45Z,CAT-994K-301,OP-104,9860.83,1477.5,59.2,0.8,1.14,0.0,1,LOADING,FASTENED,10.9,PIT_FLOOR_BENCH_A,NORMAL,83.3,67.4,NONE,TSK-1004
2026-09-20T06:00:45Z,CAT-D11-401,OP-105,16480.03,1850.1,93.8,4.1,1.84,0.0,1,DOZING,FASTENED,10.9,STAGING_BAY_4,MUDDY,84.7,70.1,NONE,TSK-1002
2026-09-20T06:01:30Z,CAT-797F-101,OP-101,8420.54,1255.2,41.4,2.7,1.55,0.0,0,SPOTTING,FASTENED,8.2,CRUSHER_FEED_1,SEVERE,84.8,68.3,NONE,TSK-1001
2026-09-20T06:01:30Z,CAT-797F-102,OP-102,14210.04,1707.5,57.9,0.2,1.85,0.0,0,LOADING,FASTENED,7.3,PIT_FLOOR_BENCH_B,NORMAL,84.5,69.1,NONE,TSK-1010
2026-09-20T06:01:30Z,CAT-6060-201,OP-103,5120.24,1948.3,75.5,1.1,4.33,0.0,0,EXCAVATING,FASTENED,19.1,PIT_FLOOR_BENCH_B,SEVERE,84.9,69.1,NONE,TSK-1005
2026-09-20T06:01:30Z,CAT-994K-301,OP-104,9860.84,1547.1,58.5,0.1,1.71,0.0,1,LOADING,FASTENED,9.7,PIT_FLOOR_BENCH_A,NORMAL,83.9,67.8,NONE,TSK-1004
2026-09-20T06:01:30Z,CAT-D11-401,OP-105,16480.04,1973.7,84.0,4.1,2.76,0.0,1,DOZING,FASTENED,15.2,STAGING_BAY_4,MUDDY,85.7,70.6,NONE,TSK-1002
2026-09-20T06:02:15Z,CAT-797F-101,OP-101,8420.55,1668.2,73.2,0.8,2.2,0.0,0,LOADING,FASTENED,7.5,PIT_FLOOR_BENCH_A,SEVERE,85.6,68.8,NONE,TSK-1001
2026-09-20T06:02:15Z,CAT-797F-102,OP-102,14210.05,1459.3,75.0,1.0,2.56,0.0,0,LOADING,FASTENED,8.1,PIT_FLOOR_BENCH_B,NORMAL,85.2,69.5,NONE,TSK-1010
2026-09-20T06:02:15Z,CAT-6060-201,OP-103,5120.25,1963.7,83.4,4.6,5.78,0.0,0,EXCAVATING,FASTENED,12.5,PIT_FLOOR_BENCH_B,SEVERE,85.9,69.6,NONE,TSK-1005
2026-09-20T06:02:15Z,CAT-994K-301,OP-104,9860.85,1487.9,67.5,0.7,2.27,0.0,1,LOADING,FASTENED,9.6,PIT_FLOOR_BENCH_A,NORMAL,84.5,68.2,NONE,TSK-1004
2026-09-20T06:02:15Z,CAT-D11-401,OP-105,16480.05,1929.2,80.6,3.0,3.68,0.0,1,DOZING,FASTENED,14.0,STAGING_BAY_4,MUDDY,86.6,71.0,NONE,TSK-1002
2026-09-20T06:03:00Z,CAT-797F-101,OP-101,8420.56,1484.3,68.1,1.1,2.86,0.0,0,LOADING,FASTENED,8.8,PIT_FLOOR_BENCH_A,SEVERE,86.4,69.2,NONE,TSK-1001
2026-09-20T06:03:00Z,CAT-797F-102,OP-102,14210.06,1579.0,72.8,0.5,3.28,0.0,0,LOADING,FASTENED,10.1,PIT_FLOOR_BENCH_B,NORMAL,85.7,69.9,NONE,TSK-1010
2026-09-20T06:03:00Z,CAT-6060-201,OP-103,5120.26,1968.9,80.9,2.3,7.22,0.0,0,EXCAVATING,FASTENED,11.6,PIT_FLOOR_BENCH_B,SEVERE,86.8,70.1,NONE,TSK-1005
2026-09-20T06:03:00Z,CAT-994K-301,OP-104,9860.86,1656.0,64.5,0.1,2.84,0.0,1,LOADING,FASTENED,6.4,PIT_FLOOR_BENCH_A,NORMAL,85.0,68.6,NONE,TSK-1004
2026-09-20T06:03:00Z,CAT-D11-401,OP-105,16480.06,1973.4,82.1,1.5,4.59,0.0,1,DOZING,FASTENED,8.8,STAGING_BAY_4,MUDDY,87.4,71.4,NONE,TSK-1002
2026-09-20T06:03:45Z,CAT-797F-101,OP-101,8420.58,1618.5,68.4,0.5,3.52,0.0,0,LOADING,FASTENED,10.4,PIT_FLOOR_BENCH_A,SEVERE,87.1,69.6,NONE,TSK-1001
2026-09-20T06:03:45Z,CAT-797F-102,OP-102,14210.08,1576.9,73.3,0.1,4.0,0.0,0,LOADING,FASTENED,7.4,PIT_FLOOR_BENCH_B,NORMAL,86.2,70.3,NONE,TSK-1010
2026-09-20T06:03:45Z,CAT-6060-201,OP-103,5120.27,1781.1,84.6,1.6,8.66,0.0,0,EXCAVATING,FASTENED,14.8,PIT_FLOOR_BENCH_B,SEVERE,87.6,70.6,NONE,TSK-1005
2026-09-20T06:03:45Z,CAT-994K-301,OP-104,9860.88,1678.8,66.5,1.0,3.41,0.0,1,LOADING,FASTENED,10.2,PIT_FLOOR_BENCH_A,NORMAL,85.5,69.0,NONE,TSK-1004
2026-09-20T06:03:45Z,CAT-D11-401,OP-105,16480.08,1995.5,86.7,3.6,5.51,0.0,1,DOZING,FASTENED,8.4,STAGING_BAY_4,MUDDY,88.2,71.8,NONE,TSK-1002
2026-09-20T06:04:30Z,CAT-797F-101,OP-101,8420.59,1698.8,60.3,0.2,4.17,0.0,0,LOADING,FASTENED,9.5,PIT_FLOOR_BENCH_A,SEVERE,87.6,69.9,NONE,TSK-1001
2026-09-20T06:04:30Z,CAT-797F-102,OP-102,14210.09,1701.5,89.4,23.1,5.18,0.0,0,HAULING_LOADED,FASTENED,31.2,HAUL_ROAD_SOUTH,NORMAL,86.9,70.8,NONE,TSK-1010
2026-09-20T06:04:30Z,CAT-6060-201,OP-103,5120.29,1940.0,75.6,4.0,10.11,0.0,0,EXCAVATING,FASTENED,11.0,PIT_FLOOR_BENCH_B,SEVERE,88.3,70.9,NONE,TSK-1005
2026-09-20T06:04:30Z,CAT-994K-301,OP-104,9860.89,1552.3,62.4,0.9,3.98,0.0,1,LOADING,FASTENED,9.9,PIT_FLOOR_BENCH_A,NORMAL,85.9,69.4,NONE,TSK-1004
2026-09-20T06:04:30Z,CAT-D11-401,OP-105,16480.09,1775.5,76.0,1.6,6.43,0.0,1,DOZING,FASTENED,16.6,STAGING_BAY_4,MUDDY,88.9,72.1,NONE,TSK-1002
2026-09-20T06:05:15Z,CAT-797F-101,OP-101,8420.6,1531.6,68.2,0.6,4.83,0.0,0,LOADING,FASTENED,8.2,PIT_FLOOR_BENCH_A,SEVERE,88.2,70.3,NONE,TSK-1001
2026-09-20T06:05:15Z,CAT-797F-102,OP-102,14210.1,1888.7,74.3,21.4,6.36,0.0,0,HAULING_LOADED,FASTENED,27.9,HAUL_ROAD_SOUTH,NORMAL,87.3,71.2,NONE,TSK-1010
2026-09-20T06:05:15Z,CAT-6060-201,OP-103,5120.3,1896.0,87.7,1.2,11.55,0.0,0,EXCAVATING,FASTENED,13.5,PIT_FLOOR_BENCH_B,SEVERE,89.1,71.4,NONE,TSK-1005
2026-09-20T06:05:15Z,CAT-994K-301,OP-104,9860.9,1452.3,61.0,0.3,4.55,0.0,1,LOADING,FASTENED,6.7,PIT_FLOOR_BENCH_A,NORMAL,86.3,69.7,NONE,TSK-1004
2026-09-20T06:05:15Z,CAT-D11-401,OP-105,16480.1,1848.4,75.1,4.0,7.35,0.0,1,DOZING,FASTENED,10.5,STAGING_BAY_4,MUDDY,89.4,72.4,NONE,TSK-1002
2026-09-20T06:06:00Z,CAT-797F-101,OP-101,8420.61,1839.7,85.4,20.4,5.91,0.0,0,HAULING_LOADED,FASTENED,31.1,RAMP_ACCESS_EAST,SEVERE,89.0,70.7,NONE,TSK-1001
2026-09-20T06:06:00Z,CAT-797F-102,OP-102,14210.11,1809.1,81.2,17.0,7.53,0.0,0,HAULING_LOADED,FASTENED,28.8,HAUL_ROAD_SOUTH,NORMAL,87.8,71.6,NONE,TSK-1010
2026-09-20T06:06:00Z,CAT-6060-201,OP-103,5120.31,1871.3,87.2,2.2,12.99,0.0,0,EXCAVATING,FASTENED,13.7,PIT_FLOOR_BENCH_B,SEVERE,89.8,71.8,NONE,TSK-1005
2026-09-20T06:06:00Z,CAT-994K-301,OP-104,9860.91,1501.6,74.0,0.6,5.12,0.0,1,LOADING,FASTENED,9.4,PIT_FLOOR_BENCH_A,NORMAL,86.8,70.1,NONE,TSK-1004
2026-09-20T06:06:00Z,CAT-D11-401,OP-105,16480.11,1881.0,77.0,2.7,8.27,0.0,1,DOZING,FASTENED,13.6,STAGING_BAY_4,MUDDY,90.0,72.7,NONE,TSK-1002
2026-09-20T06:06:45Z,CAT-797F-101,OP-101,8420.63,1917.6,86.9,18.8,6.98,0.0,0,HAULING_LOADED,FASTENED,41.8,RAMP_ACCESS_EAST,SEVERE,89.7,71.2,NONE,TSK-1001
2026-09-20T06:06:45Z,CAT-797F-102,OP-102,14210.13,1858.3,82.6,18.4,8.71,0.0,0,HAULING_LOADED,FASTENED,41.7,HAUL_ROAD_SOUTH,NORMAL,88.3,71.9,NONE,TSK-1010
2026-09-20T06:06:45Z,CAT-6060-201,OP-103,5120.32,2037.5,87.3,1.6,14.44,0.0,0,EXCAVATING,FASTENED,9.4,PIT_FLOOR_BENCH_B,SEVERE,90.4,72.2,NONE,TSK-1005
2026-09-20T06:06:45Z,CAT-994K-301,OP-104,9860.93,1502.0,58.1,0.9,5.69,0.0,1,LOADING,FASTENED,6.4,PIT_FLOOR_BENCH_A,NORMAL,87.1,70.4,NONE,TSK-1004
2026-09-20T06:06:45Z,CAT-D11-401,OP-105,16480.13,1938.4,83.8,3.3,9.19,0.0,1,DOZING,FASTENED,16.1,STAGING_BAY_4,MUDDY,90.6,73.1,NONE,TSK-1002
2026-09-20T06:07:30Z,CAT-797F-101,OP-101,8420.64,1920.5,84.9,28.3,8.06,0.0,0,HAULING_LOADED,FASTENED,29.0,RAMP_ACCESS_EAST,SEVERE,90.3,71.6,NONE,TSK-1001
2026-09-20T06:07:30Z,CAT-797F-102,OP-102,14210.14,1779.0,80.8,21.9,9.89,0.0,0,HAULING_LOADED,FASTENED,37.7,HAUL_ROAD_SOUTH,NORMAL,88.7,72.3,NONE,TSK-1010
2026-09-20T06:07:30Z,CAT-6060-201,OP-103,5120.34,1927.4,81.7,1.3,15.88,0.0,0,EXCAVATING,FASTENED,14.5,PIT_FLOOR_BENCH_B,SEVERE,90.9,72.6,NONE,TSK-1005
2026-09-20T06:07:30Z,CAT-994K-301,OP-104,9860.94,1560.6,60.7,0.8,6.26,0.0,1,LOADING,FASTENED,10.9,PIT_FLOOR_BENCH_A,NORMAL,87.3,70.6,NONE,TSK-1004
2026-09-20T06:07:30Z,CAT-D11-401,OP-105,16480.14,1928.2,82.3,3.3,10.11,0.0,1,DOZING,FASTENED,21.4,STAGING_BAY_4,MUDDY,91.1,73.4,NONE,TSK-1002
2026-09-20T06:08:15Z,CAT-797F-101,OP-101,8420.65,1710.3,90.2,23.1,9.14,0.0,0,HAULING_LOADED,FASTENED,25.3,RAMP_ACCESS_EAST,SEVERE,90.9,72.0,NONE,TSK-1001
2026-09-20T06:08:15Z,CAT-797F-102,OP-102,14210.15,1825.3,91.2,21.6,11.07,0.0,0,HAULING_LOADED,FASTENED,42.7,HAUL_ROAD_SOUTH,NORMAL,89.2,72.7,NONE,TSK-1010
2026-09-20T06:08:15Z,CAT-6060-201,OP-103,5120.35,2044.7,76.6,3.6,17.32,0.0,0,EXCAVATING,FASTENED,8.5,PIT_FLOOR_BENCH_B,SEVERE,91.3,72.9,NONE,TSK-1005
2026-09-20T06:08:15Z,CAT-994K-301,OP-104,9860.95,701.8,15.5,0.0,6.42,0.8,1,IDLE,FASTENED,19.4,STAGING_BAY_4,NORMAL,87.1,70.5,NONE,TSK-1004
2026-09-20T06:08:15Z,CAT-D11-401,OP-105,16480.15,1986.8,87.3,1.3,11.02,0.0,1,DOZING,FASTENED,9.3,STAGING_BAY_4,MUDDY,91.6,73.7,NONE,TSK-1002
2026-09-20T06:09:00Z,CAT-797F-101,OP-101,8420.66,1771.0,86.5,24.2,10.22,0.0,0,HAULING_LOADED,FASTENED,45.4,RAMP_ACCESS_EAST,SEVERE,91.4,72.4,NONE,TSK-1001
2026-09-20T06:09:00Z,CAT-797F-102,OP-102,14210.16,1783.3,83.7,17.8,12.25,0.0,0,HAULING_LOADED,FASTENED,29.8,HAUL_ROAD_SOUTH,NORMAL,89.5,73.0,NONE,TSK-1010
2026-09-20T06:09:00Z,CAT-6060-201,OP-103,5120.36,1959.5,82.4,3.4,18.77,0.0,0,EXCAVATING,FASTENED,21.1,PIT_FLOOR_BENCH_B,SEVERE,91.8,73.2,NONE,TSK-1005
2026-09-20T06:09:00Z,CAT-994K-301,OP-104,9860.96,702.6,14.7,0.0,6.58,1.5,1,IDLE,FASTENED,25.4,STAGING_BAY_4,NORMAL,86.8,70.4,NONE,TSK-1004
2026-09-20T06:09:00Z,CAT-D11-401,OP-105,16480.16,1998.7,89.0,3.7,11.94,0.0,1,DOZING,FASTENED,15.4,STAGING_BAY_4,MUDDY,92.1,74.0,NONE,TSK-1002
2026-09-20T06:09:45Z,CAT-797F-101,OP-101,8420.68,1805.9,79.2,20.5,11.3,0.0,0,HAULING_LOADED,FASTENED,25.0,RAMP_ACCESS_EAST,SEVERE,91.9,72.7,NONE,TSK-1001
2026-09-20T06:09:45Z,CAT-797F-102,OP-102,14210.18,1936.9,81.7,18.8,13.43,0.0,0,HAULING_LOADED,FASTENED,23.9,HAUL_ROAD_SOUTH,NORMAL,89.8,73.3,NONE,TSK-1010
2026-09-20T06:09:45Z,CAT-6060-201,OP-103,5120.37,2003.3,76.9,4.1,20.21,0.0,0,EXCAVATING,FASTENED,19.7,PIT_FLOOR_BENCH_B,SEVERE,92.2,73.4,NONE,TSK-1005
2026-09-20T06:09:45Z,CAT-994K-301,OP-104,9860.98,682.3,12.0,0.0,6.74,2.2,1,IDLE,FASTENED,24.7,STAGING_BAY_4,NORMAL,86.6,70.3,NONE,TSK-1004
2026-09-20T06:09:45Z,CAT-D11-401,OP-105,16480.18,1863.0,78.1,4.3,12.86,0.0,1,DOZING,FASTENED,18.8,STAGING_BAY_4,MUDDY,92.5,74.3,NONE,TSK-1002
2026-09-20T06:10:30Z,CAT-797F-101,OP-101,8420.69,1741.4,80.8,21.1,12.38,0.0,0,HAULING_LOADED,FASTENED,38.9,RAMP_ACCESS_EAST,SEVERE,92.3,73.1,NONE,TSK-1001
2026-09-20T06:10:30Z,CAT-797F-102,OP-102,14210.19,1811.0,77.7,25.4,14.61,0.0,0,HAULING_LOADED,FASTENED,32.6,HAUL_ROAD_SOUTH,NORMAL,90.1,73.6,NONE,TSK-1010
2026-09-20T06:10:30Z,CAT-6060-201,OP-103,5120.39,1842.8,90.4,2.9,21.66,0.0,0,EXCAVATING,FASTENED,19.7,PIT_FLOOR_BENCH_B,SEVERE,92.6,73.8,NONE,TSK-1005
2026-09-20T06:10:30Z,CAT-994K-301,OP-104,9860.99,736.8,15.9,0.0,6.91,3.0,1,IDLE,FASTENED,20.5,STAGING_BAY_4,NORMAL,86.4,70.2,NONE,TSK-1004
2026-09-20T06:10:30Z,CAT-D11-401,OP-105,16480.19,1864.6,85.0,4.9,13.78,0.0,1,DOZING,FASTENED,19.4,STAGING_BAY_4,MUDDY,92.9,74.5,NONE,TSK-1002
2026-09-20T06:11:15Z,CAT-797F-101,OP-101,8420.7,1734.6,77.0,24.0,13.45,0.0,0,HAULING_LOADED,FASTENED,44.5,RAMP_ACCESS_EAST,SEVERE,92.6,73.3,NONE,TSK-1001
2026-09-20T06:11:15Z,CAT-797F-102,OP-102,14210.2,1725.6,88.9,26.6,15.79,0.0,0,HAULING_LOADED,FASTENED,28.0,HAUL_ROAD_SOUTH,NORMAL,90.4,73.9,NONE,TSK-1010
2026-09-20T06:11:15Z,CAT-6060-201,OP-103,5120.4,1831.8,92.2,1.6,23.1,0.0,0,EXCAVATING,FASTENED,14.1,PIT_FLOOR_BENCH_B,SEVERE,93.1,74.1,NONE,TSK-1005
2026-09-20T06:11:15Z,CAT-994K-301,OP-104,9861.0,1729.1,63.3,0.5,7.47,3.0,2,LOADING,FASTENED,7.9,PIT_FLOOR_BENCH_B,NORMAL,86.8,70.5,NONE,TSK-1004
2026-09-20T06:11:15Z,CAT-D11-401,OP-105,16480.2,1774.5,79.3,2.3,14.7,0.0,1,DOZING,FASTENED,9.4,STAGING_BAY_4,MUDDY,93.2,74.7,NONE,TSK-1002
2026-09-20T06:12:00Z,CAT-797F-101,OP-101,8420.71,1783.8,74.9,16.5,14.53,0.0,0,HAULING_LOADED,FASTENED,45.7,RAMP_ACCESS_EAST,SEVERE,92.9,73.6,NONE,TSK-1001
2026-09-20T06:12:00Z,CAT-797F-102,OP-102,14210.21,1907.8,87.2,21.9,16.96,0.0,0,HAULING_LOADED,FASTENED,37.2,HAUL_ROAD_SOUTH,NORMAL,90.7,74.2,NONE,TSK-1010
2026-09-20T06:12:00Z,CAT-6060-201,OP-103,5120.41,1914.6,88.8,3.1,24.54,0.0,0,EXCAVATING,FASTENED,9.6,PIT_FLOOR_BENCH_A,SEVERE,93.5,74.4,NONE,TSK-1005
2026-09-20T06:12:00Z,CAT-994K-301,OP-104,9861.01,1540.3,56.0,0.5,8.04,3.0,2,LOADING,FASTENED,10.0,PIT_FLOOR_BENCH_B,NORMAL,87.0,70.7,NONE,TSK-1004
2026-09-20T06:12:00Z,CAT-D11-401,OP-105,16480.21,1783.3,92.2,3.4,15.62,0.0,1,DOZING,FASTENED,8.2,STAGING_BAY_4,MUDDY,93.6,75.0,NONE,TSK-1002
2026-09-20T06:12:45Z,CAT-797F-101,OP-101,8420.73,1760.5,74.9,21.4,15.61,0.0,0,HAULING_LOADED,FASTENED,37.2,RAMP_ACCESS_EAST,SEVERE,93.1,73.8,NONE,TSK-1001
2026-09-20T06:12:45Z,CAT-797F-102,OP-102,14210.23,1804.1,85.3,17.1,18.14,0.0,0,HAULING_LOADED,FASTENED,47.3,HAUL_ROAD_SOUTH,NORMAL,91.0,74.5,NONE,TSK-1010
2026-09-20T06:12:45Z,CAT-6060-201,OP-103,5120.42,1907.8,84.6,5.0,25.99,0.0,0,EXCAVATING,FASTENED,15.8,PIT_FLOOR_BENCH_A,SEVERE,93.8,74.7,NONE,TSK-1005
2026-09-20T06:12:45Z,CAT-994K-301,OP-104,9861.03,1591.0,67.7,1.2,8.61,3.0,2,LOADING,FASTENED,7.3,PIT_FLOOR_BENCH_B,NORMAL,87.4,71.0,NONE,TSK-1004
2026-09-20T06:12:45Z,CAT-D11-401,OP-105,16480.23,1986.6,81.6,3.9,16.54,0.0,1,DOZING,FASTENED,16.8,STAGING_BAY_4,MUDDY,93.8,75.2,NONE,TSK-1002
2026-09-20T06:13:30Z,CAT-797F-101,OP-101,8420.74,1883.8,78.7,16.6,16.69,0.0,0,HAULING_LOADED,FASTENED,35.3,RAMP_ACCESS_EAST,SEVERE,93.4,74.0,NONE,TSK-1001
2026-09-20T06:13:30Z,CAT-797F-102,OP-102,14210.24,1743.8,87.6,21.8,19.32,0.0,0,HAULING_LOADED,FASTENED,39.5,HAUL_ROAD_SOUTH,NORMAL,91.3,74.8,NONE,TSK-1010
2026-09-20T06:13:30Z,CAT-6060-201,OP-103,5120.44,1993.4,76.2,4.1,27.43,0.0,0,EXCAVATING,FASTENED,14.4,PIT_FLOOR_BENCH_A,SEVERE,94.0,74.9,NONE,TSK-1005
2026-09-20T06:13:30Z,CAT-994K-301,OP-104,9861.04,1463.1,59.0,0.1,9.18,3.0,2,LOADING,FASTENED,10.7,PIT_FLOOR_BENCH_B,NORMAL,87.6,71.3,NONE,TSK-1004
2026-09-20T06:13:30Z,CAT-D11-401,OP-105,16480.24,2046.7,85.3,2.0,17.46,0.0,1,DOZING,FASTENED,18.5,STAGING_BAY_4,MUDDY,94.1,75.5,NONE,TSK-1002
2026-09-20T06:14:15Z,CAT-797F-101,OP-101,8420.75,1789.2,87.6,26.8,17.77,0.0,0,HAULING_LOADED,FASTENED,29.3,RAMP_ACCESS_EAST,SEVERE,93.7,74.3,NONE,TSK-1001
2026-09-20T06:14:15Z,CAT-797F-102,OP-102,14210.25,1792.0,89.8,25.3,20.5,0.0,0,HAULING_LOADED,FASTENED,45.0,HAUL_ROAD_SOUTH,NORMAL,91.5,75.1,NONE,TSK-1010
2026-09-20T06:14:15Z,CAT-6060-201,OP-103,5120.45,2042.1,84.4,3.0,28.88,0.0,0,EXCAVATING,FASTENED,20.9,PIT_FLOOR_BENCH_A,SEVERE,94.2,75.1,NONE,TSK-1005
2026-09-20T06:14:15Z,CAT-994K-301,OP-104,9861.05,1690.3,69.5,0.1,9.75,3.0,2,LOADING,FASTENED,9.0,PIT_FLOOR_BENCH_B,NORMAL,87.9,71.5,NONE,TSK-1004
2026-09-20T06:14:15Z,CAT-D11-401,OP-105,16480.25,1913.6,81.1,1.3,18.37,0.0,1,DOZING,FASTENED,17.3,STAGING_BAY_4,MUDDY,94.4,75.6,NONE,TSK-1002
2026-09-20T06:15:00Z,CAT-797F-101,OP-101,8420.76,1850.7,80.5,24.6,18.84,0.0,0,HAULING_LOADED,FASTENED,29.8,RAMP_ACCESS_EAST,SEVERE,94.0,74.5,NONE,TSK-1001
2026-09-20T06:15:00Z,CAT-797F-102,OP-102,14210.26,1917.5,79.1,28.5,21.68,0.0,0,HAULING_LOADED,FASTENED,27.7,HAUL_ROAD_SOUTH,NORMAL,91.6,75.2,NONE,TSK-1010
2026-09-20T06:15:00Z,CAT-6060-201,OP-103,5120.46,2034.4,76.4,3.6,30.32,0.0,0,EXCAVATING,FASTENED,13.1,PIT_FLOOR_BENCH_A,SEVERE,94.4,75.3,NONE,TSK-1005
2026-09-20T06:15:00Z,CAT-994K-301,OP-104,9861.06,1653.8,74.1,0.2,10.32,3.0,2,LOADING,FASTENED,9.0,PIT_FLOOR_BENCH_B,NORMAL,88.3,71.9,NONE,TSK-1004
2026-09-20T06:15:00Z,CAT-D11-401,OP-105,16480.26,1820.8,87.3,2.4,19.29,0.0,1,DOZING,FASTENED,21.3,STAGING_BAY_4,MUDDY,94.6,75.8,NONE,TSK-1002
2026-09-20T06:15:45Z,CAT-797F-101,OP-101,8420.78,1290.1,47.2,1.5,19.36,0.0,0,DUMPING,FASTENED,12.2,OVERBURDEN_DUMP_WEST,SEVERE,93.8,74.5,NONE,TSK-1001
2026-09-20T06:15:45Z,CAT-797F-102,OP-102,14210.28,1211.4,42.4,1.2,22.24,0.0,0,DUMPING,FASTENED,7.4,OVERBURDEN_DUMP_WEST,NORMAL,91.4,75.1,NONE,TSK-1010
2026-09-20T06:15:45Z,CAT-6060-201,OP-103,5120.47,1899.7,82.4,3.2,31.76,0.0,0,EXCAVATING,FASTENED,11.7,PIT_FLOOR_BENCH_A,SEVERE,94.6,75.5,NONE,TSK-1005
2026-09-20T06:15:45Z,CAT-994K-301,OP-104,9861.08,1583.9,74.9,0.3,10.89,3.0,2,LOADING,FASTENED,10.6,PIT_FLOOR_BENCH_B,NORMAL,88.6,72.2,NONE,TSK-1004
2026-09-20T06:15:45Z,CAT-D11-401,OP-105,16480.28,1786.8,91.2,2.8,20.21,0.0,1,DOZING,FASTENED,20.6,STAGING_BAY_4,MUDDY,94.9,76.1,NONE,TSK-1002
2026-09-20T06:16:30Z,CAT-797F-101,OP-101,8420.79,1124.6,42.9,2.8,19.88,0.0,0,DUMPING,FASTENED,8.9,OVERBURDEN_DUMP_WEST,SEVERE,93.6,74.4,NONE,TSK-1001
2026-09-20T06:16:30Z,CAT-797F-102,OP-102,14210.29,1118.2,40.7,2.9,22.81,0.0,0,DUMPING,FASTENED,12.9,OVERBURDEN_DUMP_WEST,NORMAL,91.1,75.0,NONE,TSK-1010
2026-09-20T06:16:30Z,CAT-6060-201,OP-103,5120.49,2028.2,87.1,4.2,33.21,0.0,0,EXCAVATING,FASTENED,15.1,PIT_FLOOR_BENCH_A,SEVERE,94.9,75.7,NONE,TSK-1005
2026-09-20T06:16:30Z,CAT-994K-301,OP-104,9861.09,1687.1,55.5,0.7,11.46,3.0,2,LOADING,FASTENED,7.8,PIT_FLOOR_BENCH_A,NORMAL,88.7,72.3,NONE,TSK-1004
2026-09-20T06:16:30Z,CAT-D11-401,OP-105,16480.29,1915.5,86.6,1.3,21.13,0.0,1,DOZING,FASTENED,12.3,STAGING_BAY_4,MUDDY,95.1,76.3,NONE,TSK-1002
2026-09-20T06:17:15Z,CAT-797F-101,OP-101,8420.8,1301.3,40.4,2.6,20.39,0.0,0,DUMPING,FASTENED,12.7,OVERBURDEN_DUMP_WEST,SEVERE,93.4,74.3,NONE,TSK-1001
2026-09-20T06:17:15Z,CAT-797F-102,OP-102,14210.3,1372.3,42.3,1.7,23.37,0.0,0,DUMPING,FASTENED,11.6,OVERBURDEN_DUMP_WEST,NORMAL,90.8,74.9,NONE,TSK-1010
2026-09-20T06:17:15Z,CAT-6060-201,OP-103,5120.5,2013.4,89.8,3.6,34.65,0.0,0,EXCAVATING,FASTENED,10.5,PIT_FLOOR_BENCH_A,SEVERE,95.1,75.9,NONE,TSK-1005
2026-09-20T06:17:15Z,CAT-994K-301,OP-104,9861.1,1579.8,73.2,0.1,12.02,3.0,2,LOADING,FASTENED,6.6,PIT_FLOOR_BENCH_A,NORMAL,89.0,72.6,NONE,TSK-1004
2026-09-20T06:17:15Z,CAT-D11-401,OP-105,16480.3,1799.4,81.1,3.8,22.05,0.0,1,DOZING,FASTENED,12.8,STAGING_BAY_4,MUDDY,95.3,76.4,NONE,TSK-1002
2026-09-20T06:18:00Z,CAT-797F-101,OP-101,8420.81,1580.2,54.7,33.6,21.09,0.0,1,HAULING_EMPTY,FASTENED,26.1,HAUL_ROAD_NORTH,SEVERE,93.4,74.3,NONE,TSK-1001
2026-09-20T06:18:00Z,CAT-797F-102,OP-102,14210.31,1249.4,40.0,1.0,23.93,0.0,0,DUMPING,FASTENED,13.6,OVERBURDEN_DUMP_WEST,NORMAL,90.6,74.8,NONE,TSK-1010
2026-09-20T06:18:00Z,CAT-6060-201,OP-103,5120.51,1947.6,88.7,3.4,36.09,0.0,0,EXCAVATING,FASTENED,19.8,PIT_FLOOR_BENCH_A,SEVERE,95.3,76.1,NONE,TSK-1005
2026-09-20T06:18:00Z,CAT-994K-301,OP-104,9861.11,1697.6,55.6,0.1,12.59,3.0,2,LOADING,FASTENED,9.2,PIT_FLOOR_BENCH_A,NORMAL,89.1,72.7,NONE,TSK-1004
2026-09-20T06:18:00Z,CAT-D11-401,OP-105,16480.31,1945.3,89.6,2.7,22.97,0.0,1,DOZING,FASTENED,16.9,STAGING_BAY_4,MUDDY,95.5,76.6,NONE,TSK-1002
2026-09-20T06:18:45Z,CAT-797F-101,OP-101,8420.83,1700.7,47.8,40.7,21.8,0.0,1,HAULING_EMPTY,FASTENED,37.9,HAUL_ROAD_NORTH,MODERATE,93.0,74.3,NONE,TSK-1008
2026-09-20T06:18:45Z,CAT-797F-102,OP-102,14210.33,1523.4,43.2,31.7,24.7,0.0,1,HAULING_EMPTY,FASTENED,38.0,HAUL_ROAD_SOUTH,NORMAL,90.4,74.7,NONE,TSK-1010
2026-09-20T06:18:45Z,CAT-6060-201,OP-103,5120.52,1932.0,80.9,3.9,37.54,0.0,0,EXCAVATING,FASTENED,18.3,PIT_FLOOR_BENCH_A,SEVERE,95.5,76.3,NONE,TSK-1005
2026-09-20T06:18:45Z,CAT-994K-301,OP-104,9861.13,1742.6,57.6,0.4,13.16,3.0,2,LOADING,FASTENED,8.8,PIT_FLOOR_BENCH_A,NORMAL,89.1,72.8,NONE,TSK-1004
2026-09-20T06:18:45Z,CAT-D11-401,OP-105,16480.33,1889.9,80.1,2.0,23.89,0.0,1,DOZING,FASTENED,9.4,STAGING_BAY_4,MUDDY,95.6,76.7,NONE,TSK-1002
2026-09-20T06:19:30Z,CAT-797F-101,OP-101,8420.84,1622.9,54.3,28.3,22.5,0.0,1,HAULING_EMPTY,FASTENED,50.6,HAUL_ROAD_NORTH,MODERATE,92.8,74.3,NONE,TSK-1008
2026-09-20T06:19:30Z,CAT-797F-102,OP-102,14210.34,1604.8,53.6,29.5,25.47,0.0,1,HAULING_EMPTY,FASTENED,47.2,HAUL_ROAD_SOUTH,SEVERE,90.6,74.7,NONE,TSK-1027
2026-09-20T06:19:30Z,CAT-6060-201,OP-103,5120.54,1904.4,84.5,2.2,38.98,0.0,0,EXCAVATING,FASTENED,8.3,PIT_FLOOR_BENCH_A,SEVERE,95.6,76.4,NONE,TSK-1005
2026-09-20T06:19:30Z,CAT-994K-301,OP-104,9861.14,1601.6,74.3,0.3,13.73,3.0,2,LOADING,FASTENED,7.8,PIT_FLOOR_BENCH_A,NORMAL,89.4,73.1,NONE,TSK-1004
2026-09-20T06:19:30Z,CAT-D11-401,OP-105,16480.34,1898.5,91.8,3.6,24.81,0.0,1,DOZING,FASTENED,14.6,STAGING_BAY_4,MUDDY,95.8,76.9,NONE,TSK-1002
2026-09-20T06:20:15Z,CAT-797F-101,OP-101,8420.85,1771.1,50.6,39.4,23.2,0.0,1,HAULING_EMPTY,FASTENED,46.0,HAUL_ROAD_NORTH,MODERATE,92.5,74.3,NONE,TSK-1008
2026-09-20T06:20:15Z,CAT-797F-102,OP-102,14210.35,1617.1,50.0,34.0,26.24,0.0,1,HAULING_EMPTY,FASTENED,28.4,HAUL_ROAD_SOUTH,SEVERE,90.7,74.6,NONE,TSK-1027
2026-09-20T06:20:15Z,CAT-6060-201,OP-103,5120.55,1772.1,84.6,4.1,40.43,0.0,0,EXCAVATING,FASTENED,11.9,PIT_FLOOR_BENCH_A,SEVERE,95.7,76.6,NONE,TSK-1005
2026-09-20T06:20:15Z,CAT-994K-301,OP-104,9861.15,1742.5,62.9,1.0,14.3,3.0,2,LOADING,FASTENED,7.7,PIT_FLOOR_BENCH_A,NORMAL,89.5,73.2,NONE,TSK-1004
2026-09-20T06:20:15Z,CAT-D11-401,OP-105,16480.35,1976.5,78.8,3.0,25.72,0.0,1,DOZING,FASTENED,15.0,STAGING_BAY_4,MUDDY,95.9,77.0,NONE,TSK-1002
2026-09-20T06:21:00Z,CAT-797F-101,OP-101,8420.86,1543.9,48.7,32.3,23.91,0.0,1,HAULING_EMPTY,FASTENED,37.1,HAUL_ROAD_NORTH,MODERATE,92.2,74.3,NONE,TSK-1008
2026-09-20T06:21:00Z,CAT-797F-102,OP-102,14210.36,1665.0,48.6,34.7,27.01,0.0,1,HAULING_EMPTY,FASTENED,27.4,HAUL_ROAD_SOUTH,SEVERE,90.8,74.6,NONE,TSK-1027
2026-09-20T06:21:00Z,CAT-6060-201,OP-103,5120.56,1902.2,84.7,3.0,41.87,0.0,0,EXCAVATING,FASTENED,15.9,PIT_FLOOR_BENCH_B,SEVERE,95.9,76.7,NONE,TSK-1005
2026-09-20T06:21:00Z,CAT-994K-301,OP-104,9861.16,1455.0,61.6,0.1,14.87,3.0,2,LOADING,FASTENED,8.1,PIT_FLOOR_BENCH_A,NORMAL,89.6,73.4,NONE,TSK-1004
2026-09-20T06:21:00Z,CAT-D11-401,OP-105,16480.36,2019.6,91.6,3.5,26.64,0.0,1,DOZING,FASTENED,16.4,STAGING_BAY_4,MUDDY,96.1,77.2,NONE,TSK-1002
2026-09-20T06:21:45Z,CAT-797F-101,OP-101,8420.88,1709.8,61.4,34.1,24.61,0.0,1,HAULING_EMPTY,FASTENED,29.5,HAUL_ROAD_NORTH,MODERATE,92.0,74.4,NONE,TSK-1008
2026-09-20T06:21:45Z,CAT-797F-102,OP-102,14210.38,1653.7,52.5,36.6,27.78,0.0,1,HAULING_EMPTY,FASTENED,47.6,HAUL_ROAD_SOUTH,SEVERE,91.0,74.6,NONE,TSK-1027
2026-09-20T06:21:45Z,CAT-6060-201,OP-103,5120.57,1996.5,79.6,3.3,43.31,0.0,0,EXCAVATING,FASTENED,17.8,PIT_FLOOR_BENCH_B,SEVERE,95.9,76.8,NONE,TSK-1005
2026-09-20T06:21:45Z,CAT-994K-301,OP-104,9861.18,1582.3,63.4,0.5,15.44,3.0,2,LOADING,FASTENED,7.0,PIT_FLOOR_BENCH_A,NORMAL,89.7,73.5,NONE,TSK-1004
2026-09-20T06:21:45Z,CAT-D11-401,OP-105,16480.38,1933.4,84.0,4.4,27.56,0.0,1,DOZING,FASTENED,18.2,STAGING_BAY_4,MUDDY,96.2,77.3,NONE,TSK-1002
2026-09-20T06:22:30Z,CAT-797F-101,OP-101,8420.89,1666.0,53.2,41.5,25.31,0.0,1,HAULING_EMPTY,FASTENED,37.8,HAUL_ROAD_NORTH,MODERATE,91.8,74.4,NONE,TSK-1008
2026-09-20T06:22:30Z,CAT-797F-102,OP-102,14210.39,1806.1,51.2,33.3,28.55,0.0,1,HAULING_EMPTY,FASTENED,40.0,HAUL_ROAD_SOUTH,SEVERE,91.1,74.6,NONE,TSK-1027
2026-09-20T06:22:30Z,CAT-6060-201,OP-103,5120.59,2010.3,87.9,4.2,44.76,0.0,0,EXCAVATING,FASTENED,11.7,PIT_FLOOR_BENCH_B,SEVERE,96.1,77.0,NONE,TSK-1005
2026-09-20T06:22:30Z,CAT-994K-301,OP-104,9861.19,1737.2,60.6,0.4,16.01,3.0,2,LOADING,FASTENED,10.7,PIT_FLOOR_BENCH_A,NORMAL,89.8,73.6,NONE,TSK-1004
2026-09-20T06:22:30Z,CAT-D11-401,OP-105,16480.39,1957.1,84.3,2.9,28.48,0.0,1,DOZING,FASTENED,15.8,STAGING_BAY_4,MUDDY,96.3,77.4,NONE,TSK-1002
2026-09-20T06:23:15Z,CAT-797F-101,OP-101,8420.9,1730.9,47.8,34.0,26.02,0.0,1,HAULING_EMPTY,FASTENED,39.9,HAUL_ROAD_NORTH,MODERATE,91.6,74.3,NONE,TSK-1008
2026-09-20T06:23:15Z,CAT-797F-102,OP-102,14210.4,1626.3,48.9,37.5,29.32,0.0,1,HAULING_EMPTY,FASTENED,26.8,HAUL_ROAD_SOUTH,SEVERE,91.2,74.5,NONE,TSK-1027
2026-09-20T06:23:15Z,CAT-6060-201,OP-103,5120.6,2036.6,76.5,4.7,46.2,0.0,0,EXCAVATING,FASTENED,17.2,PIT_FLOOR_BENCH_B,SEVERE,96.1,77.1,NONE,TSK-1005
2026-09-20T06:23:15Z,CAT-994K-301,OP-104,9861.2,1491.2,67.3,0.7,16.57,3.0,2,LOADING,FASTENED,7.2,PIT_FLOOR_BENCH_B,NORMAL,89.9,73.8,NONE,TSK-1004
2026-09-20T06:23:15Z,CAT-D11-401,OP-105,16480.4,1909.3,87.1,1.2,29.4,0.0,1,DOZING,FASTENED,13.8,STAGING_BAY_4,MUDDY,96.4,77.5,NONE,TSK-1002
2026-09-20T06:24:00Z,CAT-797F-101,OP-101,8420.91,1532.2,57.4,24.1,26.72,0.0,1,HAULING_EMPTY,FASTENED,40.2,HAUL_ROAD_NORTH,MODERATE,91.5,74.4,NONE,TSK-1008
2026-09-20T06:24:00Z,CAT-797F-102,OP-102,14210.41,1630.2,60.7,39.4,30.08,0.0,1,HAULING_EMPTY,FASTENED,37.8,HAUL_ROAD_SOUTH,SEVERE,91.5,74.6,NONE,TSK-1027
2026-09-20T06:24:00Z,CAT-6060-201,OP-103,5120.61,2039.2,81.1,3.6,47.64,0.0,0,EXCAVATING,FASTENED,20.7,PIT_FLOOR_BENCH_B,SEVERE,96.2,77.2,NONE,TSK-1005
2026-09-20T06:24:00Z,CAT-994K-301,OP-104,9861.21,1622.2,65.7,0.9,17.14,3.0,2,LOADING,FASTENED,10.7,PIT_FLOOR_BENCH_B,NORMAL,90.0,73.9,NONE,TSK-1004
2026-09-20T06:24:00Z,CAT-D11-401,OP-105,16480.41,1802.5,91.8,1.7,30.32,0.0,1,DOZING,FASTENED,20.9,STAGING_BAY_4,MUDDY,96.5,77.7,NONE,TSK-1002
2026-09-20T06:24:45Z,CAT-797F-101,OP-101,8420.93,1658.5,60.7,40.8,27.42,0.0,1,HAULING_EMPTY,FASTENED,52.6,HAUL_ROAD_NORTH,MODERATE,91.4,74.4,NONE,TSK-1008
2026-09-20T06:24:45Z,CAT-797F-102,OP-102,14210.43,1503.0,53.4,25.9,30.85,0.0,1,HAULING_EMPTY,FASTENED,54.4,HAUL_ROAD_SOUTH,SEVERE,91.6,74.6,NONE,TSK-1027
2026-09-20T06:24:45Z,CAT-6060-201,OP-103,5120.62,2046.7,85.3,3.0,49.09,0.0,0,EXCAVATING,FASTENED,21.1,PIT_FLOOR_BENCH_B,SEVERE,96.3,77.3,NONE,TSK-1005
2026-09-20T06:24:45Z,CAT-994K-301,OP-104,9861.23,1590.4,58.9,0.1,17.71,3.0,2,LOADING,FASTENED,6.8,PIT_FLOOR_BENCH_B,NORMAL,90.0,74.0,NONE,TSK-1004
2026-09-20T06:24:45Z,CAT-D11-401,OP-105,16480.43,1827.2,78.5,3.9,31.24,0.0,1,DOZING,FASTENED,19.1,STAGING_BAY_4,MUDDY,96.5,77.7,NONE,TSK-1002
2026-09-20T06:25:30Z,CAT-797F-101,OP-101,8420.94,1556.2,59.1,39.7,28.12,0.0,1,HAULING_EMPTY,FASTENED,49.3,HAUL_ROAD_NORTH,MODERATE,91.3,74.5,NONE,TSK-1008
2026-09-20T06:25:30Z,CAT-797F-102,OP-102,14210.44,1527.8,55.4,27.2,31.62,0.0,1,HAULING_EMPTY,FASTENED,26.6,HAUL_ROAD_SOUTH,SEVERE,91.7,74.6,NONE,TSK-1027
2026-09-20T06:25:30Z,CAT-6060-201,OP-103,5120.64,1824.4,80.0,1.9,50.53,0.0,0,EXCAVATING,FASTENED,18.6,PIT_FLOOR_BENCH_B,SEVERE,96.3,77.4,NONE,TSK-1005
2026-09-20T06:25:30Z,CAT-994K-301,OP-104,9861.24,1540.6,69.5,0.0,18.28,3.0,2,LOADING,FASTENED,9.3,PIT_FLOOR_BENCH_B,NORMAL,90.2,74.1,NONE,TSK-1004
2026-09-20T06:25:30Z,CAT-D11-401,OP-105,16480.44,1768.6,77.2,2.2,32.16,0.0,1,DOZING,FASTENED,13.7,STAGING_BAY_4,MUDDY,96.5,77.8,NONE,TSK-1002
2026-09-20T06:26:15Z,CAT-797F-101,OP-101,8420.95,1725.1,48.2,26.1,28.83,0.0,1,HAULING_EMPTY,FASTENED,52.2,HAUL_ROAD_NORTH,MODERATE,91.1,74.5,NONE,TSK-1008
2026-09-20T06:26:15Z,CAT-797F-102,OP-102,14210.45,1696.7,46.4,26.3,32.39,0.0,1,HAULING_EMPTY,FASTENED,27.1,HAUL_ROAD_SOUTH,SEVERE,91.7,74.5,NONE,TSK-1027
2026-09-20T06:26:15Z,CAT-6060-201,OP-103,5120.65,1931.7,82.9,3.2,51.98,0.0,0,EXCAVATING,FASTENED,14.6,PIT_FLOOR_BENCH_B,SEVERE,96.4,77.4,NONE,TSK-1005
2026-09-20T06:26:15Z,CAT-994K-301,OP-104,9861.25,1649.2,59.4,0.3,18.85,3.0,2,LOADING,FASTENED,9.8,PIT_FLOOR_BENCH_B,NORMAL,90.2,74.2,NONE,TSK-1004
2026-09-20T06:26:15Z,CAT-D11-401,OP-105,16480.45,1774.6,83.5,3.8,33.07,0.0,1,DOZING,FASTENED,9.1,STAGING_BAY_4,MUDDY,96.6,77.8,NONE,TSK-1002
2026-09-20T06:27:00Z,CAT-797F-101,OP-101,8420.96,1675.2,52.1,34.0,29.53,0.0,1,HAULING_EMPTY,FASTENED,26.9,HAUL_ROAD_NORTH,MODERATE,91.0,74.4,NONE,TSK-1008
2026-09-20T06:27:00Z,CAT-797F-102,OP-102,14210.46,1132.5,35.3,2.1,32.95,0.0,1,SPOTTING,FASTENED,7.2,CRUSHER_FEED_1,SEVERE,91.6,74.4,NONE,TSK-1027
2026-09-20T06:27:00Z,CAT-6060-201,OP-103,5120.66,1992.6,83.6,3.1,53.42,0.0,0,EXCAVATING,FASTENED,14.4,PIT_FLOOR_BENCH_B,SEVERE,96.4,77.5,NONE,TSK-1005
2026-09-20T06:27:00Z,CAT-994K-301,OP-104,9861.26,1588.7,71.1,0.9,19.42,3.0,2,LOADING,FASTENED,8.0,PIT_FLOOR_BENCH_B,NORMAL,90.3,74.4,NONE,TSK-1004
2026-09-20T06:27:00Z,CAT-D11-401,OP-105,16480.46,1973.7,86.0,1.2,33.99,0.0,1,DOZING,FASTENED,12.8,STAGING_BAY_4,MUDDY,96.6,77.9,NONE,TSK-1002
2026-09-20T06:27:45Z,CAT-797F-101,OP-101,8420.98,1799.1,43.4,40.3,30.23,0.0,1,HAULING_EMPTY,FASTENED,23.0,HAUL_ROAD_NORTH,MODERATE,90.7,74.4,NONE,TSK-1008
2026-09-20T06:27:45Z,CAT-797F-102,OP-102,14210.48,1315.3,44.3,3.1,33.52,0.0,1,SPOTTING,FASTENED,11.3,CRUSHER_FEED_1,SEVERE,91.6,74.3,NONE,TSK-1027
2026-09-20T06:27:45Z,CAT-6060-201,OP-103,5120.67,2047.9,82.3,4.5,54.86,0.0,0,EXCAVATING,FASTENED,20.7,PIT_FLOOR_BENCH_B,SEVERE,96.5,77.6,NONE,TSK-1005
2026-09-20T06:27:45Z,CAT-994K-301,OP-104,9861.28,1485.6,74.9,0.5,19.99,3.0,2,LOADING,FASTENED,6.6,PIT_FLOOR_BENCH_B,NORMAL,90.5,74.5,NONE,TSK-1004
2026-09-20T06:27:45Z,CAT-D11-401,OP-105,16480.48,2000.4,89.4,4.9,34.91,0.0,1,DOZING,FASTENED,14.5,STAGING_BAY_4,MUDDY,96.7,78.1,NONE,TSK-1002
2026-09-20T06:28:30Z,CAT-797F-101,OP-101,8420.99,1621.4,46.6,32.1,30.94,0.0,1,HAULING_EMPTY,FASTENED,27.1,HAUL_ROAD_NORTH,MODERATE,90.5,74.3,NONE,TSK-1008
2026-09-20T06:28:30Z,CAT-797F-102,OP-102,14210.49,1345.1,44.2,0.6,34.08,0.0,1,SPOTTING,FASTENED,11.5,CRUSHER_FEED_1,SEVERE,91.6,74.3,NONE,TSK-1027
2026-09-20T06:28:30Z,CAT-6060-201,OP-103,5120.69,2030.9,91.9,2.0,56.31,0.0,0,EXCAVATING,FASTENED,8.9,PIT_FLOOR_BENCH_B,SEVERE,96.6,77.8,NONE,TSK-1005
2026-09-20T06:28:30Z,CAT-994K-301,OP-104,9861.29,1651.6,72.4,0.3,20.56,3.0,2,LOADING,FASTENED,6.2,PIT_FLOOR_BENCH_B,NORMAL,90.6,74.7,NONE,TSK-1004
2026-09-20T06:28:30Z,CAT-D11-401,OP-105,16480.49,1911.9,89.3,4.1,35.83,0.0,1,DOZING,FASTENED,10.0,STAGING_BAY_4,MUDDY,96.8,78.2,NONE,TSK-1002
2026-09-20T06:29:15Z,CAT-797F-101,OP-101,8421.0,1261.7,44.4,2.7,31.45,0.0,1,SPOTTING,FASTENED,8.3,CRUSHER_FEED_1,MODERATE,90.4,74.3,NONE,TSK-1008
2026-09-20T06:29:15Z,CAT-797F-102,OP-102,14210.5,1540.2,56.2,1.1,34.8,0.0,1,LOADING,FASTENED,10.4,PIT_FLOOR_BENCH_B,SEVERE,91.8,74.3,NONE,TSK-1027
2026-09-20T06:29:15Z,CAT-6060-201,OP-103,5120.7,1937.8,83.1,3.0,57.75,0.0,0,EXCAVATING,FASTENED,21.6,PIT_FLOOR_BENCH_B,SEVERE,96.7,77.9,NONE,TSK-1005
2026-09-20T06:29:15Z,CAT-994K-301,OP-104,9861.3,1685.7,61.4,0.5,21.13,3.0,2,LOADING,FASTENED,6.7,PIT_FLOOR_BENCH_B,NORMAL,90.6,74.7,NONE,TSK-1004
2026-09-20T06:29:15Z,CAT-D11-401,OP-105,16480.5,1976.3,84.0,4.4,36.75,0.0,1,DOZING,FASTENED,12.2,STAGING_BAY_4,MUDDY,96.9,78.2,NONE,TSK-1002
2026-09-20T06:30:00Z,CAT-797F-101,OP-101,8421.01,1356.1,41.0,3.1,31.97,0.0,1,SPOTTING,FASTENED,10.7,CRUSHER_FEED_1,MODERATE,90.1,74.2,NONE,TSK-1008
2026-09-20T06:30:00Z,CAT-797F-102,OP-102,14210.51,1522.9,59.1,0.8,35.52,0.0,1,LOADING,FASTENED,10.6,PIT_FLOOR_BENCH_B,SEVERE,91.9,74.4,NONE,TSK-1027
2026-09-20T06:30:00Z,CAT-6060-201,OP-103,5120.71,1777.7,88.8,1.8,59.19,0.0,0,EXCAVATING,FASTENED,11.8,PIT_FLOOR_BENCH_B,SEVERE,96.8,78.0,NONE,TSK-1005
2026-09-20T06:30:00Z,CAT-994K-301,OP-104,9861.31,1712.1,58.8,0.9,21.69,3.0,2,LOADING,FASTENED,9.6,PIT_FLOOR_BENCH_B,NORMAL,90.6,74.8,NONE,TSK-1004
2026-09-20T06:30:00Z,CAT-D11-401,OP-105,16480.51,1893.8,91.5,2.3,37.67,0.0,1,DOZING,FASTENED,21.4,STAGING_BAY_4,MUDDY,97.0,78.4,NONE,TSK-1002
2026-09-20T06:30:45Z,CAT-797F-101,OP-101,8421.03,1369.4,33.9,3.2,32.48,0.0,1,SPOTTING,FASTENED,10.1,CRUSHER_FEED_1,MODERATE,89.9,74.0,NONE,TSK-1008
2026-09-20T06:30:45Z,CAT-797F-102,OP-102,14210.53,1631.3,59.1,1.1,36.23,0.0,1,LOADING,FASTENED,8.8,PIT_FLOOR_BENCH_B,SEVERE,92.1,74.4,NONE,TSK-1027
2026-09-20T06:30:45Z,CAT-6060-201,OP-103,5120.72,1842.5,81.8,4.5,60.64,0.0,0,EXCAVATING,FASTENED,14.5,PIT_FLOOR_BENCH_B,SEVERE,96.8,78.0,NONE,TSK-1005
2026-09-20T06:30:45Z,CAT-994K-301,OP-104,9861.33,1678.5,61.4,0.2,22.26,3.0,2,LOADING,FASTENED,7.6,PIT_FLOOR_BENCH_B,NORMAL,90.6,74.8,NONE,TSK-1004
2026-09-20T06:30:45Z,CAT-D11-401,OP-105,16480.53,2009.2,89.1,1.1,38.59,0.0,1,DOZING,FASTENED,15.7,STAGING_BAY_4,MUDDY,97.1,78.4,NONE,TSK-1002
2026-09-20T06:31:30Z,CAT-797F-101,OP-101,8421.04,1508.9,59.6,0.7,33.14,0.0,1,LOADING,FASTENED,7.2,PIT_FLOOR_BENCH_A,MODERATE,89.9,74.1,NONE,TSK-1008
2026-09-20T06:31:30Z,CAT-797F-102,OP-102,14210.54,1733.0,61.8,0.9,36.95,0.0,1,LOADING,FASTENED,8.4,PIT_FLOOR_BENCH_B,SEVERE,92.3,74.5,NONE,TSK-1027
2026-09-20T06:31:30Z,CAT-6060-201,OP-103,5120.74,1971.9,83.8,3.9,62.08,0.0,0,EXCAVATING,FASTENED,12.9,PIT_FLOOR_BENCH_B,SEVERE,96.8,78.1,NONE,TSK-1005
2026-09-20T06:31:30Z,CAT-994K-301,OP-104,9861.34,1701.7,56.5,1.0,22.83,3.0,2,LOADING,FASTENED,6.2,PIT_FLOOR_BENCH_A,NORMAL,90.5,74.8,NONE,TSK-1004
2026-09-20T06:31:30Z,CAT-D11-401,OP-105,16480.54,1819.4,88.4,1.0,39.51,0.0,1,DOZING,FASTENED,15.1,STAGING_BAY_4,MUDDY,97.1,78.5,NONE,TSK-1002
2026-09-20T06:32:15Z,CAT-797F-101,OP-101,8421.05,1650.0,67.3,0.6,33.8,0.0,1,LOADING,FASTENED,8.4,PIT_FLOOR_BENCH_A,MODERATE,90.0,74.3,NONE,TSK-1008
2026-09-20T06:32:15Z,CAT-797F-102,OP-102,14210.55,1615.5,55.2,0.6,37.67,0.0,1,LOADING,FASTENED,7.4,PIT_FLOOR_BENCH_B,SEVERE,92.3,74.5,NONE,TSK-1027
2026-09-20T06:32:15Z,CAT-6060-201,OP-103,5120.75,1755.1,90.4,3.7,63.53,0.0,0,EXCAVATING,FASTENED,19.3,PIT_FLOOR_BENCH_B,SEVERE,96.9,78.2,NONE,TSK-1005
2026-09-20T06:32:15Z,CAT-994K-301,OP-104,9861.35,1478.9,58.0,0.2,23.4,3.0,2,LOADING,FASTENED,8.6,PIT_FLOOR_BENCH_A,NORMAL,90.5,74.9,NONE,TSK-1004
2026-09-20T06:32:15Z,CAT-D11-401,OP-105,16480.55,1830.2,82.5,2.5,40.43,0.0,1,DOZING,FASTENED,13.7,STAGING_BAY_4,MUDDY,97.1,78.6,NONE,TSK-1002
2026-09-20T06:33:00Z,CAT-797F-101,OP-101,8421.06,1517.8,68.7,1.0,34.45,0.0,1,LOADING,FASTENED,9.3,PIT_FLOOR_BENCH_A,MODERATE,90.2,74.4,NONE,TSK-1008
2026-09-20T06:33:00Z,CAT-797F-102,OP-102,14210.56,1801.3,79.5,22.0,38.85,0.0,1,HAULING_LOADED,FASTENED,37.8,HAUL_ROAD_NORTH,SEVERE,92.7,74.7,NONE,TSK-1027
2026-09-20T06:33:00Z,CAT-6060-201,OP-103,5120.76,1774.8,91.1,3.6,64.97,0.0,0,EXCAVATING,FASTENED,12.6,PIT_FLOOR_BENCH_B,SEVERE,97.0,78.3,NONE,TSK-1005
2026-09-20T06:33:00Z,CAT-994K-301,OP-104,9861.36,1718.4,73.4,0.3,23.97,3.0,2,LOADING,FASTENED,10.5,PIT_FLOOR_BENCH_A,NORMAL,90.6,75.0,NONE,TSK-1004
2026-09-20T06:33:00Z,CAT-D11-401,OP-105,16480.56,1920.0,80.2,4.7,41.34,0.0,1,DOZING,FASTENED,17.6,STAGING_BAY_4,MUDDY,97.1,78.6,NONE,TSK-1002
2026-09-20T06:33:45Z,CAT-797F-101,OP-101,8421.08,1647.4,58.6,1.0,35.11,0.0,1,LOADING,FASTENED,6.1,PIT_FLOOR_BENCH_A,MODERATE,90.2,74.4,NONE,TSK-1008
2026-09-20T06:33:45Z,CAT-797F-102,OP-102,14210.58,1736.0,88.4,26.3,40.03,0.0,1,HAULING_LOADED,FASTENED,46.0,HAUL_ROAD_NORTH,SEVERE,93.1,75.0,NONE,TSK-1027
2026-09-20T06:33:45Z,CAT-6060-201,OP-103,5120.77,1919.2,85.8,4.4,66.41,0.0,0,EXCAVATING,FASTENED,17.5,PIT_FLOOR_BENCH_B,SEVERE,97.1,78.4,NONE,TSK-1005
2026-09-20T06:33:45Z,CAT-994K-301,OP-104,9861.38,1671.9,70.8,0.8,24.54,3.0,2,LOADING,FASTENED,6.4,PIT_FLOOR_BENCH_A,NORMAL,90.7,75.1,NONE,TSK-1004
2026-09-20T06:33:45Z,CAT-D11-401,OP-105,16480.58,1853.8,76.9,1.9,42.26,0.0,1,DOZING,FASTENED,9.1,STAGING_BAY_4,MUDDY,97.0,78.6,NONE,TSK-1002
2026-09-20T06:34:30Z,CAT-797F-101,OP-101,8421.09,1628.7,74.4,0.4,35.77,0.0,1,LOADING,FASTENED,9.2,PIT_FLOOR_BENCH_A,MODERATE,90.3,74.6,NONE,TSK-1008
2026-09-20T06:34:30Z,CAT-797F-102,OP-102,14210.59,1812.6,76.6,22.9,41.21,0.0,1,HAULING_LOADED,FASTENED,30.5,HAUL_ROAD_NORTH,SEVERE,93.3,75.1,NONE,TSK-1027
2026-09-20T06:34:30Z,CAT-6060-201,OP-103,5120.79,1925.8,82.2,4.1,67.86,0.0,0,EXCAVATING,FASTENED,12.1,PIT_FLOOR_BENCH_B,SEVERE,97.1,78.4,NONE,TSK-1005
2026-09-20T06:34:30Z,CAT-994K-301,OP-104,9861.39,1671.9,61.3,0.1,25.11,3.0,2,LOADING,FASTENED,6.0,PIT_FLOOR_BENCH_A,NORMAL,90.7,75.2,NONE,TSK-1004
2026-09-20T06:34:30Z,CAT-D11-401,OP-105,16480.59,1858.0,80.1,1.5,43.18,0.0,1,DOZING,FASTENED,10.6,STAGING_BAY_4,MUDDY,97.0,78.6,NONE,TSK-1002
2026-09-20T06:35:15Z,CAT-797F-101,OP-101,8421.1,1572.4,55.5,0.4,36.42,0.0,1,LOADING,FASTENED,6.5,PIT_FLOOR_BENCH_A,MODERATE,90.3,74.6,NONE,TSK-1008
2026-09-20T06:35:15Z,CAT-797F-102,OP-102,14210.6,1781.1,79.7,19.6,42.38,0.0,1,HAULING_LOADED,FASTENED,30.9,HAUL_ROAD_NORTH,SEVERE,93.6,75.3,NONE,TSK-1027
2026-09-20T06:35:15Z,CAT-6060-201,OP-103,5120.8,2020.3,92.2,4.9,69.3,0.0,0,EXCAVATING,FASTENED,16.0,PIT_FLOOR_BENCH_B,SEVERE,97.2,78.6,NONE,TSK-1005
2026-09-20T06:35:15Z,CAT-994K-301,OP-104,9861.4,1491.7,61.0,0.6,25.68,3.0,2,LOADING,FASTENED,6.3,PIT_FLOOR_BENCH_A,NORMAL,90.7,75.2,NONE,TSK-1004
2026-09-20T06:35:15Z,CAT-D11-401,OP-105,16480.6,1876.3,84.2,1.3,44.1,0.0,1,DOZING,FASTENED,11.5,STAGING_BAY_4,MUDDY,97.0,78.6,NONE,TSK-1002
2026-09-20T06:36:00Z,CAT-797F-101,OP-101,8421.11,1726.7,78.1,27.9,37.5,0.0,1,HAULING_LOADED,FASTENED,29.3,HAUL_ROAD_SOUTH,MODERATE,90.5,74.8,NONE,TSK-1008
2026-09-20T06:36:00Z,CAT-797F-102,OP-102,14210.61,1901.0,78.6,20.2,43.56,0.0,1,HAULING_LOADED,FASTENED,42.8,HAUL_ROAD_NORTH,SEVERE,93.8,75.5,NONE,TSK-1027
2026-09-20T06:36:00Z,CAT-6060-201,OP-103,5120.81,2042.3,77.6,2.3,70.74,0.0,0,EXCAVATING,FASTENED,21.3,PIT_FLOOR_BENCH_B,SEVERE,97.1,78.6,NONE,TSK-1005
2026-09-20T06:36:00Z,CAT-994K-301,OP-104,9861.41,1739.4,74.4,0.3,26.24,3.0,2,LOADING,FASTENED,9.5,PIT_FLOOR_BENCH_A,NORMAL,90.9,75.3,NONE,TSK-1004
2026-09-20T06:36:00Z,CAT-D11-401,OP-105,16480.61,1922.8,79.6,2.5,45.02,0.0,1,DOZING,FASTENED,19.4,STAGING_BAY_4,MUDDY,97.0,78.6,NONE,TSK-1002
2026-09-20T06:36:45Z,CAT-797F-101,OP-101,8421.13,1841.0,83.8,22.8,38.58,0.0,1,HAULING_LOADED,FASTENED,39.1,HAUL_ROAD_SOUTH,MODERATE,90.8,75.0,NONE,TSK-1008
2026-09-20T06:36:45Z,CAT-797F-102,OP-102,14210.63,1938.3,81.2,24.9,44.74,0.0,1,HAULING_LOADED,FASTENED,32.3,HAUL_ROAD_NORTH,SEVERE,94.1,75.7,NONE,TSK-1027
2026-09-20T06:36:45Z,CAT-6060-201,OP-103,5120.82,1957.9,90.6,4.2,72.19,0.0,0,EXCAVATING,FASTENED,13.7,PIT_FLOOR_BENCH_B,SEVERE,97.2,78.6,NONE,TSK-1005
2026-09-20T06:36:45Z,CAT-994K-301,OP-104,9861.43,1522.6,68.2,0.9,26.81,3.0,2,LOADING,FASTENED,9.9,PIT_FLOOR_BENCH_A,NORMAL,90.9,75.4,NONE,TSK-1004
2026-09-20T06:36:45Z,CAT-D11-401,OP-105,16480.63,2047.2,84.1,2.6,45.94,0.0,1,DOZING,FASTENED,15.1,STAGING_BAY_4,MUDDY,97.0,78.7,NONE,TSK-1002
2026-09-20T06:37:30Z,CAT-797F-101,OP-101,8421.14,1835.9,87.8,20.5,39.66,0.0,1,HAULING_LOADED,FASTENED,45.1,HAUL_ROAD_SOUTH,MODERATE,91.0,75.3,NONE,TSK-1008
2026-09-20T06:37:30Z,CAT-797F-102,OP-102,14210.64,1859.5,73.7,25.6,45.92,0.0,1,HAULING_LOADED,FASTENED,38.4,HAUL_ROAD_NORTH,SEVERE,94.2,75.8,NONE,TSK-1027
2026-09-20T06:37:30Z,CAT-6060-201,OP-103,5120.84,1944.1,75.8,4.9,73.63,0.0,0,EXCAVATING,FASTENED,17.5,PIT_FLOOR_BENCH_B,SEVERE,97.1,78.6,NONE,TSK-1005
2026-09-20T06:37:30Z,CAT-994K-301,OP-104,9861.44,1739.7,63.6,0.0,27.38,3.0,2,LOADING,FASTENED,7.3,PIT_FLOOR_BENCH_A,NORMAL,90.9,75.4,NONE,TSK-1004
2026-09-20T06:37:30Z,CAT-D11-401,OP-105,16480.64,1905.6,86.0,3.3,46.86,0.0,1,DOZING,FASTENED,14.2,STAGING_BAY_4,MUDDY,97.1,78.7,NONE,TSK-1002
2026-09-20T06:38:15Z,CAT-797F-101,OP-101,8421.15,1847.1,82.0,20.3,40.73,0.0,1,HAULING_LOADED,FASTENED,20.7,HAUL_ROAD_SOUTH,MODERATE,91.2,75.5,NONE,TSK-1008
2026-09-20T06:38:15Z,CAT-797F-102,OP-102,14210.65,1804.0,91.2,17.5,47.1,0.0,1,HAULING_LOADED,FASTENED,46.3,HAUL_ROAD_NORTH,SEVERE,94.5,76.0,NONE,TSK-1027
2026-09-20T06:38:15Z,CAT-6060-201,OP-103,5120.85,1843.6,83.7,1.8,75.08,0.0,0,EXCAVATING,FASTENED,14.8,PIT_FLOOR_BENCH_B,SEVERE,97.1,78.7,NONE,TSK-1005
2026-09-20T06:38:15Z,CAT-994K-301,OP-104,9861.45,1659.0,61.4,0.4,27.95,3.0,2,LOADING,FASTENED,10.1,PIT_FLOOR_BENCH_A,NORMAL,90.9,75.5,NONE,TSK-1004
2026-09-20T06:38:15Z,CAT-D11-401,OP-105,16480.65,2004.8,87.3,3.7,47.78,0.0,1,DOZING,FASTENED,10.3,STAGING_BAY_4,MUDDY,97.1,78.8,NONE,TSK-1002
2026-09-20T06:39:00Z,CAT-797F-101,OP-101,8421.16,1743.6,75.2,23.0,41.81,0.0,1,HAULING_LOADED,FASTENED,46.8,HAUL_ROAD_SOUTH,MODERATE,91.3,75.6,NONE,TSK-1008
2026-09-20T06:39:00Z,CAT-797F-102,OP-102,14210.66,1801.3,75.7,24.0,48.28,0.0,1,HAULING_LOADED,FASTENED,32.1,HAUL_ROAD_NORTH,SEVERE,94.7,76.1,NONE,TSK-1027
2026-09-20T06:39:00Z,CAT-6060-201,OP-103,5120.86,1934.2,78.7,3.4,76.52,0.0,0,EXCAVATING,FASTENED,13.4,PIT_FLOOR_BENCH_B,SEVERE,97.1,78.7,NONE,TSK-1005
2026-09-20T06:39:00Z,CAT-994K-301,OP-104,9861.46,1675.7,71.2,0.1,28.52,3.0,2,LOADING,FASTENED,6.5,PIT_FLOOR_BENCH_A,NORMAL,91.0,75.6,NONE,TSK-1004
2026-09-20T06:39:00Z,CAT-D11-401,OP-105,16480.66,1806.1,81.2,2.8,48.69,0.0,1,DOZING,FASTENED,11.7,STAGING_BAY_4,MUDDY,97.1,78.8,NONE,TSK-1002
2026-09-20T06:39:45Z,CAT-797F-101,OP-101,8421.18,1859.8,83.9,23.6,42.89,0.0,1,HAULING_LOADED,FASTENED,36.4,HAUL_ROAD_SOUTH,MODERATE,91.5,75.8,NONE,TSK-1008
2026-09-20T06:39:45Z,CAT-797F-102,OP-102,14210.68,1911.4,84.3,26.2,49.46,0.0,1,HAULING_LOADED,FASTENED,39.8,HAUL_ROAD_NORTH,SEVERE,94.9,76.3,NONE,TSK-1027
2026-09-20T06:39:45Z,CAT-6060-201,OP-103,5120.87,1934.3,76.6,1.5,77.96,0.0,0,EXCAVATING,FASTENED,9.7,PIT_FLOOR_BENCH_B,SEVERE,97.0,78.6,NONE,TSK-1005
2026-09-20T06:39:45Z,CAT-994K-301,OP-104,9861.48,1628.9,66.5,0.5,29.09,3.0,2,LOADING,FASTENED,8.4,PIT_FLOOR_BENCH_B,NORMAL,91.0,75.6,NONE,TSK-1004
2026-09-20T06:39:45Z,CAT-D11-401,OP-105,16480.68,2025.7,92.7,1.7,49.61,0.0,1,DOZING,FASTENED,10.3,STAGING_BAY_4,MUDDY,97.2,78.9,NONE,TSK-1002
2026-09-20T06:40:30Z,CAT-797F-101,OP-101,8421.19,1910.5,84.4,26.8,43.97,0.0,1,HAULING_LOADED,FASTENED,46.7,HAUL_ROAD_SOUTH,MODERATE,91.7,76.0,NONE,TSK-1008
2026-09-20T06:40:30Z,CAT-797F-102,OP-102,14210.69,1328.3,47.4,1.9,50.02,0.0,1,DUMPING,FASTENED,10.2,OVERBURDEN_DUMP_WEST,SEVERE,94.7,76.2,NONE,TSK-1027
2026-09-20T06:40:30Z,CAT-6060-201,OP-103,5120.89,1874.7,91.0,3.0,79.41,0.0,0,EXCAVATING,FASTENED,9.2,PIT_FLOOR_BENCH_B,SEVERE,97.1,78.7,NONE,TSK-1005
2026-09-20T06:40:30Z,CAT-994K-301,OP-104,9861.49,1537.6,60.5,0.6,29.66,3.0,2,LOADING,FASTENED,6.8,PIT_FLOOR_BENCH_B,NORMAL,91.0,75.6,NONE,TSK-1004
2026-09-20T06:40:30Z,CAT-D11-401,OP-105,16480.69,1972.8,89.6,3.2,50.53,0.0,1,DOZING,FASTENED,9.6,STAGING_BAY_4,MUDDY,97.3,79.0,NONE,TSK-1002
2026-09-20T06:41:15Z,CAT-797F-101,OP-101,8421.2,1905.8,79.3,26.3,45.05,0.0,1,HAULING_LOADED,FASTENED,21.2,HAUL_ROAD_SOUTH,MODERATE,91.8,76.1,NONE,TSK-1008
2026-09-20T06:41:15Z,CAT-797F-102,OP-102,14210.7,1253.0,47.8,0.8,50.58,0.0,1,DUMPING,FASTENED,12.7,OVERBURDEN_DUMP_WEST,SEVERE,94.5,76.0,NONE,TSK-1027
2026-09-20T06:41:15Z,CAT-6060-201,OP-103,5120.9,1839.3,94.0,2.8,80.85,0.0,0,EXCAVATING,FASTENED,12.9,PIT_FLOOR_BENCH_B,SEVERE,97.2,78.8,NONE,TSK-1005
2026-09-20T06:41:15Z,CAT-994K-301,OP-104,9861.5,1748.2,70.5,0.3,30.23,3.0,2,LOADING,FASTENED,10.1,PIT_FLOOR_BENCH_B,NORMAL,91.0,75.7,NONE,TSK-1004
2026-09-20T06:41:15Z,CAT-D11-401,OP-105,16480.7,1855.2,88.5,3.5,51.45,0.0,1,DOZING,FASTENED,10.3,STAGING_BAY_4,MUDDY,97.3,79.0,NONE,TSK-1002
2026-09-20T06:42:00Z,CAT-797F-101,OP-101,8421.21,1751.7,73.2,20.4,46.12,0.0,1,HAULING_LOADED,FASTENED,27.9,HAUL_ROAD_SOUTH,MODERATE,91.9,76.2,NONE,TSK-1008
2026-09-20T06:42:00Z,CAT-797F-102,OP-102,14210.71,1190.6,43.3,1.3,51.15,0.0,1,DUMPING,FASTENED,8.5,OVERBURDEN_DUMP_WEST,SEVERE,94.2,75.9,NONE,TSK-1027
2026-09-20T06:42:00Z,CAT-6060-201,OP-103,5120.91,2045.6,87.9,1.4,82.29,0.0,0,EXCAVATING,FASTENED,21.5,PIT_FLOOR_BENCH_B,SEVERE,97.3,78.9,NONE,TSK-1005
2026-09-20T06:42:00Z,CAT-994K-301,OP-104,9861.51,1747.7,72.3,0.2,30.79,3.0,2,LOADING,FASTENED,10.3,PIT_FLOOR_BENCH_B,NORMAL,91.1,75.8,NONE,TSK-1004
2026-09-20T06:42:00Z,CAT-D11-401,OP-105,16480.71,1963.4,90.7,4.0,52.37,0.0,1,DOZING,FASTENED,17.5,STAGING_BAY_4,MUDDY,97.4,79.1,NONE,TSK-1002
2026-09-20T06:42:45Z,CAT-797F-101,OP-101,8421.23,1767.2,80.3,21.6,47.2,0.0,1,HAULING_LOADED,FASTENED,37.7,HAUL_ROAD_SOUTH,MODERATE,92.0,76.3,NONE,TSK-1008
2026-09-20T06:42:45Z,CAT-797F-102,OP-102,14210.73,721.7,15.3,0.0,51.35,0.8,1,IDLE,FASTENED,20.4,STAGING_BAY_4,SEVERE,93.7,75.5,NONE,TSK-1027
2026-09-20T06:42:45Z,CAT-6060-201,OP-103,5120.92,1924.6,91.5,4.4,83.74,0.0,0,EXCAVATING,FASTENED,9.3,PIT_FLOOR_BENCH_B,SEVERE,97.4,79.0,NONE,TSK-1005
2026-09-20T06:42:45Z,CAT-994K-301,OP-104,9861.53,1659.2,72.0,1.0,31.36,3.0,2,LOADING,FASTENED,8.0,PIT_FLOOR_BENCH_B,NORMAL,91.2,75.9,NONE,TSK-1004
2026-09-20T06:42:45Z,CAT-D11-401,OP-105,16480.73,1997.5,84.4,2.3,53.29,0.0,1,DOZING,FASTENED,12.0,STAGING_BAY_4,MUDDY,97.4,79.1,NONE,TSK-1002
2026-09-20T06:43:30Z,CAT-797F-101,OP-101,8421.24,1913.1,87.8,27.2,48.28,0.0,1,HAULING_LOADED,FASTENED,41.3,HAUL_ROAD_SOUTH,MODERATE,92.2,76.5,NONE,TSK-1008
2026-09-20T06:43:30Z,CAT-797F-102,OP-102,14210.74,717.6,15.0,0.0,51.56,1.5,1,IDLE,FASTENED,14.2,STAGING_BAY_4,SEVERE,93.2,75.1,NONE,TSK-1027
2026-09-20T06:43:30Z,CAT-6060-201,OP-103,5120.94,2047.6,83.1,5.0,85.18,0.0,0,EXCAVATING,FASTENED,20.7,PIT_FLOOR_BENCH_A,SEVERE,97.3,79.0,NONE,TSK-1005
2026-09-20T06:43:30Z,CAT-994K-301,OP-104,9861.54,1712.3,72.5,0.1,31.93,3.0,2,LOADING,FASTENED,7.8,PIT_FLOOR_BENCH_B,NORMAL,91.3,76.0,NONE,TSK-1004
2026-09-20T06:43:30Z,CAT-D11-401,OP-105,16480.74,1949.4,87.3,1.2,54.21,0.0,1,DOZING,FASTENED,16.8,STAGING_BAY_4,MUDDY,97.4,79.2,NONE,TSK-1002
2026-09-20T06:44:15Z,CAT-797F-101,OP-101,8421.25,1807.3,73.8,17.2,49.36,0.0,1,HAULING_LOADED,FASTENED,26.0,HAUL_ROAD_SOUTH,MODERATE,92.2,76.6,NONE,TSK-1008
2026-09-20T06:44:15Z,CAT-797F-102,OP-102,14210.75,715.6,13.1,0.0,51.76,2.2,1,IDLE,FASTENED,20.2,STAGING_BAY_4,SEVERE,92.7,74.8,NONE,TSK-1027
2026-09-20T06:44:15Z,CAT-6060-201,OP-103,5120.95,1853.1,77.3,4.4,86.62,0.0,0,EXCAVATING,FASTENED,17.7,PIT_FLOOR_BENCH_A,SEVERE,97.3,79.0,NONE,TSK-1005
2026-09-20T06:44:15Z,CAT-994K-301,OP-104,9861.55,1476.8,71.1,0.1,32.5,3.0,2,LOADING,FASTENED,7.8,PIT_FLOOR_BENCH_B,NORMAL,91.3,76.0,NONE,TSK-1004
2026-09-20T06:44:15Z,CAT-D11-401,OP-105,16480.75,1864.8,90.5,4.5,55.13,0.0,1,DOZING,FASTENED,17.0,STAGING_BAY_4,MUDDY,97.5,79.2,NONE,TSK-1002
2026-09-20T06:45:00Z,CAT-797F-101,OP-101,8421.26,1840.8,84.2,18.1,50.44,0.0,1,HAULING_LOADED,FASTENED,29.8,HAUL_ROAD_SOUTH,MODERATE,92.3,76.7,NONE,TSK-1008
2026-09-20T06:45:00Z,CAT-797F-102,OP-102,14210.76,724.9,15.5,0.0,51.97,3.0,1,IDLE,FASTENED,22.6,STAGING_BAY_4,SEVERE,92.3,74.5,NONE,TSK-1027
2026-09-20T06:45:00Z,CAT-6060-201,OP-103,5120.96,1815.2,92.0,1.6,88.07,0.0,0,EXCAVATING,FASTENED,9.7,PIT_FLOOR_BENCH_A,SEVERE,97.3,79.1,NONE,TSK-1005
2026-09-20T06:45:00Z,CAT-994K-301,OP-104,9861.56,1533.1,56.7,0.7,33.07,3.0,2,LOADING,FASTENED,9.0,PIT_FLOOR_BENCH_A,NORMAL,91.2,76.0,NONE,TSK-1004
2026-09-20T06:45:00Z,CAT-D11-401,OP-105,16480.76,1983.7,88.1,4.4,56.04,0.0,1,DOZING,FASTENED,17.2,STAGING_BAY_4,MUDDY,97.5,79.3,NONE,TSK-1002
2026-09-20T06:45:45Z,CAT-797F-101,OP-101,8421.28,1309.4,36.7,0.6,50.95,0.0,1,DUMPING,FASTENED,13.2,OVERBURDEN_DUMP_WEST,MODERATE,91.9,76.5,NONE,TSK-1008
2026-09-20T06:45:45Z,CAT-797F-102,OP-102,14210.78,709.7,10.7,0.0,52.17,3.8,1,IDLE,FASTENED,21.0,STAGING_BAY_4,SEVERE,91.9,74.1,NONE,TSK-1027
2026-09-20T06:45:45Z,CAT-6060-201,OP-103,5120.97,1908.5,93.6,4.9,89.51,0.0,0,EXCAVATING,FASTENED,21.1,PIT_FLOOR_BENCH_A,SEVERE,97.4,79.2,NONE,TSK-1005
2026-09-20T06:45:45Z,CAT-994K-301,OP-104,9861.58,1620.5,62.3,0.8,33.64,3.0,2,LOADING,FASTENED,9.8,PIT_FLOOR_BENCH_A,NORMAL,91.2,76.0,NONE,TSK-1004
2026-09-20T06:45:45Z,CAT-D11-401,OP-105,16480.78,1926.2,75.3,1.9,56.96,0.0,1,DOZING,FASTENED,20.9,STAGING_BAY_4,MUDDY,97.4,79.2,NONE,TSK-1002
2026-09-20T06:46:30Z,CAT-797F-101,OP-101,8421.29,1180.2,43.4,2.6,51.47,0.0,1,DUMPING,FASTENED,9.7,OVERBURDEN_DUMP_WEST,MODERATE,91.6,76.3,NONE,TSK-1008
2026-09-20T06:46:30Z,CAT-797F-102,OP-102,14210.79,1672.0,45.1,25.5,52.94,3.8,1,HAULING_EMPTY,FASTENED,24.6,RAMP_ACCESS_EAST,SEVERE,91.9,74.1,NONE,TSK-1027
2026-09-20T06:46:30Z,CAT-6060-201,OP-103,5120.99,2042.3,78.0,2.3,90.96,0.0,0,EXCAVATING,FASTENED,16.2,PIT_FLOOR_BENCH_A,SEVERE,97.4,79.1,NONE,TSK-1005
2026-09-20T06:46:30Z,CAT-994K-301,OP-104,9861.59,1642.9,61.2,0.5,34.21,3.0,2,LOADING,FASTENED,10.8,PIT_FLOOR_BENCH_A,NORMAL,91.1,76.0,NONE,TSK-1004
2026-09-20T06:46:30Z,CAT-D11-401,OP-105,16480.79,1823.3,92.6,1.5,57.88,0.0,1,DOZING,FASTENED,16.6,STAGING_BAY_4,MUDDY,97.5,79.3,NONE,TSK-1002
2026-09-20T06:47:15Z,CAT-797F-101,OP-101,8421.3,1284.3,34.8,0.5,51.98,0.0,1,DUMPING,FASTENED,7.5,OVERBURDEN_DUMP_WEST,MODERATE,91.2,76.1,NONE,TSK-1008
2026-09-20T06:47:15Z,CAT-797F-102,OP-102,14210.8,1658.9,48.9,33.1,53.71,3.8,1,HAULING_EMPTY,FASTENED,49.1,RAMP_ACCESS_EAST,SEVERE,91.9,74.1,NONE,TSK-1027
2026-09-20T06:47:15Z,CAT-6060-201,OP-103,5121.0,1861.6,89.2,4.5,92.4,0.0,0,EXCAVATING,FASTENED,18.3,PIT_FLOOR_BENCH_A,SEVERE,97.4,79.2,NONE,TSK-1005
2026-09-20T06:47:15Z,CAT-994K-301,OP-104,9861.6,1550.5,63.6,0.6,34.78,3.0,2,LOADING,FASTENED,7.3,PIT_FLOOR_BENCH_A,NORMAL,91.1,76.0,NONE,TSK-1004
2026-09-20T06:47:15Z,CAT-D11-401,OP-105,16480.8,1938.3,84.4,3.0,58.8,0.0,1,DOZING,FASTENED,8.8,STAGING_BAY_4,MUDDY,97.5,79.3,NONE,TSK-1002
2026-09-20T06:48:00Z,CAT-797F-101,OP-101,8421.31,1786.2,55.5,26.0,52.69,0.0,2,HAULING_EMPTY,FASTENED,46.4,HAUL_ROAD_NORTH,MODERATE,91.1,76.0,NONE,TSK-1008
2026-09-20T06:48:00Z,CAT-797F-102,OP-102,14210.81,1774.8,42.2,24.8,54.48,3.8,1,HAULING_EMPTY,FASTENED,34.0,RAMP_ACCESS_EAST,SEVERE,91.9,74.0,NONE,TSK-1027
2026-09-20T06:48:00Z,CAT-6060-201,OP-103,5121.01,1803.7,93.2,1.1,93.84,0.0,0,EXCAVATING,FASTENED,19.2,PIT_FLOOR_BENCH_A,SEVERE,97.5,79.3,NONE,TSK-1005
2026-09-20T06:48:00Z,CAT-994K-301,OP-104,9861.61,1517.4,60.0,1.1,35.34,3.0,2,LOADING,FASTENED,7.6,PIT_FLOOR_BENCH_A,NORMAL,91.1,76.0,NONE,TSK-1004
2026-09-20T06:48:00Z,CAT-D11-401,OP-105,16480.81,1921.5,77.3,3.7,59.72,0.0,1,DOZING,FASTENED,8.7,STAGING_BAY_4,MUDDY,97.4,79.3,NONE,TSK-1002
2026-09-20T06:48:45Z,CAT-797F-101,OP-101,8421.33,1514.7,50.0,39.3,53.39,0.0,2,HAULING_EMPTY,FASTENED,50.6,HAUL_ROAD_NORTH,MUDDY,91.2,75.9,NONE,TSK-1009
2026-09-20T06:48:45Z,CAT-797F-102,OP-102,14210.83,1599.4,43.7,32.0,55.25,3.8,1,HAULING_EMPTY,FASTENED,34.2,RAMP_ACCESS_EAST,SEVERE,91.9,74.0,NONE,TSK-1027
2026-09-20T06:48:45Z,CAT-6060-201,OP-103,5121.02,1985.4,89.1,2.0,95.29,0.0,0,EXCAVATING,FASTENED,13.2,PIT_FLOOR_BENCH_A,SEVERE,97.5,79.3,NONE,TSK-1005
2026-09-20T06:48:45Z,CAT-994K-301,OP-104,9861.63,1701.6,80.2,18.9,36.28,3.0,2,HAULING_LOADED,FASTENED,29.7,HAUL_ROAD_NORTH,NORMAL,91.2,76.1,NONE,TSK-1004
2026-09-20T06:48:45Z,CAT-D11-401,OP-105,16480.83,2013.2,93.1,1.0,60.64,0.0,1,DOZING,FASTENED,17.2,STAGING_BAY_4,MUDDY,97.5,79.3,NONE,TSK-1002
2026-09-20T06:49:30Z,CAT-797F-101,OP-101,8421.34,1533.3,52.6,28.2,54.09,0.0,2,HAULING_EMPTY,FASTENED,38.2,HAUL_ROAD_NORTH,MUDDY,91.3,75.8,NONE,TSK-1009
2026-09-20T06:49:30Z,CAT-797F-102,OP-102,14210.84,1819.0,56.2,25.6,56.02,3.8,1,HAULING_EMPTY,FASTENED,52.4,RAMP_ACCESS_EAST,SEVERE,92.0,74.0,NONE,TSK-1027
2026-09-20T06:49:30Z,CAT-6060-201,OP-103,5121.04,1905.9,88.3,2.5,96.73,0.0,0,EXCAVATING,FASTENED,21.6,PIT_FLOOR_BENCH_A,SEVERE,97.6,79.4,NONE,TSK-1005
2026-09-20T06:49:30Z,CAT-994K-301,OP-104,9861.64,1733.4,88.4,16.9,37.21,3.0,2,HAULING_LOADED,FASTENED,35.9,HAUL_ROAD_NORTH,NORMAL,91.5,76.3,NONE,TSK-1004
2026-09-20T06:49:30Z,CAT-D11-401,OP-105,16480.84,2039.3,79.5,2.0,61.56,0.0,1,DOZING,FASTENED,12.4,STAGING_BAY_4,MUDDY,97.4,79.3,NONE,TSK-1002
2026-09-20T06:50:15Z,CAT-797F-101,OP-101,8421.35,1735.3,48.4,28.8,54.8,0.0,2,HAULING_EMPTY,FASTENED,24.5,HAUL_ROAD_NORTH,MUDDY,91.4,75.7,NONE,TSK-1009
2026-09-20T06:50:15Z,CAT-797F-102,OP-102,14210.85,1749.6,53.7,26.7,56.78,3.8,1,HAULING_EMPTY,FASTENED,27.4,RAMP_ACCESS_EAST,SEVERE,92.1,74.0,NONE,TSK-1027
2026-09-20T06:50:15Z,CAT-6060-201,OP-103,5121.05,1872.0,85.2,4.9,98.17,0.0,0,EXCAVATING,FASTENED,10.9,PIT_FLOOR_BENCH_A,SEVERE,97.6,79.4,NONE,TSK-1005
2026-09-20T06:50:15Z,CAT-994K-301,OP-104,9861.65,1730.0,75.2,24.6,38.15,3.0,2,HAULING_LOADED,FASTENED,43.1,HAUL_ROAD_NORTH,NORMAL,91.6,76.4,NONE,TSK-1004
2026-09-20T06:50:15Z,CAT-D11-401,OP-105,16480.85,1762.1,90.9,2.3,62.48,0.0,1,DOZING,FASTENED,9.3,STAGING_BAY_4,MUDDY,97.5,79.4,NONE,TSK-1002
2026-09-20T06:51:00Z,CAT-797F-101,OP-101,8421.36,1664.3,55.5,28.6,55.5,0.0,2,HAULING_EMPTY,FASTENED,54.7,HAUL_ROAD_NORTH,MUDDY,91.6,75.7,NONE,TSK-1009
2026-09-20T06:51:00Z,CAT-797F-102,OP-102,14210.86,1629.4,51.0,37.1,57.55,3.8,1,HAULING_EMPTY,FASTENED,30.2,RAMP_ACCESS_EAST,SEVERE,92.1,74.0,NONE,TSK-1027
2026-09-20T06:51:00Z,CAT-6060-201,OP-103,5121.06,1991.2,77.7,1.0,99.62,0.0,0,EXCAVATING,FASTENED,19.6,PIT_FLOOR_BENCH_A,SEVERE,97.5,79.3,NONE,TSK-1005
2026-09-20T06:51:00Z,CAT-994K-301,OP-104,9861.66,1905.9,79.4,23.9,39.08,3.0,2,HAULING_LOADED,FASTENED,38.1,HAUL_ROAD_NORTH,NORMAL,91.7,76.5,NONE,TSK-1004
2026-09-20T06:51:00Z,CAT-D11-401,OP-105,16480.86,1827.6,90.4,1.1,63.39,0.0,1,DOZING,FASTENED,8.9,STAGING_BAY_4,MUDDY,97.5,79.4,NONE,TSK-1002
2026-09-20T06:51:45Z,CAT-797F-101,OP-101,8421.38,1541.2,60.1,38.5,56.2,0.0,2,HAULING_EMPTY,FASTENED,32.9,HAUL_ROAD_NORTH,MUDDY,91.7,75.7,NONE,TSK-1009
2026-09-20T06:51:45Z,CAT-797F-102,OP-102,14210.88,1647.5,45.4,34.0,58.32,3.8,1,HAULING_EMPTY,FASTENED,49.1,RAMP_ACCESS_EAST,SEVERE,92.1,74.0,NONE,TSK-1027
2026-09-20T06:51:45Z,CAT-6060-201,OP-103,5121.07,1758.8,88.0,1.7,101.06,0.0,0,EXCAVATING,FASTENED,11.0,PIT_FLOOR_BENCH_A,SEVERE,97.5,79.4,NONE,TSK-1005
2026-09-20T06:51:45Z,CAT-994K-301,OP-104,9861.68,1920.9,72.7,23.7,40.02,3.0,2,HAULING_LOADED,FASTENED,26.9,HAUL_ROAD_NORTH,NORMAL,91.7,76.6,NONE,TSK-1004
2026-09-20T06:51:45Z,CAT-D11-401,OP-105,16480.88,1873.6,85.5,1.2,64.31,0.0,1,DOZING,FASTENED,11.9,STAGING_BAY_4,MUDDY,97.5,79.4,NONE,TSK-1002
2026-09-20T06:52:30Z,CAT-797F-101,OP-101,8421.39,1783.1,52.5,35.0,56.91,0.0,2,HAULING_EMPTY,FASTENED,48.5,HAUL_ROAD_NORTH,MUDDY,91.8,75.6,NONE,TSK-1009
2026-09-20T06:52:30Z,CAT-797F-102,OP-102,14210.89,1816.6,57.6,30.3,59.09,3.8,1,HAULING_EMPTY,FASTENED,40.0,RAMP_ACCESS_EAST,SEVERE,92.2,74.1,NONE,TSK-1027
2026-09-20T06:52:30Z,CAT-6060-201,OP-103,5121.09,2023.8,84.5,2.6,102.51,0.0,0,EXCAVATING,FASTENED,10.5,PIT_FLOOR_BENCH_A,SEVERE,97.5,79.4,NONE,TSK-1005
2026-09-20T06:52:30Z,CAT-994K-301,OP-104,9861.69,1923.9,87.6,16.7,40.95,3.0,2,HAULING_LOADED,FASTENED,47.8,HAUL_ROAD_NORTH,NORMAL,91.9,76.7,NONE,TSK-1004
2026-09-20T06:52:30Z,CAT-D11-401,OP-105,16480.89,2042.2,76.9,3.6,65.23,0.0,1,DOZING,FASTENED,11.7,STAGING_BAY_4,MUDDY,97.4,79.4,NONE,TSK-1002
2026-09-20T06:53:15Z,CAT-797F-101,OP-101,8421.4,1517.9,61.9,27.8,57.61,0.0,2,HAULING_EMPTY,FASTENED,49.9,HAUL_ROAD_NORTH,MUDDY,92.0,75.6,NONE,TSK-1009
2026-09-20T06:53:15Z,CAT-797F-102,OP-102,14210.9,1613.5,58.8,38.8,59.86,3.8,1,HAULING_EMPTY,FASTENED,27.8,RAMP_ACCESS_EAST,SEVERE,92.3,74.1,NONE,TSK-1027
2026-09-20T06:53:15Z,CAT-6060-201,OP-103,5121.1,1991.9,88.3,4.7,103.95,0.0,0,EXCAVATING,FASTENED,8.4,PIT_FLOOR_BENCH_A,SEVERE,97.5,79.4,NONE,TSK-1005
2026-09-20T06:53:15Z,CAT-994K-301,OP-104,9861.7,1840.9,83.3,18.4,41.88,3.0,2,HAULING_LOADED,FASTENED,47.7,HAUL_ROAD_NORTH,NORMAL,92.1,76.9,NONE,TSK-1004
2026-09-20T06:53:15Z,CAT-D11-401,OP-105,16480.9,1897.7,80.9,3.0,66.15,0.0,1,DOZING,FASTENED,9.3,STAGING_BAY_4,MUDDY,97.4,79.4,NONE,TSK-1002
2026-09-20T06:54:00Z,CAT-797F-101,OP-101,8421.41,1668.5,42.0,40.1,58.31,0.0,2,HAULING_EMPTY,FASTENED,28.6,HAUL_ROAD_NORTH,MUDDY,92.0,75.5,NONE,TSK-1009
2026-09-20T06:54:00Z,CAT-797F-102,OP-102,14210.91,1729.4,60.4,38.8,60.63,3.8,1,HAULING_EMPTY,FASTENED,32.7,RAMP_ACCESS_EAST,SEVERE,92.5,74.2,NONE,TSK-1027
2026-09-20T06:54:00Z,CAT-6060-201,OP-103,5121.11,1926.0,92.4,4.1,105.39,0.0,0,EXCAVATING,FASTENED,19.9,PIT_FLOOR_BENCH_A,SEVERE,97.6,79.5,NONE,TSK-1005
2026-09-20T06:54:00Z,CAT-994K-301,OP-104,9861.71,1793.4,90.8,20.9,42.82,3.0,2,HAULING_LOADED,FASTENED,22.8,HAUL_ROAD_NORTH,NORMAL,92.3,77.1,NONE,TSK-1004
2026-09-20T06:54:00Z,CAT-D11-401,OP-105,16480.91,1790.9,78.0,4.8,67.07,0.0,1,DOZING,FASTENED,19.1,STAGING_BAY_4,MUDDY,97.3,79.3,NONE,TSK-1002
2026-09-20T06:54:45Z,CAT-797F-101,OP-101,8421.43,1555.7,61.4,36.1,59.02,0.0,2,HAULING_EMPTY,FASTENED,52.7,HAUL_ROAD_NORTH,MUDDY,92.1,75.5,NONE,TSK-1009
2026-09-20T06:54:45Z,CAT-797F-102,OP-102,14210.93,1571.4,53.8,27.1,61.4,3.8,1,HAULING_EMPTY,FASTENED,32.1,RAMP_ACCESS_EAST,SEVERE,92.5,74.2,NONE,TSK-1027
2026-09-20T06:54:45Z,CAT-6060-201,OP-103,5121.12,1788.2,88.8,4.8,106.84,0.0,0,EXCAVATING,FASTENED,21.3,PIT_FLOOR_BENCH_A,SEVERE,97.6,79.5,NONE,TSK-1005
2026-09-20T06:54:45Z,CAT-994K-301,OP-104,9861.73,1941.3,72.6,23.5,43.75,3.0,2,HAULING_LOADED,FASTENED,45.8,HAUL_ROAD_NORTH,NORMAL,92.3,77.1,NONE,TSK-1004
2026-09-20T06:54:45Z,CAT-D11-401,OP-105,16480.93,1816.3,85.7,4.7,67.99,0.0,1,DOZING,FASTENED,10.0,STAGING_BAY_4,MUDDY,97.3,79.3,NONE,TSK-1002
2026-09-20T06:55:30Z,CAT-797F-101,OP-101,8421.44,1814.4,45.4,39.5,59.72,0.0,2,HAULING_EMPTY,FASTENED,24.9,HAUL_ROAD_NORTH,MUDDY,92.1,75.4,NONE,TSK-1009
2026-09-20T06:55:30Z,CAT-797F-102,OP-102,14210.94,1704.5,59.7,31.8,62.17,3.8,1,HAULING_EMPTY,FASTENED,30.8,RAMP_ACCESS_EAST,SEVERE,92.6,74.3,NONE,TSK-1027
2026-09-20T06:55:30Z,CAT-6060-201,OP-103,5121.14,1966.1,75.9,2.8,108.28,0.0,0,EXCAVATING,FASTENED,13.9,PIT_FLOOR_BENCH_A,SEVERE,97.5,79.4,NONE,TSK-1005
2026-09-20T06:55:30Z,CAT-994K-301,OP-104,9861.74,1920.4,79.0,20.7,44.69,3.0,2,HAULING_LOADED,FASTENED,43.2,HAUL_ROAD_NORTH,NORMAL,92.3,77.2,NONE,TSK-1004
2026-09-20T06:55:30Z,CAT-D11-401,OP-105,16480.94,1923.4,89.4,1.9,68.91,0.0,1,DOZING,FASTENED,14.3,STAGING_BAY_4,MUDDY,97.4,79.4,ENG-TEMP-HIGH-01,TSK-1002
2026-09-20T06:56:15Z,CAT-797F-101,OP-101,8421.45,1506.4,47.2,25.8,60.42,0.0,2,HAULING_EMPTY,FASTENED,33.3,HAUL_ROAD_NORTH,MUDDY,92.1,75.3,NONE,TSK-1009
2026-09-20T06:56:15Z,CAT-797F-102,OP-102,14210.95,1551.5,43.5,40.5,62.93,3.8,1,HAULING_EMPTY,FASTENED,54.3,RAMP_ACCESS_EAST,SEVERE,92.5,74.2,NONE,TSK-1027
2026-09-20T06:56:15Z,CAT-6060-201,OP-103,5121.15,2045.6,92.0,3.8,109.72,0.0,0,EXCAVATING,FASTENED,14.0,PIT_FLOOR_BENCH_A,SEVERE,97.6,79.5,NONE,TSK-1005
2026-09-20T06:56:15Z,CAT-994K-301,OP-104,9861.75,1808.6,73.1,20.1,45.62,3.0,2,HAULING_LOADED,FASTENED,47.3,HAUL_ROAD_NORTH,NORMAL,92.3,77.2,NONE,TSK-1004
2026-09-20T06:56:15Z,CAT-D11-401,OP-105,16480.95,1916.2,92.6,3.2,69.83,0.0,1,DOZING,FASTENED,17.2,STAGING_BAY_4,MUDDY,97.5,79.5,NONE,TSK-1002
2026-09-20T06:57:00Z,CAT-797F-101,OP-101,8421.46,1625.7,53.0,32.6,61.12,0.0,2,HAULING_EMPTY,FASTENED,23.8,HAUL_ROAD_NORTH,MUDDY,92.2,75.3,NONE,TSK-1009
2026-09-20T06:57:00Z,CAT-797F-102,OP-102,14210.96,1182.5,42.6,2.1,63.5,3.8,1,SPOTTING,FASTENED,8.0,CRUSHER_FEED_1,SEVERE,92.5,74.2,NONE,TSK-1027
2026-09-20T06:57:00Z,CAT-6060-201,OP-103,5121.16,1801.2,80.5,1.3,111.17,0.0,0,EXCAVATING,FASTENED,19.8,PIT_FLOOR_BENCH_A,SEVERE,97.5,79.5,NONE,TSK-1005
2026-09-20T06:57:00Z,CAT-994K-301,OP-104,9861.76,1822.3,85.2,17.1,46.56,3.0,2,HAULING_LOADED,FASTENED,35.2,HAUL_ROAD_NORTH,NORMAL,92.5,77.3,NONE,TSK-1004
2026-09-20T06:57:00Z,CAT-D11-401,OP-105,16480.96,2015.6,82.0,2.8,70.74,0.0,1,DOZING,FASTENED,11.7,STAGING_BAY_4,MUDDY,97.4,79.4,NONE,TSK-1002
2026-09-20T06:57:45Z,CAT-797F-101,OP-101,8421.48,1585.9,43.2,37.2,61.83,0.0,2,HAULING_EMPTY,FASTENED,44.0,HAUL_ROAD_NORTH,MUDDY,92.1,75.1,NONE,TSK-1009
2026-09-20T06:57:45Z,CAT-797F-102,OP-102,14210.98,1196.3,40.7,3.1,64.06,3.8,1,SPOTTING,FASTENED,10.9,CRUSHER_FEED_1,SEVERE,92.4,74.1,NONE,TSK-1027
2026-09-20T06:57:45Z,CAT-6060-201,OP-103,5121.17,2002.2,90.5,2.7,112.61,0.0,0,EXCAVATING,FASTENED,15.5,PIT_FLOOR_BENCH_A,SEVERE,97.6,79.5,NONE,TSK-1005
2026-09-20T06:57:45Z,CAT-994K-301,OP-104,9861.78,1920.4,81.5,17.0,47.49,3.0,2,HAULING_LOADED,FASTENED,45.3,HAUL_ROAD_NORTH,NORMAL,92.5,77.4,NONE,TSK-1004
2026-09-20T06:57:45Z,CAT-D11-401,OP-105,16480.98,1900.6,92.1,4.2,71.66,0.0,1,DOZING,FASTENED,17.5,STAGING_BAY_4,MUDDY,97.5,79.5,NONE,TSK-1002
2026-09-20T06:58:30Z,CAT-797F-101,OP-101,8421.49,1742.3,45.5,41.2,62.53,0.0,2,HAULING_EMPTY,FASTENED,54.1,HAUL_ROAD_NORTH,MUDDY,92.1,75.1,NONE,TSK-1009
2026-09-20T06:58:30Z,CAT-797F-102,OP-102,14210.99,1577.0,74.8,0.5,64.78,3.8,1,LOADING,FASTENED,11.0,PIT_FLOOR_BENCH_A,SEVERE,92.6,74.3,NONE,TSK-1027
2026-09-20T06:58:30Z,CAT-6060-201,OP-103,5121.19,2000.2,79.9,4.6,114.06,0.0,0,EXCAVATING,FASTENED,20.8,PIT_FLOOR_BENCH_A,SEVERE,97.5,79.5,NONE,TSK-1005
2026-09-20T06:58:30Z,CAT-994K-301,OP-104,9861.79,1605.9,73.3,0.0,48.06,3.0,3,LOADING,FASTENED,9.5,PIT_FLOOR_BENCH_B,NORMAL,92.5,77.4,NONE,TSK-1004
2026-09-20T06:58:30Z,CAT-D11-401,OP-105,16480.99,1984.5,77.1,1.6,72.58,0.0,1,DOZING,FASTENED,15.9,STAGING_BAY_4,MUDDY,97.4,79.4,NONE,TSK-1002
2026-09-20T06:59:15Z,CAT-797F-101,OP-101,8421.5,1359.0,41.0,0.8,63.05,0.0,2,SPOTTING,FASTENED,8.6,CRUSHER_FEED_1,MUDDY,92.0,74.9,NONE,TSK-1009
2026-09-20T06:59:15Z,CAT-797F-102,OP-102,14211.0,1553.2,63.2,0.5,65.5,3.8,1,LOADING,FASTENED,8.4,PIT_FLOOR_BENCH_A,SEVERE,92.8,74.4,NONE,TSK-1027
2026-09-20T06:59:15Z,CAT-6060-201,OP-103,5121.2,1761.2,80.2,1.6,115.5,0.0,0,EXCAVATING,FASTENED,16.5,PIT_FLOOR_BENCH_A,SEVERE,97.4,79.5,ENG-TEMP-HIGH-01,TSK-1005
2026-09-20T06:59:15Z,CAT-994K-301,OP-104,9861.8,1716.9,61.6,0.3,48.63,3.0,3,LOADING,FASTENED,9.7,PIT_FLOOR_BENCH_B,NORMAL,92.4,77.3,NONE,TSK-1004
2026-09-20T06:59:15Z,CAT-D11-401,OP-105,16481.0,2019.1,75.4,4.3,73.5,0.0,1,DOZING,FASTENED,12.2,STAGING_BAY_4,MUDDY,97.3,79.4,NONE,TSK-1002
2026-09-20T07:00:00Z,CAT-797F-101,OP-101,8421.51,1294.9,33.6,2.8,63.56,0.0,2,SPOTTING,FASTENED,7.5,CRUSHER_FEED_1,MUDDY,91.9,74.7,NONE,TSK-1009
2026-09-20T07:00:00Z,CAT-797F-102,OP-102,14211.01,1582.9,71.5,0.3,66.21,3.8,1,LOADING,FASTENED,8.1,PIT_FLOOR_BENCH_A,SEVERE,93.0,74.5,NONE,TSK-1027
2026-09-20T07:00:00Z,CAT-6060-201,OP-103,5121.21,1806.4,79.0,4.3,116.94,0.0,0,EXCAVATING,FASTENED,18.4,PIT_FLOOR_BENCH_A,SEVERE,97.4,79.4,NONE,TSK-1005
2026-09-20T07:00:00Z,CAT-994K-301,OP-104,9861.81,1696.3,65.3,0.2,49.2,3.0,3,LOADING,FASTENED,7.6,PIT_FLOOR_BENCH_B,NORMAL,92.3,77.3,NONE,TSK-1004
2026-09-20T07:00:00Z,CAT-D11-401,OP-105,16481.01,1790.7,91.2,4.5,74.42,0.0,1,DOZING,FASTENED,8.4,STAGING_BAY_4,MUDDY,97.4,79.4,NONE,TSK-1002
2026-09-20T07:00:45Z,CAT-797F-101,OP-101,8421.53,1459.9,56.0,0.4,64.22,0.0,2,LOADING,FASTENED,7.0,PIT_FLOOR_BENCH_A,MUDDY,92.0,74.8,NONE,TSK-1009
2026-09-20T07:00:45Z,CAT-797F-102,OP-102,14211.03,1589.3,62.9,1.1,66.93,3.8,1,LOADING,FASTENED,9.4,PIT_FLOOR_BENCH_A,SEVERE,93.1,74.6,NONE,TSK-1027
2026-09-20T07:00:45Z,CAT-6060-201,OP-103,5121.22,1896.6,83.5,4.8,118.39,0.0,0,EXCAVATING,FASTENED,14.6,PIT_FLOOR_BENCH_A,SEVERE,97.3,79.4,NONE,TSK-1005
2026-09-20T07:00:45Z,CAT-994K-301,OP-104,9861.83,1701.3,60.2,1.0,49.77,3.0,3,LOADING,FASTENED,6.5,PIT_FLOOR_BENCH_B,NORMAL,92.1,77.2,NONE,TSK-1004
2026-09-20T07:00:45Z,CAT-D11-401,OP-105,16481.03,1764.9,91.2,4.1,75.34,0.0,1,DOZING,FASTENED,11.0,STAGING_BAY_4,MUDDY,97.4,79.5,NONE,TSK-1002
2026-09-20T07:01:30Z,CAT-797F-101,OP-101,8421.54,1512.0,68.0,0.6,64.88,0.0,2,LOADING,FASTENED,10.3,PIT_FLOOR_BENCH_A,MUDDY,92.3,74.9,NONE,TSK-1009
2026-09-20T07:01:30Z,CAT-797F-102,OP-102,14211.04,1654.7,64.5,0.2,67.65,3.8,1,LOADING,FASTENED,6.9,PIT_FLOOR_BENCH_A,SEVERE,93.2,74.7,NONE,TSK-1027
2026-09-20T07:01:30Z,CAT-6060-201,OP-103,5121.24,1817.1,86.6,4.8,119.83,0.0,0,EXCAVATING,FASTENED,18.0,PIT_FLOOR_BENCH_A,SEVERE,97.4,79.4,NONE,TSK-1005
2026-09-20T07:01:30Z,CAT-994K-301,OP-104,9861.84,1718.6,72.0,0.6,50.33,3.0,3,LOADING,FASTENED,7.1,PIT_FLOOR_BENCH_B,NORMAL,92.1,77.2,NONE,TSK-1004
2026-09-20T07:01:30Z,CAT-D11-401,OP-105,16481.04,1869.1,76.9,3.0,76.26,0.0,1,DOZING,FASTENED,17.3,STAGING_BAY_4,MUDDY,97.3,79.4,NONE,TSK-1002
2026-09-20T07:02:15Z,CAT-797F-101,OP-101,8421.55,1644.2,67.2,0.4,65.53,0.0,2,LOADING,FASTENED,6.5,PIT_FLOOR_BENCH_A,MUDDY,92.5,75.0,NONE,TSK-1009
2026-09-20T07:02:15Z,CAT-797F-102,OP-102,14211.05,1781.3,77.5,24.2,68.83,3.8,1,HAULING_LOADED,FASTENED,46.7,RAMP_ACCESS_EAST,SEVERE,93.5,74.9,NONE,TSK-1027
2026-09-20T07:02:15Z,CAT-6060-201,OP-103,5121.25,1806.5,84.8,2.0,121.27,0.0,0,EXCAVATING,FASTENED,8.8,PIT_FLOOR_BENCH_A,SEVERE,97.4,79.4,NONE,TSK-1005
2026-09-20T07:02:15Z,CAT-994K-301,OP-104,9861.85,1571.2,61.4,0.2,50.9,3.0,3,LOADING,FASTENED,6.1,PIT_FLOOR_BENCH_B,NORMAL,92.0,77.2,NONE,TSK-1004
2026-09-20T07:02:15Z,CAT-D11-401,OP-105,16481.05,1838.7,92.2,2.6,77.18,0.0,1,DOZING,FASTENED,18.3,STAGING_BAY_4,MUDDY,97.4,79.5,NONE,TSK-1002
2026-09-20T07:03:00Z,CAT-797F-101,OP-101,8421.56,1694.8,61.9,0.9,66.19,0.0,2,LOADING,FASTENED,9.4,PIT_FLOOR_BENCH_A,MUDDY,92.6,75.0,NONE,TSK-1009
2026-09-20T07:03:00Z,CAT-797F-102,OP-102,14211.06,1818.9,90.8,20.5,70.01,3.8,1,HAULING_LOADED,FASTENED,28.4,RAMP_ACCESS_EAST,SEVERE,93.8,75.2,NONE,TSK-1027
2026-09-20T07:03:00Z,CAT-6060-201,OP-103,5121.26,1947.3,85.6,2.2,122.72,0.0,0,EXCAVATING,FASTENED,14.6,PIT_FLOOR_BENCH_A,SEVERE,97.4,79.5,NONE,TSK-1005
2026-09-20T07:03:00Z,CAT-994K-301,OP-104,9861.86,1646.3,59.4,0.3,51.47,3.0,3,LOADING,FASTENED,10.4,PIT_FLOOR_BENCH_B,NORMAL,91.9,77.1,NONE,TSK-1004
2026-09-20T07:03:00Z,CAT-D11-401,OP-105,16481.06,2016.1,82.1,3.3,78.09,0.0,1,DOZING,FASTENED,14.5,STAGING_BAY_4,MUDDY,97.4,79.5,NONE,TSK-1002
2026-09-20T07:03:45Z,CAT-797F-101,OP-101,8421.58,1922.4,82.0,26.8,67.27,0.0,2,HAULING_LOADED,FASTENED,30.7,HAUL_ROAD_SOUTH,MUDDY,92.9,75.2,NONE,TSK-1009
2026-09-20T07:03:45Z,CAT-797F-102,OP-102,14211.08,1713.5,89.1,17.7,71.19,3.8,1,HAULING_LOADED,FASTENED,25.6,RAMP_ACCESS_EAST,SEVERE,94.2,75.4,NONE,TSK-1027
2026-09-20T07:03:45Z,CAT-6060-201,OP-103,5121.27,1920.8,92.2,2.8,124.16,0.0,0,EXCAVATING,FASTENED,12.4,PIT_FLOOR_BENCH_A,SEVERE,97.5,79.5,NONE,TSK-1005
2026-09-20T07:03:45Z,CAT-994K-301,OP-104,9861.88,1596.3,67.6,0.2,52.04,3.0,3,LOADING,FASTENED,9.2,PIT_FLOOR_BENCH_B,NORMAL,91.8,77.1,NONE,TSK-1004
2026-09-20T07:03:45Z,CAT-D11-401,OP-105,16481.08,1832.1,89.5,1.7,79.01,0.0,1,DOZING,FASTENED,18.7,STAGING_BAY_4,MUDDY,97.4,79.5,NONE,TSK-1002
2026-09-20T07:04:30Z,CAT-797F-101,OP-101,8421.59,1722.0,84.3,23.9,68.34,0.0,2,HAULING_LOADED,FASTENED,31.3,HAUL_ROAD_SOUTH,MUDDY,93.3,75.4,NONE,TSK-1009
2026-09-20T07:04:30Z,CAT-797F-102,OP-102,14211.09,1795.8,72.8,18.5,72.36,3.8,1,HAULING_LOADED,FASTENED,30.4,RAMP_ACCESS_EAST,SEVERE,94.3,75.5,NONE,TSK-1027
2026-09-20T07:04:30Z,CAT-6060-201,OP-103,5121.29,1846.7,90.8,1.8,125.61,0.0,0,EXCAVATING,FASTENED,17.5,PIT_FLOOR_BENCH_A,SEVERE,97.5,79.6,NONE,TSK-1005
2026-09-20T07:04:30Z,CAT-994K-301,OP-104,9861.89,1658.1,61.9,0.2,52.61,3.0,3,LOADING,FASTENED,7.9,PIT_FLOOR_BENCH_B,NORMAL,91.7,77.0,NONE,TSK-1004
2026-09-20T07:04:30Z,CAT-D11-401,OP-105,16481.09,1800.1,90.7,2.2,79.93,0.0,1,DOZING,FASTENED,12.1,STAGING_BAY_4,MUDDY,97.5,79.6,NONE,TSK-1002
2026-09-20T07:05:15Z,CAT-797F-101,OP-101,8421.6,1784.5,89.8,28.4,69.42,0.0,2,HAULING_LOADED,FASTENED,29.6,HAUL_ROAD_SOUTH,MUDDY,93.7,75.7,NONE,TSK-1009
2026-09-20T07:05:15Z,CAT-797F-102,OP-102,14211.1,1789.8,75.8,27.9,73.54,3.8,1,HAULING_LOADED,FASTENED,45.7,RAMP_ACCESS_EAST,SEVERE,94.4,75.6,NONE,TSK-1027
2026-09-20T07:05:15Z,CAT-6060-201,OP-103,5121.3,1813.4,75.4,3.0,127.05,0.0,0,EXCAVATING,FASTENED,9.7,PIT_FLOOR_BENCH_A,SEVERE,97.4,79.5,NONE,TSK-1005
2026-09-20T07:05:15Z,CAT-994K-301,OP-104,9861.9,1562.6,67.8,0.9,53.18,3.0,3,LOADING,FASTENED,9.1,PIT_FLOOR_BENCH_B,NORMAL,91.7,77.0,NONE,TSK-1004
2026-09-20T07:05:15Z,CAT-D11-401,OP-105,16481.1,1764.4,77.1,4.3,80.85,0.0,1,DOZING,FASTENED,8.7,STAGING_BAY_4,MUDDY,97.4,79.5,NONE,TSK-1002
2026-09-20T07:06:00Z,CAT-797F-101,OP-101,8421.61,1730.9,77.1,24.8,70.5,0.0,2,HAULING_LOADED,FASTENED,25.8,HAUL_ROAD_SOUTH,MUDDY,93.9,75.8,NONE,TSK-1009
2026-09-20T07:06:00Z,CAT-797F-102,OP-102,14211.11,1702.3,80.4,17.3,74.72,3.8,1,HAULING_LOADED,FASTENED,34.6,RAMP_ACCESS_EAST,SEVERE,94.6,75.8,NONE,TSK-1027
2026-09-20T07:06:00Z,CAT-6060-201,OP-103,5121.31,1960.2,83.0,4.6,128.49,0.0,0,EXCAVATING,FASTENED,15.2,PIT_FLOOR_BENCH_A,SEVERE,97.4,79.5,NONE,TSK-1005
2026-09-20T07:06:00Z,CAT-994K-301,OP-104,9861.91,1685.4,65.0,0.7,53.75,3.0,3,LOADING,FASTENED,9.9,PIT_FLOOR_BENCH_B,NORMAL,91.7,77.0,NONE,TSK-1004
2026-09-20T07:06:00Z,CAT-D11-401,OP-105,16481.11,2041.9,81.8,2.6,81.77,0.0,1,DOZING,FASTENED,10.2,STAGING_BAY_4,MUDDY,97.4,79.5,NONE,TSK-1002
2026-09-20T07:06:45Z,CAT-797F-101,OP-101,8421.63,1872.1,81.6,18.9,71.58,0.0,2,HAULING_LOADED,FASTENED,20.4,HAUL_ROAD_SOUTH,MUDDY,94.1,76.0,NONE,TSK-1009
2026-09-20T07:06:45Z,CAT-797F-102,OP-102,14211.13,1727.6,83.5,22.2,75.9,3.8,1,HAULING_LOADED,FASTENED,46.6,RAMP_ACCESS_EAST,SEVERE,94.8,76.0,NONE,TSK-1027
2026-09-20T07:06:45Z,CAT-6060-201,OP-103,5121.32,1772.5,88.7,4.6,129.94,0.0,0,EXCAVATING,FASTENED,17.0,PIT_FLOOR_BENCH_A,SEVERE,97.4,79.5,NONE,TSK-1005
2026-09-20T07:06:45Z,CAT-994K-301,OP-104,9861.93,1694.0,72.5,1.0,54.32,3.0,3,LOADING,FASTENED,7.8,PIT_FLOOR_BENCH_A,NORMAL,91.7,77.0,NONE,TSK-1004
2026-09-20T07:06:45Z,CAT-D11-401,OP-105,16481.13,1877.8,77.2,4.4,82.69,0.0,1,DOZING,FASTENED,20.5,STAGING_BAY_4,MUDDY,97.3,79.4,NONE,TSK-1002
2026-09-20T07:07:30Z,CAT-797F-101,OP-101,8421.64,1861.8,78.6,27.2,72.66,0.0,2,HAULING_LOADED,FASTENED,46.7,HAUL_ROAD_SOUTH,MUDDY,94.3,76.1,NONE,TSK-1009
2026-09-20T07:07:30Z,CAT-797F-102,OP-102,14211.14,1883.3,79.5,20.3,77.08,3.8,1,HAULING_LOADED,FASTENED,23.2,RAMP_ACCESS_EAST,SEVERE,95.0,76.1,NONE,TSK-1027
2026-09-20T07:07:30Z,CAT-6060-201,OP-103,5121.34,1887.0,90.9,3.8,131.38,0.0,0,EXCAVATING,FASTENED,14.7,PIT_FLOOR_BENCH_A,SEVERE,97.5,79.6,NONE,TSK-1005
2026-09-20T07:07:30Z,CAT-994K-301,OP-104,9861.94,1500.0,57.7,0.9,54.88,3.0,3,LOADING,FASTENED,10.9,PIT_FLOOR_BENCH_A,NORMAL,91.6,76.9,NONE,TSK-1004
2026-09-20T07:07:30Z,CAT-D11-401,OP-105,16481.14,1781.1,92.3,2.9,83.61,0.0,1,DOZING,FASTENED,16.0,STAGING_BAY_4,MUDDY,97.4,79.5,NONE,TSK-1002
2026-09-20T07:08:15Z,CAT-797F-101,OP-101,8421.65,1894.8,84.2,26.8,73.73,0.0,2,HAULING_LOADED,FASTENED,44.6,HAUL_ROAD_SOUTH,MUDDY,94.6,76.3,NONE,TSK-1009
2026-09-20T07:08:15Z,CAT-797F-102,OP-102,14211.15,1922.9,81.7,22.1,78.26,3.8,1,HAULING_LOADED,FASTENED,44.9,RAMP_ACCESS_EAST,SEVERE,95.1,76.3,NONE,TSK-1027
2026-09-20T07:08:15Z,CAT-6060-201,OP-103,5121.35,1769.0,87.4,1.0,132.82,0.0,0,EXCAVATING,FASTENED,20.2,PIT_FLOOR_BENCH_A,SEVERE,97.5,79.6,NONE,TSK-1005
2026-09-20T07:08:15Z,CAT-994K-301,OP-104,9861.95,1667.1,59.5,1.1,55.45,3.0,3,LOADING,FASTENED,10.4,PIT_FLOOR_BENCH_A,NORMAL,91.5,76.8,NONE,TSK-1004
2026-09-20T07:08:15Z,CAT-D11-401,OP-105,16481.15,1956.5,86.7,2.7,84.53,0.0,1,DOZING,FASTENED,18.2,STAGING_BAY_4,MUDDY,97.4,79.5,NONE,TSK-1002
2026-09-20T07:09:00Z,CAT-797F-101,OP-101,8421.66,1860.4,75.0,26.3,74.81,0.0,2,HAULING_LOADED,FASTENED,45.0,HAUL_ROAD_SOUTH,MUDDY,94.7,76.4,NONE,TSK-1009
2026-09-20T07:09:00Z,CAT-797F-102,OP-102,14211.16,1702.9,90.7,22.3,79.44,3.8,1,HAULING_LOADED,FASTENED,33.1,RAMP_ACCESS_EAST,SEVERE,95.4,76.5,NONE,TSK-1027
2026-09-20T07:09:00Z,CAT-6060-201,OP-103,5121.36,1799.6,89.3,2.3,134.27,0.0,0,EXCAVATING,FASTENED,12.6,PIT_FLOOR_BENCH_A,SEVERE,97.5,79.6,NONE,TSK-1005
2026-09-20T07:09:00Z,CAT-994K-301,OP-104,9861.96,1615.1,62.6,1.0,56.02,3.0,3,LOADING,FASTENED,6.4,PIT_FLOOR_BENCH_A,NORMAL,91.4,76.8,NONE,TSK-1004
2026-09-20T07:09:00Z,CAT-D11-401,OP-105,16481.16,1921.9,76.7,3.0,85.44,0.0,1,DOZING,FASTENED,12.4,STAGING_BAY_4,MUDDY,97.3,79.5,NONE,TSK-1002
2026-09-20T07:09:45Z,CAT-797F-101,OP-101,8421.68,1704.4,80.1,16.4,75.89,0.0,2,HAULING_LOADED,FASTENED,35.4,HAUL_ROAD_SOUTH,MUDDY,94.8,76.5,NONE,TSK-1009
2026-09-20T07:09:45Z,CAT-797F-102,OP-102,14211.18,1897.9,91.3,24.0,80.62,3.8,1,HAULING_LOADED,FASTENED,44.9,RAMP_ACCESS_EAST,SEVERE,95.6,76.7,NONE,TSK-1027
2026-09-20T07:09:45Z,CAT-6060-201,OP-103,5121.37,1946.4,83.7,2.4,135.71,0.0,0,EXCAVATING,FASTENED,19.6,PIT_FLOOR_BENCH_A,SEVERE,97.5,79.6,NONE,TSK-1005
2026-09-20T07:09:45Z,CAT-994K-301,OP-104,9861.98,1664.8,57.3,0.9,56.59,3.0,3,LOADING,FASTENED,7.1,PIT_FLOOR_BENCH_B,NORMAL,91.3,76.7,NONE,TSK-1004
2026-09-20T07:09:45Z,CAT-D11-401,OP-105,16481.18,1999.0,93.3,2.2,86.36,0.0,1,DOZING,FASTENED,15.3,STAGING_BAY_4,MUDDY,97.4,79.5,ENG-TEMP-HIGH-01,TSK-1002
2026-09-20T07:10:30Z,CAT-797F-101,OP-101,8421.69,1741.0,74.8,25.0,76.97,0.0,2,HAULING_LOADED,FASTENED,40.2,HAUL_ROAD_SOUTH,MUDDY,94.9,76.6,NONE,TSK-1009
2026-09-20T07:10:30Z,CAT-797F-102,OP-102,14211.19,1852.7,75.8,27.6,81.79,3.8,1,HAULING_LOADED,FASTENED,31.0,RAMP_ACCESS_EAST,SEVERE,95.7,76.8,NONE,TSK-1027
2026-09-20T07:10:30Z,CAT-6060-201,OP-103,5121.39,1984.4,88.6,1.4,137.16,0.0,0,EXCAVATING,FASTENED,13.8,PIT_FLOOR_BENCH_A,SEVERE,97.5,79.6,NONE,TSK-1005
2026-09-20T07:10:30Z,CAT-994K-301,OP-104,9861.99,1626.6,70.4,0.5,57.16,3.0,3,LOADING,FASTENED,9.3,PIT_FLOOR_BENCH_B,NORMAL,91.3,76.7,NONE,TSK-1004
2026-09-20T07:10:30Z,CAT-D11-401,OP-105,16481.19,1790.4,84.5,3.1,87.28,0.0,1,DOZING,FASTENED,8.7,STAGING_BAY_4,MUDDY,97.4,79.5,NONE,TSK-1002
2026-09-20T07:11:15Z,CAT-797F-101,OP-101,8421.7,1820.7,82.2,27.5,78.05,0.0,2,HAULING_LOADED,FASTENED,25.0,HAUL_ROAD_SOUTH,MUDDY,95.1,76.7,NONE,TSK-1009
2026-09-20T07:11:15Z,CAT-797F-102,OP-102,14211.2,1882.6,74.6,20.8,82.97,3.8,1,HAULING_LOADED,FASTENED,36.8,RAMP_ACCESS_EAST,SEVERE,95.7,76.8,NONE,TSK-1027
2026-09-20T07:11:15Z,CAT-6060-201,OP-103,5121.4,1901.2,82.3,4.9,138.6,0.0,0,EXCAVATING,FASTENED,20.8,PIT_FLOOR_BENCH_A,SEVERE,97.5,79.6,NONE,TSK-1005
2026-09-20T07:11:15Z,CAT-994K-301,OP-104,9862.0,1739.1,74.4,0.5,57.73,3.0,3,LOADING,FASTENED,6.7,PIT_FLOOR_BENCH_B,NORMAL,91.4,76.8,NONE,TSK-1004
2026-09-20T07:11:15Z,CAT-D11-401,OP-105,16481.2,1960.0,89.2,2.2,88.2,0.0,1,DOZING,FASTENED,17.8,STAGING_BAY_4,MUDDY,97.4,79.6,NONE,TSK-1002
2026-09-20T07:12:00Z,CAT-797F-101,OP-101,8421.71,1156.2,42.0,1.3,78.56,0.0,2,DUMPING,FASTENED,9.1,OVERBURDEN_DUMP_WEST,MUDDY,94.8,76.5,NONE,TSK-1009
2026-09-20T07:12:00Z,CAT-797F-102,OP-102,14211.21,1945.3,85.0,28.0,84.15,3.8,1,HAULING_LOADED,FASTENED,34.1,RAMP_ACCESS_EAST,SEVERE,95.8,77.0,NONE,TSK-1027
2026-09-20T07:12:00Z,CAT-6060-201,OP-103,5121.41,1846.7,77.2,2.4,140.04,0.0,0,EXCAVATING,FASTENED,14.7,PIT_FLOOR_BENCH_A,SEVERE,97.4,79.6,NONE,TSK-1005
2026-09-20T07:12:00Z,CAT-994K-301,OP-104,9862.01,1575.2,70.0,1.0,58.3,3.0,3,LOADING,FASTENED,7.4,PIT_FLOOR_BENCH_B,NORMAL,91.5,76.8,NONE,TSK-1004
2026-09-20T07:12:00Z,CAT-D11-401,OP-105,16481.21,1992.5,84.9,1.1,89.12,0.0,1,DOZING,FASTENED,10.0,STAGING_BAY_4,MUDDY,97.4,79.6,NONE,TSK-1002
2026-09-20T07:12:45Z,CAT-797F-101,OP-101,8421.73,1310.1,34.6,1.3,79.08,0.0,2,DUMPING,FASTENED,8.4,OVERBURDEN_DUMP_WEST,MUDDY,94.4,76.2,NONE,TSK-1009
2026-09-20T07:12:45Z,CAT-797F-102,OP-102,14211.23,1157.1,40.7,1.5,84.72,3.8,1,DUMPING,FASTENED,9.9,OVERBURDEN_DUMP_WEST,SEVERE,95.4,76.7,NONE,TSK-1027
2026-09-20T07:12:45Z,CAT-6060-201,OP-103,5121.42,1952.7,85.7,1.9,141.49,0.0,0,EXCAVATING,FASTENED,17.1,PIT_FLOOR_BENCH_A,SEVERE,97.4,79.6,NONE,TSK-1005
2026-09-20T07:12:45Z,CAT-994K-301,OP-104,9862.03,1689.1,68.9,0.8,58.87,3.0,3,LOADING,FASTENED,6.2,PIT_FLOOR_BENCH_B,NORMAL,91.5,76.8,NONE,TSK-1004
2026-09-20T07:12:45Z,CAT-D11-401,OP-105,16481.23,1875.0,90.0,3.7,90.04,0.0,1,DOZING,FASTENED,21.5,STAGING_BAY_4,MUDDY,97.5,79.6,NONE,TSK-1002
2026-09-20T07:13:30Z,CAT-797F-101,OP-101,8421.74,1156.9,45.9,2.8,79.59,0.0,2,DUMPING,FASTENED,9.8,OVERBURDEN_DUMP_WEST,MUDDY,94.2,76.1,NONE,TSK-1009
2026-09-20T07:13:30Z,CAT-797F-102,OP-102,14211.24,1277.5,43.4,1.5,85.28,3.8,1,DUMPING,FASTENED,10.9,OVERBURDEN_DUMP_WEST,SEVERE,95.1,76.5,NONE,TSK-1027
2026-09-20T07:13:30Z,CAT-6060-201,OP-103,5121.44,1808.9,88.8,1.8,142.93,0.0,0,EXCAVATING,FASTENED,14.3,PIT_FLOOR_BENCH_A,SEVERE,97.5,79.6,NONE,TSK-1005
2026-09-20T07:13:30Z,CAT-994K-301,OP-104,9862.04,1738.7,69.7,0.1,59.43,3.0,3,LOADING,FASTENED,6.2,PIT_FLOOR_BENCH_B,NORMAL,91.5,76.8,NONE,TSK-1004
2026-09-20T07:13:30Z,CAT-D11-401,OP-105,16481.24,1829.3,78.1,4.4,90.96,0.0,1,DOZING,FASTENED,8.1,STAGING_BAY_4,MUDDY,97.4,79.6,NONE,TSK-1002
2026-09-20T07:14:15Z,CAT-797F-101,OP-101,8421.75,715.8,14.6,0.0,79.78,0.8,2,IDLE,FASTENED,22.8,STAGING_BAY_4,MUDDY,93.7,75.7,NONE,TSK-1009
2026-09-20T07:14:15Z,CAT-797F-102,OP-102,14211.25,1184.3,44.6,2.0,85.84,3.8,1,DUMPING,FASTENED,7.0,OVERBURDEN_DUMP_WEST,SEVERE,94.9,76.4,NONE,TSK-1027
2026-09-20T07:14:15Z,CAT-6060-201,OP-103,5121.45,1907.6,93.2,3.1,144.37,0.0,0,EXCAVATING,FASTENED,19.0,PIT_FLOOR_BENCH_A,SEVERE,97.5,79.7,NONE,TSK-1005
2026-09-20T07:14:15Z,CAT-994K-301,OP-104,9862.05,1571.0,62.0,1.1,60.0,3.0,3,LOADING,FASTENED,9.3,PIT_FLOOR_BENCH_B,NORMAL,91.4,76.8,NONE,TSK-1004
2026-09-20T07:14:15Z,CAT-D11-401,OP-105,16481.25,1838.1,93.1,3.5,91.88,0.0,1,DOZING,FASTENED,14.6,STAGING_BAY_4,MUDDY,97.5,79.6,NONE,TSK-1002
2026-09-20T07:15:00Z,CAT-797F-101,OP-101,8421.76,719.0,10.7,0.0,79.97,1.5,2,IDLE,FASTENED,18.8,STAGING_BAY_4,MUDDY,93.2,75.3,NONE,TSK-1009
2026-09-20T07:15:00Z,CAT-797F-102,OP-102,14211.26,1279.8,46.7,1.2,86.41,3.8,1,DUMPING,FASTENED,6.8,OVERBURDEN_DUMP_WEST,SEVERE,94.6,76.2,NONE,TSK-1027
2026-09-20T07:15:00Z,CAT-6060-201,OP-103,5121.46,1988.9,77.2,2.0,145.82,0.0,0,EXCAVATING,FASTENED,18.1,PIT_FLOOR_BENCH_A,SEVERE,97.4,79.6,NONE,TSK-1005
2026-09-20T07:15:00Z,CAT-994K-301,OP-104,9862.06,1711.0,90.0,18.4,60.94,3.0,3,HAULING_LOADED,FASTENED,34.4,HAUL_ROAD_SOUTH,NORMAL,91.7,77.0,NONE,TSK-1004
2026-09-20T07:15:00Z,CAT-D11-401,OP-105,16481.26,1910.0,86.9,1.8,92.79,0.0,1,DOZING,FASTENED,16.8,STAGING_BAY_4,MUDDY,97.5,79.6,NONE,TSK-1002
2026-09-20T07:15:45Z,CAT-797F-101,OP-101,8421.78,730.1,11.2,0.0,80.16,2.2,2,IDLE,FASTENED,25.6,STAGING_BAY_4,MUDDY,92.7,74.9,NONE,TSK-1009
2026-09-20T07:15:45Z,CAT-797F-102,OP-102,14211.28,1761.4,43.4,36.0,87.18,3.8,2,HAULING_EMPTY,FASTENED,22.8,RAMP_ACCESS_EAST,SEVERE,94.4,76.1,NONE,TSK-1027
2026-09-20T07:15:45Z,CAT-6060-201,OP-103,5121.47,1761.4,76.4,1.7,147.26,0.0,0,EXCAVATING,FASTENED,11.5,PIT_FLOOR_BENCH_A,SEVERE,97.3,79.5,NONE,TSK-1005
2026-09-20T07:15:45Z,CAT-994K-301,OP-104,9862.08,1927.7,80.2,21.6,61.87,3.0,3,HAULING_LOADED,FASTENED,31.3,HAUL_ROAD_SOUTH,NORMAL,91.8,77.1,NONE,TSK-1004
2026-09-20T07:15:45Z,CAT-D11-401,OP-105,16481.28,1866.9,77.2,1.0,93.71,0.0,1,DOZING,FASTENED,18.1,STAGING_BAY_4,MUDDY,97.4,79.6,NONE,TSK-1002
2026-09-20T07:16:30Z,CAT-797F-101,OP-101,8421.79,682.7,15.1,0.0,80.34,3.0,2,IDLE,FASTENED,19.0,STAGING_BAY_4,MUDDY,92.3,74.6,NONE,TSK-1009
2026-09-20T07:16:30Z,CAT-797F-102,OP-102,14211.29,1592.7,55.7,34.6,87.94,3.8,2,HAULING_EMPTY,FASTENED,31.3,RAMP_ACCESS_EAST,STEEP_INCLINE,94.0,76.0,NONE,TSK-1028
2026-09-20T07:16:30Z,CAT-6060-201,OP-103,5121.49,1864.4,90.6,1.1,148.71,0.0,0,EXCAVATING,FASTENED,10.2,PIT_FLOOR_BENCH_A,SEVERE,97.4,79.6,NONE,TSK-1005
2026-09-20T07:16:30Z,CAT-994K-301,OP-104,9862.09,1899.2,89.0,19.7,62.81,3.0,3,HAULING_LOADED,FASTENED,37.8,HAUL_ROAD_SOUTH,NORMAL,92.0,77.2,NONE,TSK-1004
2026-09-20T07:16:30Z,CAT-D11-401,OP-105,16481.29,2016.1,93.3,4.5,94.63,0.0,1,DOZING,FASTENED,17.1,STAGING_BAY_4,MUDDY,97.5,79.6,ENG-TEMP-HIGH-01,TSK-1002
2026-09-20T07:17:15Z,CAT-797F-101,OP-101,8421.8,732.5,10.8,0.0,80.53,3.8,2,IDLE,FASTENED,14.6,STAGING_BAY_4,MUDDY,91.9,74.3,NONE,TSK-1009
2026-09-20T07:17:15Z,CAT-797F-102,OP-102,14211.3,1626.1,53.0,25.5,88.71,3.8,2,HAULING_EMPTY,FASTENED,28.9,RAMP_ACCESS_EAST,STEEP_INCLINE,93.7,75.9,NONE,TSK-1028
2026-09-20T07:17:15Z,CAT-6060-201,OP-103,5121.5,1967.8,79.0,4.6,150.15,0.0,0,EXCAVATING,FASTENED,19.9,PIT_FLOOR_BENCH_A,SEVERE,97.3,79.5,NONE,TSK-1005
2026-09-20T07:17:15Z,CAT-994K-301,OP-104,9862.1,1854.2,77.1,17.4,63.74,3.0,3,HAULING_LOADED,FASTENED,38.8,HAUL_ROAD_SOUTH,NORMAL,92.1,77.3,NONE,TSK-1004
2026-09-20T07:17:15Z,CAT-D11-401,OP-105,16481.3,1766.3,89.3,5.0,95.55,0.0,1,DOZING,FASTENED,15.7,STAGING_BAY_4,MUDDY,97.5,79.7,NONE,TSK-1002
2026-09-20T07:18:00Z,CAT-797F-101,OP-101,8421.81,1580.2,45.9,34.2,81.23,3.8,2,HAULING_EMPTY,FASTENED,53.4,HAUL_ROAD_NORTH,MUDDY,91.9,74.2,NONE,TSK-1009
2026-09-20T07:18:00Z,CAT-797F-102,OP-102,14211.31,1714.8,46.7,29.0,89.48,3.8,2,HAULING_EMPTY,FASTENED,24.3,RAMP_ACCESS_EAST,STEEP_INCLINE,93.2,75.8,NONE,TSK-1028
2026-09-20T07:18:00Z,CAT-6060-201,OP-103,5121.51,1895.8,81.2,3.6,151.59,0.0,0,EXCAVATING,FASTENED,17.7,PIT_FLOOR_BENCH_A,SEVERE,97.3,79.5,NONE,TSK-1005
2026-09-20T07:18:00Z,CAT-994K-301,OP-104,9862.11,1901.9,91.2,18.1,64.68,3.0,3,HAULING_LOADED,FASTENED,28.8,HAUL_ROAD_SOUTH,NORMAL,92.3,77.5,NONE,TSK-1004
2026-09-20T07:18:00Z,CAT-D11-401,OP-105,16481.31,1963.7,87.2,2.1,96.47,0.0,1,DOZING,FASTENED,13.0,STAGING_BAY_4,MUDDY,97.6,79.7,NONE,TSK-1002
2026-09-20T07:18:45Z,CAT-797F-101,OP-101,8421.83,1653.6,50.9,37.6,81.94,3.8,2,HAULING_EMPTY,FASTENED,38.1,HAUL_ROAD_NORTH,MUDDY,91.9,74.2,NONE,TSK-1009
2026-09-20T07:18:45Z,CAT-797F-102,OP-102,14211.33,1706.6,43.6,28.9,90.25,3.8,2,HAULING_EMPTY,FASTENED,49.3,RAMP_ACCESS_EAST,STEEP_INCLINE,92.8,75.7,NONE,TSK-1028
2026-09-20T07:18:45Z,CAT-6060-201,OP-103,5121.52,1808.9,88.9,3.5,153.04,0.0,0,EXCAVATING,FASTENED,18.2,PIT_FLOOR_BENCH_A,SEVERE,97.4,79.5,NONE,TSK-1005
2026-09-20T07:18:45Z,CAT-994K-301,OP-104,9862.13,1857.9,88.3,23.2,65.61,3.0,3,HAULING_LOADED,FASTENED,41.5,HAUL_ROAD_SOUTH,NORMAL,92.5,77.6,NONE,TSK-1004
2026-09-20T07:18:45Z,CAT-D11-401,OP-105,16481.33,1761.0,80.0,4.6,97.39,0.0,1,DOZING,FASTENED,15.6,STAGING_BAY_4,MUDDY,97.5,79.6,NONE,TSK-1002
2026-09-20T07:19:30Z,CAT-797F-101,OP-101,8421.84,1625.6,59.8,34.3,82.64,3.8,2,HAULING_EMPTY,FASTENED,50.3,HAUL_ROAD_NORTH,MUDDY,92.1,74.3,NONE,TSK-1009
2026-09-20T07:19:30Z,CAT-797F-102,OP-102,14211.34,1660.4,43.8,30.4,91.02,3.8,2,HAULING_EMPTY,FASTENED,22.3,RAMP_ACCESS_EAST,STEEP_INCLINE,92.5,75.5,NONE,TSK-1028
2026-09-20T07:19:30Z,CAT-6060-201,OP-103,5121.54,2039.2,93.7,3.7,154.48,0.0,0,EXCAVATING,FASTENED,18.6,PIT_FLOOR_BENCH_A,SEVERE,97.5,79.6,NONE,TSK-1005
2026-09-20T07:19:30Z,CAT-994K-301,OP-104,9862.14,1841.6,83.3,26.9,66.54,3.0,3,HAULING_LOADED,FASTENED,24.1,HAUL_ROAD_SOUTH,NORMAL,92.6,77.7,NONE,TSK-1004
2026-09-20T07:19:30Z,CAT-D11-401,OP-105,16481.34,2031.8,75.8,4.0,98.31,0.0,1,DOZING,FASTENED,11.2,STAGING_BAY_4,MUDDY,97.4,79.6,NONE,TSK-1002
2026-09-20T07:20:15Z,CAT-797F-101,OP-101,8421.85,1713.9,52.4,37.9,83.34,3.8,2,HAULING_EMPTY,FASTENED,34.8,HAUL_ROAD_NORTH,MUDDY,92.1,74.3,NONE,TSK-1009
2026-09-20T07:20:15Z,CAT-797F-102,OP-102,14211.35,1782.1,42.8,35.3,91.79,3.8,2,HAULING_EMPTY,FASTENED,25.4,RAMP_ACCESS_EAST,STEEP_INCLINE,92.1,75.4,NONE,TSK-1028
2026-09-20T07:20:15Z,CAT-6060-201,OP-103,5121.55,1923.6,85.8,2.5,155.92,0.0,0,EXCAVATING,FASTENED,13.3,PIT_FLOOR_BENCH_B,SEVERE,97.5,79.6,NONE,TSK-1005
2026-09-20T07:20:15Z,CAT-994K-301,OP-104,9862.15,1719.5,77.0,28.2,67.48,3.0,3,HAULING_LOADED,FASTENED,26.2,HAUL_ROAD_SOUTH,NORMAL,92.6,77.7,NONE,TSK-1004
2026-09-20T07:20:15Z,CAT-D11-401,OP-105,16481.35,1995.2,81.6,4.2,99.23,0.0,1,DOZING,FASTENED,20.4,STAGING_BAY_4,MUDDY,97.3,79.5,NONE,TSK-1002
2026-09-20T07:21:00Z,CAT-797F-101,OP-101,8421.86,1640.8,46.6,33.0,84.05,3.8,2,HAULING_EMPTY,FASTENED,31.3,HAUL_ROAD_NORTH,MUDDY,92.1,74.2,NONE,TSK-1009
2026-09-20T07:21:00Z,CAT-797F-102,OP-102,14211.36,1550.4,54.0,38.3,92.56,3.8,2,HAULING_EMPTY,FASTENED,43.8,RAMP_ACCESS_EAST,STEEP_INCLINE,91.9,75.4,NONE,TSK-1028
2026-09-20T07:21:00Z,CAT-6060-201,OP-103,5121.56,1849.1,77.2,3.7,157.37,0.0,0,EXCAVATING,FASTENED,14.7,PIT_FLOOR_BENCH_B,SEVERE,97.4,79.6,NONE,TSK-1005
2026-09-20T07:21:00Z,CAT-994K-301,OP-104,9862.16,1802.7,76.9,17.6,68.41,3.0,3,HAULING_LOADED,FASTENED,36.6,HAUL_ROAD_SOUTH,NORMAL,92.6,77.7,NONE,TSK-1004
2026-09-20T07:21:00Z,CAT-D11-401,OP-105,16481.36,1903.8,91.9,1.6,100.14,0.0,1,DOZING,FASTENED,10.3,STAGING_BAY_4,MUDDY,97.4,79.6,NONE,TSK-1002
2026-09-20T07:21:45Z,CAT-797F-101,OP-101,8421.88,1629.7,61.4,35.2,84.75,3.8,2,HAULING_EMPTY,FASTENED,51.0,HAUL_ROAD_NORTH,MUDDY,92.3,74.3,NONE,TSK-1009
2026-09-20T07:21:45Z,CAT-797F-102,OP-102,14211.38,1762.8,60.9,27.8,93.33,3.8,2,HAULING_EMPTY,FASTENED,42.0,RAMP_ACCESS_EAST,STEEP_INCLINE,91.8,75.4,NONE,TSK-1028
2026-09-20T07:21:45Z,CAT-6060-201,OP-103,5121.57,1894.5,79.2,2.6,158.81,0.0,0,EXCAVATING,FASTENED,10.0,PIT_FLOOR_BENCH_B,SEVERE,97.3,79.5,NONE,TSK-1005
2026-09-20T07:21:45Z,CAT-994K-301,OP-104,9862.18,1855.8,82.2,18.1,69.35,3.0,3,HAULING_LOADED,FASTENED,39.2,HAUL_ROAD_SOUTH,NORMAL,92.7,77.8,NONE,TSK-1004
2026-09-20T07:21:45Z,CAT-D11-401,OP-105,16481.38,1929.0,76.3,2.5,101.06,0.0,1,DOZING,FASTENED,9.9,STAGING_BAY_4,MUDDY,97.3,79.5,NONE,TSK-1002
2026-09-20T07:22:30Z,CAT-797F-101,OP-101,8421.89,1791.0,55.7,38.5,85.45,3.8,2,HAULING_EMPTY,FASTENED,42.0,HAUL_ROAD_NORTH,MUDDY,92.4,74.4,NONE,TSK-1009
2026-09-20T07:22:30Z,CAT-797F-102,OP-102,14211.39,1788.5,54.0,39.4,94.09,3.8,2,HAULING_EMPTY,FASTENED,39.5,RAMP_ACCESS_EAST,STEEP_INCLINE,91.6,75.3,NONE,TSK-1028
2026-09-20T07:22:30Z,CAT-6060-201,OP-103,5121.59,1778.0,87.5,4.6,160.26,0.0,0,EXCAVATING,UNFASTENED,15.6,PIT_FLOOR_BENCH_B,SEVERE,97.3,79.5,NONE,TSK-1005
2026-09-20T07:22:30Z,CAT-994K-301,OP-104,9862.19,1869.6,80.6,21.3,70.28,3.0,3,HAULING_LOADED,FASTENED,44.5,HAUL_ROAD_SOUTH,NORMAL,92.7,77.9,NONE,TSK-1004
2026-09-20T07:22:30Z,CAT-D11-401,OP-105,16481.39,1878.7,92.8,2.9,101.98,0.0,1,DOZING,FASTENED,18.8,STAGING_BAY_4,MUDDY,97.4,79.6,NONE,TSK-1002
2026-09-20T07:23:15Z,CAT-797F-101,OP-101,8421.9,1790.5,58.7,34.1,86.16,3.8,2,HAULING_EMPTY,FASTENED,36.0,HAUL_ROAD_NORTH,MUDDY,92.5,74.4,NONE,TSK-1009
2026-09-20T07:23:15Z,CAT-797F-102,OP-102,14211.4,1745.1,60.2,25.5,94.86,3.8,2,HAULING_EMPTY,FASTENED,41.7,RAMP_ACCESS_EAST,STEEP_INCLINE,91.5,75.4,NONE,TSK-1028
2026-09-20T07:23:15Z,CAT-6060-201,OP-103,5121.6,1827.3,75.1,4.0,161.7,0.0,0,EXCAVATING,FASTENED,8.1,PIT_FLOOR_BENCH_B,SEVERE,97.2,79.5,NONE,TSK-1005
2026-09-20T07:23:15Z,CAT-994K-301,OP-104,9862.2,1793.8,76.1,26.1,71.22,3.0,3,HAULING_LOADED,FASTENED,31.4,HAUL_ROAD_SOUTH,NORMAL,92.7,77.9,NONE,TSK-1004
2026-09-20T07:23:15Z,CAT-D11-401,OP-105,16481.4,1877.8,86.1,2.0,102.9,0.0,1,DOZING,FASTENED,15.5,STAGING_BAY_4,MUDDY,97.4,79.6,NONE,TSK-1002
2026-09-20T07:24:00Z,CAT-797F-101,OP-101,8421.91,1817.4,49.9,27.6,86.86,3.8,2,HAULING_EMPTY,FASTENED,40.2,HAUL_ROAD_NORTH,MUDDY,92.5,74.4,NONE,TSK-1009
2026-09-20T07:24:00Z,CAT-797F-102,OP-102,14211.41,1557.2,53.2,32.5,95.63,3.8,2,HAULING_EMPTY,FASTENED,54.6,RAMP_ACCESS_EAST,STEEP_INCLINE,91.4,75.3,NONE,TSK-1028
2026-09-20T07:24:00Z,CAT-6060-201,OP-103,5121.61,1982.3,82.6,1.6,163.14,0.0,0,EXCAVATING,FASTENED,20.1,PIT_FLOOR_BENCH_B,SEVERE,97.2,79.4,NONE,TSK-1005
2026-09-20T07:24:00Z,CAT-994K-301,OP-104,9862.21,1895.8,91.0,17.3,72.15,3.0,3,HAULING_LOADED,FASTENED,34.2,HAUL_ROAD_SOUTH,NORMAL,92.9,78.0,NONE,TSK-1004
2026-09-20T07:24:00Z,CAT-D11-401,OP-105,16481.41,1990.3,86.7,3.7,103.82,0.0,1,DOZING,FASTENED,8.7,STAGING_BAY_4,MUDDY,97.4,79.6,NONE,TSK-1002
2026-09-20T07:24:45Z,CAT-797F-101,OP-101,8421.93,1757.4,58.5,32.3,87.56,3.8,2,HAULING_EMPTY,FASTENED,41.8,HAUL_ROAD_NORTH,MUDDY,92.6,74.4,NONE,TSK-1009
2026-09-20T07:24:45Z,CAT-797F-102,OP-102,14211.43,1162.1,33.3,0.6,96.2,3.8,2,SPOTTING,FASTENED,9.4,CRUSHER_FEED_1,STEEP_INCLINE,91.0,75.1,NONE,TSK-1028
2026-09-20T07:24:45Z,CAT-6060-201,OP-103,5121.62,1934.2,84.9,3.8,164.59,0.0,0,EXCAVATING,FASTENED,16.4,PIT_FLOOR_BENCH_B,SEVERE,97.2,79.5,NONE,TSK-1005
2026-09-20T07:24:45Z,CAT-994K-301,OP-104,9862.23,1860.1,80.8,18.5,73.08,3.0,3,HAULING_LOADED,FASTENED,38.4,HAUL_ROAD_SOUTH,NORMAL,92.9,78.1,NONE,TSK-1004
2026-09-20T07:24:45Z,CAT-D11-401,OP-105,16481.43,1835.8,75.6,3.4,104.74,0.0,1,DOZING,FASTENED,15.2,STAGING_BAY_4,MUDDY,97.3,79.5,NONE,TSK-1002
2026-09-20T07:25:30Z,CAT-797F-101,OP-101,8421.94,1511.5,46.8,24.0,88.27,3.8,2,HAULING_EMPTY,FASTENED,27.2,HAUL_ROAD_NORTH,MUDDY,92.5,74.4,NONE,TSK-1009
2026-09-20T07:25:30Z,CAT-797F-102,OP-102,14211.44,1318.3,37.7,1.6,96.76,3.8,2,SPOTTING,FASTENED,10.9,CRUSHER_FEED_1,STEEP_INCLINE,90.7,75.0,NONE,TSK-1028
2026-09-20T07:25:30Z,CAT-6060-201,OP-103,5121.64,1971.1,76.3,1.4,166.03,0.0,0,EXCAVATING,FASTENED,12.0,PIT_FLOOR_BENCH_B,SEVERE,97.2,79.4,NONE,TSK-1005
2026-09-20T07:25:30Z,CAT-994K-301,OP-104,9862.24,1787.0,91.3,19.5,74.02,3.0,3,HAULING_LOADED,FASTENED,37.0,HAUL_ROAD_SOUTH,NORMAL,93.1,78.2,NONE,TSK-1004
2026-09-20T07:25:30Z,CAT-D11-401,OP-105,16481.44,2028.9,85.9,2.0,105.66,0.0,1,DOZING,FASTENED,13.7,STAGING_BAY_4,MUDDY,97.4,79.6,NONE,TSK-1002
2026-09-20T07:26:15Z,CAT-797F-101,OP-101,8421.95,1594.2,60.9,38.1,88.97,3.8,2,HAULING_EMPTY,FASTENED,53.6,HAUL_ROAD_NORTH,MUDDY,92.7,74.5,NONE,TSK-1009
2026-09-20T07:26:15Z,CAT-797F-102,OP-102,14211.45,1327.7,41.2,2.4,97.32,3.8,2,SPOTTING,FASTENED,13.7,CRUSHER_FEED_1,STEEP_INCLINE,90.4,74.8,NONE,TSK-1028
2026-09-20T07:26:15Z,CAT-6060-201,OP-103,5121.65,1981.0,89.4,4.8,167.47,0.0,0,EXCAVATING,FASTENED,14.4,PIT_FLOOR_BENCH_B,SEVERE,97.2,79.4,NONE,TSK-1005
2026-09-20T07:26:15Z,CAT-994K-301,OP-104,9862.25,1706.8,74.3,16.8,74.95,3.0,3,HAULING_LOADED,FASTENED,37.7,HAUL_ROAD_SOUTH,NORMAL,93.0,78.2,NONE,TSK-1004
2026-09-20T07:26:15Z,CAT-D11-401,OP-105,16481.45,1953.1,79.4,2.3,106.58,0.0,1,DOZING,FASTENED,21.4,STAGING_BAY_4,MUDDY,97.3,79.5,ENG-TEMP-HIGH-01,TSK-1002
2026-09-20T07:27:00Z,CAT-797F-101,OP-101,8421.96,1766.3,47.0,25.6,89.67,3.8,2,HAULING_EMPTY,FASTENED,44.2,HAUL_ROAD_NORTH,MUDDY,92.6,74.4,NONE,TSK-1009
2026-09-20T07:27:00Z,CAT-797F-102,OP-102,14211.46,1593.0,62.1,1.1,98.04,3.8,2,LOADING,FASTENED,7.3,PIT_FLOOR_BENCH_A,STEEP_INCLINE,90.5,74.9,NONE,TSK-1028
2026-09-20T07:27:00Z,CAT-6060-201,OP-103,5121.66,1954.9,92.3,3.0,168.92,0.0,0,EXCAVATING,FASTENED,10.8,PIT_FLOOR_BENCH_B,SEVERE,97.3,79.5,NONE,TSK-1005
2026-09-20T07:27:00Z,CAT-994K-301,OP-104,9862.26,1751.7,76.1,19.1,75.89,3.0,3,HAULING_LOADED,FASTENED,37.3,HAUL_ROAD_SOUTH,NORMAL,93.0,78.2,NONE,TSK-1004
2026-09-20T07:27:00Z,CAT-D11-401,OP-105,16481.46,1782.0,92.5,3.7,107.49,0.0,1,DOZING,FASTENED,17.3,STAGING_BAY_4,MUDDY,97.4,79.6,NONE,TSK-1002
2026-09-20T07:27:45Z,CAT-797F-101,OP-101,8421.98,1673.3,42.8,32.4,90.38,3.8,2,HAULING_EMPTY,FASTENED,42.5,HAUL_ROAD_NORTH,MUDDY,92.5,74.3,NONE,TSK-1009
2026-09-20T07:27:45Z,CAT-797F-102,OP-102,14211.48,1745.6,72.9,1.0,98.76,3.8,2,LOADING,FASTENED,8.5,PIT_FLOOR_BENCH_A,STEEP_INCLINE,90.6,75.0,NONE,TSK-1028
2026-09-20T07:27:45Z,CAT-6060-201,OP-103,5121.67,2024.8,80.3,1.9,170.36,0.0,0,EXCAVATING,FASTENED,16.1,PIT_FLOOR_BENCH_B,SEVERE,97.3,79.5,NONE,TSK-1005
2026-09-20T07:27:45Z,CAT-994K-301,OP-104,9862.28,1568.1,68.7,0.2,76.46,3.0,4,LOADING,FASTENED,10.9,PIT_FLOOR_BENCH_B,NORMAL,92.9,78.1,NONE,TSK-1004
2026-09-20T07:27:45Z,CAT-D11-401,OP-105,16481.48,1753.5,79.0,3.3,108.41,0.0,1,DOZING,FASTENED,12.6,STAGING_BAY_4,MUDDY,97.3,79.5,NONE,TSK-1002
2026-09-20T07:28:30Z,CAT-797F-101,OP-101,8421.99,1166.4,39.5,2.2,90.89,3.8,2,SPOTTING,FASTENED,9.2,CRUSHER_FEED_1,MUDDY,92.4,74.2,NONE,TSK-1009
2026-09-20T07:28:30Z,CAT-797F-102,OP-102,14211.49,1513.2,69.0,0.4,99.48,3.8,2,LOADING,FASTENED,10.3,PIT_FLOOR_BENCH_A,STEEP_INCLINE,90.7,75.1,NONE,TSK-1028
2026-09-20T07:28:30Z,CAT-6060-201,OP-103,5121.69,1804.0,77.5,3.3,171.81,0.0,0,EXCAVATING,FASTENED,11.2,PIT_FLOOR_BENCH_B,SEVERE,97.2,79.4,NONE,TSK-1005
2026-09-20T07:28:30Z,CAT-994K-301,OP-104,9862.29,1520.7,63.6,0.5,77.03,3.0,4,LOADING,FASTENED,6.7,PIT_FLOOR_BENCH_B,NORMAL,92.7,78.0,NONE,TSK-1004
2026-09-20T07:28:30Z,CAT-D11-401,OP-105,16481.49,1794.9,90.3,1.7,109.33,0.0,1,DOZING,FASTENED,15.0,STAGING_BAY_4,MUDDY,97.4,79.6,NONE,TSK-1002
2026-09-20T07:29:15Z,CAT-797F-101,OP-101,8422.0,1244.8,43.5,2.6,91.41,3.8,2,SPOTTING,FASTENED,8.8,CRUSHER_FEED_1,MUDDY,92.3,74.2,NONE,TSK-1009
2026-09-20T07:29:15Z,CAT-797F-102,OP-102,14211.5,1620.4,63.0,0.8,100.19,3.8,2,LOADING,FASTENED,6.3,PIT_FLOOR_BENCH_A,STEEP_INCLINE,90.7,75.2,NONE,TSK-1028
2026-09-20T07:29:15Z,CAT-6060-201,OP-103,5121.7,1893.0,87.0,2.8,173.25,0.0,0,EXCAVATING,FASTENED,12.7,PIT_FLOOR_BENCH_B,SEVERE,97.2,79.4,NONE,TSK-1005
2026-09-20T07:29:15Z,CAT-994K-301,OP-104,9862.3,1729.6,60.2,0.0,77.59,3.0,4,LOADING,FASTENED,6.6,PIT_FLOOR_BENCH_B,NORMAL,92.5,77.9,NONE,TSK-1004
2026-09-20T07:29:15Z,CAT-D11-401,OP-105,16481.5,2038.9,78.8,3.3,110.25,0.0,1,DOZING,FASTENED,17.1,STAGING_BAY_4,MUDDY,97.3,79.5,NONE,TSK-1002
2026-09-20T07:30:00Z,CAT-797F-101,OP-101,8422.01,1199.4,42.8,1.8,91.92,3.8,2,SPOTTING,FASTENED,12.0,CRUSHER_FEED_1,MUDDY,92.3,74.1,NONE,TSK-1009
2026-09-20T07:30:00Z,CAT-797F-102,OP-102,14211.51,1771.6,92.6,9.8,101.37,3.8,2,HAULING_LOADED,FASTENED,24.7,RAMP_ACCESS_EAST,STEEP_INCLINE,91.0,75.5,NONE,TSK-1028
2026-09-20T07:30:00Z,CAT-6060-201,OP-103,5121.71,2004.7,76.4,1.6,174.69,0.0,0,EXCAVATING,FASTENED,11.2,PIT_FLOOR_BENCH_B,SEVERE,97.2,79.4,NONE,TSK-1005
2026-09-20T07:30:00Z,CAT-994K-301,OP-104,9862.31,1530.2,67.9,0.3,78.16,3.0,4,LOADING,FASTENED,8.2,PIT_FLOOR_BENCH_B,NORMAL,92.4,77.8,NONE,TSK-1004
2026-09-20T07:30:00Z,CAT-D11-401,OP-105,16481.51,1858.9,86.2,4.9,111.17,0.0,1,DOZING,FASTENED,13.8,STAGING_BAY_4,MUDDY,97.3,79.5,ENG-TEMP-HIGH-01,TSK-1002
2026-09-20T07:30:45Z,CAT-797F-101,OP-101,8422.03,1732.1,69.0,0.1,92.58,3.8,2,LOADING,FASTENED,6.8,PIT_FLOOR_BENCH_B,MUDDY,92.5,74.2,NONE,TSK-1009
2026-09-20T07:30:45Z,CAT-797F-102,OP-102,14211.53,1715.9,97.6,14.9,102.55,3.8,2,HAULING_LOADED,FASTENED,20.7,RAMP_ACCESS_EAST,STEEP_INCLINE,91.4,75.8,NONE,TSK-1028
2026-09-20T07:30:45Z,CAT-6060-201,OP-103,5121.72,1979.5,76.6,2.0,176.14,0.0,0,EXCAVATING,FASTENED,10.2,PIT_FLOOR_BENCH_B,SEVERE,97.1,79.3,NONE,TSK-1005
2026-09-20T07:30:45Z,CAT-994K-301,OP-104,9862.33,1582.9,57.5,0.6,78.73,3.0,4,LOADING,FASTENED,6.9,PIT_FLOOR_BENCH_B,NORMAL,92.3,77.7,NONE,TSK-1004
2026-09-20T07:30:45Z,CAT-D11-401,OP-105,16481.53,1857.1,92.4,4.5,112.09,0.0,1,DOZING,FASTENED,14.5,STAGING_BAY_4,MUDDY,97.4,79.6,NONE,TSK-1002
2026-09-20T07:31:30Z,CAT-797F-101,OP-101,8422.04,1614.6,57.7,1.1,93.23,3.8,2,LOADING,FASTENED,8.7,PIT_FLOOR_BENCH_B,MUDDY,92.6,74.3,NONE,TSK-1009
2026-09-20T07:31:30Z,CAT-797F-102,OP-102,14211.54,1814.1,95.0,19.0,103.73,3.8,2,HAULING_LOADED,FASTENED,32.2,RAMP_ACCESS_EAST,STEEP_INCLINE,91.7,76.0,NONE,TSK-1028
2026-09-20T07:31:30Z,CAT-6060-201,OP-103,5121.74,1910.1,92.3,2.9,177.58,0.0,0,EXCAVATING,FASTENED,11.2,PIT_FLOOR_BENCH_B,SEVERE,97.2,79.4,NONE,TSK-1005
2026-09-20T07:31:30Z,CAT-994K-301,OP-104,9862.34,1573.7,58.1,0.0,79.3,3.0,4,LOADING,FASTENED,8.6,PIT_FLOOR_BENCH_B,NORMAL,92.1,77.6,NONE,TSK-1004
2026-09-20T07:31:30Z,CAT-D11-401,OP-105,16481.54,1790.9,80.4,3.1,113.01,0.0,1,DOZING,FASTENED,17.6,STAGING_BAY_4,MUDDY,97.4,79.6,NONE,TSK-1002
2026-09-20T07:32:15Z,CAT-797F-101,OP-101,8422.05,1539.9,70.3,1.0,93.89,3.8,2,LOADING,FASTENED,9.0,PIT_FLOOR_BENCH_B,MUDDY,92.8,74.4,NONE,TSK-1009
2026-09-20T07:32:15Z,CAT-797F-102,OP-102,14211.55,1837.1,83.8,19.0,104.91,3.8,2,HAULING_LOADED,FASTENED,32.2,RAMP_ACCESS_EAST,STEEP_INCLINE,91.9,76.2,NONE,TSK-1028
2026-09-20T07:32:15Z,CAT-6060-201,OP-103,5121.75,1964.5,87.3,4.3,179.02,0.0,0,EXCAVATING,FASTENED,11.1,PIT_FLOOR_BENCH_B,SEVERE,97.2,79.4,NONE,TSK-1005
2026-09-20T07:32:15Z,CAT-994K-301,OP-104,9862.35,1605.0,71.0,0.7,79.87,3.0,4,LOADING,FASTENED,9.5,PIT_FLOOR_BENCH_B,NORMAL,92.1,77.6,NONE,TSK-1004
2026-09-20T07:32:15Z,CAT-D11-401,OP-105,16481.55,1944.5,85.1,2.1,113.93,0.0,1,DOZING,FASTENED,10.6,STAGING_BAY_4,MUDDY,97.4,79.6,NONE,TSK-1002
2026-09-20T07:33:00Z,CAT-797F-101,OP-101,8422.06,1483.1,64.1,0.5,94.55,3.8,2,LOADING,FASTENED,9.5,PIT_FLOOR_BENCH_B,MUDDY,92.9,74.5,NONE,TSK-1009
2026-09-20T07:33:00Z,CAT-797F-102,OP-102,14211.56,1780.2,83.0,20.1,106.09,3.8,2,HAULING_LOADED,FASTENED,20.6,RAMP_ACCESS_EAST,STEEP_INCLINE,92.0,76.4,NONE,TSK-1028
2026-09-20T07:33:00Z,CAT-6060-201,OP-103,5121.76,1834.6,77.4,2.8,180.47,0.0,0,EXCAVATING,FASTENED,8.1,PIT_FLOOR_BENCH_B,SEVERE,97.2,79.4,ENG-TEMP-HIGH-01,TSK-1005
2026-09-20T07:33:00Z,CAT-994K-301,OP-104,9862.36,1515.2,63.4,0.9,80.44,3.0,4,LOADING,FASTENED,8.5,PIT_FLOOR_BENCH_B,NORMAL,92.0,77.5,NONE,TSK-1004
2026-09-20T07:33:00Z,CAT-D11-401,OP-105,16481.56,1959.1,75.6,1.3,114.84,0.0,1,DOZING,FASTENED,18.5,STAGING_BAY_4,MUDDY,97.3,79.5,NONE,TSK-1002
2026-09-20T07:33:45Z,CAT-797F-101,OP-101,8422.08,1567.7,65.9,0.2,95.2,3.8,2,LOADING,FASTENED,10.5,PIT_FLOOR_BENCH_B,MUDDY,93.1,74.6,NONE,TSK-1009
2026-09-20T07:33:45Z,CAT-797F-102,OP-102,14211.58,1795.4,80.3,20.2,107.27,3.8,2,HAULING_LOADED,FASTENED,40.0,RAMP_ACCESS_EAST,STEEP_INCLINE,92.1,76.5,NONE,TSK-1028
2026-09-20T07:33:45Z,CAT-6060-201,OP-103,5121.77,2042.5,79.7,5.0,181.91,0.0,0,EXCAVATING,FASTENED,10.8,PIT_FLOOR_BENCH_B,SEVERE,97.1,79.3,NONE,TSK-1005
2026-09-20T07:33:45Z,CAT-994K-301,OP-104,9862.38,1649.8,59.2,0.5,81.01,3.0,4,LOADING,FASTENED,10.8,PIT_FLOOR_BENCH_B,NORMAL,91.8,77.4,NONE,TSK-1004
2026-09-20T07:33:45Z,CAT-D11-401,OP-105,16481.58,1797.6,88.8,4.0,115.76,0.0,1,DOZING,FASTENED,15.7,STAGING_BAY_4,MUDDY,97.3,79.5,NONE,TSK-1002
2026-09-20T07:34:30Z,CAT-797F-101,OP-101,8422.09,1790.1,73.0,24.3,96.28,3.8,2,HAULING_LOADED,FASTENED,47.3,HAUL_ROAD_NORTH,MUDDY,93.3,74.8,NONE,TSK-1009
2026-09-20T07:34:30Z,CAT-797F-102,OP-102,14211.59,1808.5,80.3,17.9,108.44,3.8,2,HAULING_LOADED,FASTENED,36.4,RAMP_ACCESS_EAST,STEEP_INCLINE,92.2,76.6,NONE,TSK-1028
2026-09-20T07:34:30Z,CAT-6060-201,OP-103,5121.79,1822.9,93.4,3.3,183.36,0.0,0,EXCAVATING,FASTENED,17.7,PIT_FLOOR_BENCH_B,SEVERE,97.2,79.4,NONE,TSK-1005
2026-09-20T07:34:30Z,CAT-994K-301,OP-104,9862.39,1825.0,85.7,20.2,81.94,3.0,4,HAULING_LOADED,FASTENED,47.2,HAUL_ROAD_NORTH,NORMAL,92.0,77.5,NONE,TSK-1004
2026-09-20T07:34:30Z,CAT-D11-401,OP-105,16481.59,1943.4,88.3,4.2,116.68,0.0,1,DOZING,FASTENED,9.8,STAGING_BAY_4,MUDDY,97.4,79.6,NONE,TSK-1002
2026-09-20T07:35:15Z,CAT-797F-101,OP-101,8422.1,1897.1,87.1,26.1,97.36,3.8,2,HAULING_LOADED,FASTENED,32.3,HAUL_ROAD_NORTH,MUDDY,93.6,75.0,NONE,TSK-1009
2026-09-20T07:35:15Z,CAT-797F-102,OP-102,14211.6,1872.3,87.2,9.7,109.62,3.8,2,HAULING_LOADED,FASTENED,45.2,RAMP_ACCESS_EAST,STEEP_INCLINE,92.4,76.8,NONE,TSK-1028
2026-09-20T07:35:15Z,CAT-6060-201,OP-103,5121.8,1881.3,80.6,3.8,184.8,0.0,0,EXCAVATING,FASTENED,10.7,PIT_FLOOR_BENCH_B,SEVERE,97.2,79.4,NONE,TSK-1005
2026-09-20T07:35:15Z,CAT-994K-301,OP-104,9862.4,1883.1,77.5,26.4,82.88,3.0,4,HAULING_LOADED,FASTENED,45.6,HAUL_ROAD_NORTH,NORMAL,92.1,77.6,NONE,TSK-1004
2026-09-20T07:35:15Z,CAT-D11-401,OP-105,16481.6,1770.7,77.9,2.2,117.6,0.0,1,DOZING,FASTENED,11.7,STAGING_BAY_4,MUDDY,97.3,79.5,ENG-TEMP-HIGH-01,TSK-1002
2026-09-20T07:36:00Z,CAT-797F-101,OP-101,8422.11,1859.5,79.6,18.3,98.44,3.8,2,HAULING_LOADED,FASTENED,20.5,HAUL_ROAD_NORTH,MUDDY,93.9,75.2,NONE,TSK-1009
2026-09-20T07:36:00Z,CAT-797F-102,OP-102,14211.61,1894.0,84.8,17.0,110.8,3.8,2,HAULING_LOADED,FASTENED,38.4,RAMP_ACCESS_EAST,STEEP_INCLINE,92.5,76.9,NONE,TSK-1028
2026-09-20T07:36:00Z,CAT-6060-201,OP-103,5121.81,1866.2,85.0,3.0,186.24,0.0,0,EXCAVATING,FASTENED,15.7,PIT_FLOOR_BENCH_B,SEVERE,97.2,79.4,NONE,TSK-1005
2026-09-20T07:36:00Z,CAT-994K-301,OP-104,9862.41,1860.2,74.2,22.5,83.81,3.0,4,HAULING_LOADED,FASTENED,21.9,HAUL_ROAD_NORTH,NORMAL,92.1,77.6,NONE,TSK-1004
2026-09-20T07:36:00Z,CAT-D11-401,OP-105,16481.61,1788.9,91.6,1.8,118.52,0.0,1,DOZING,FASTENED,14.8,STAGING_BAY_4,MUDDY,97.4,79.6,NONE,TSK-1002
2026-09-20T07:36:45Z,CAT-797F-101,OP-101,8422.13,1909.1,85.2,22.6,99.52,3.8,2,HAULING_LOADED,FASTENED,39.6,HAUL_ROAD_NORTH,MUDDY,94.2,75.4,NONE,TSK-1009
2026-09-20T07:36:45Z,CAT-797F-102,OP-102,14211.63,1791.6,92.1,8.9,111.98,3.8,2,HAULING_LOADED,FASTENED,46.0,RAMP_ACCESS_EAST,STEEP_INCLINE,92.7,77.1,NONE,TSK-1028
2026-09-20T07:36:45Z,CAT-6060-201,OP-103,5121.82,1897.4,91.9,1.3,187.69,0.0,0,EXCAVATING,FASTENED,19.2,PIT_FLOOR_BENCH_B,SEVERE,97.3,79.5,NONE,TSK-1005
2026-09-20T07:36:45Z,CAT-994K-301,OP-104,9862.43,1934.6,80.3,20.6,84.74,3.0,4,HAULING_LOADED,FASTENED,39.8,HAUL_ROAD_NORTH,NORMAL,92.2,77.6,NONE,TSK-1004
2026-09-20T07:36:45Z,CAT-D11-401,OP-105,16481.63,1829.7,75.8,1.3,119.44,0.0,1,DOZING,FASTENED,12.3,STAGING_BAY_4,MUDDY,97.3,79.5,NONE,TSK-1002
2026-09-20T07:37:30Z,CAT-797F-101,OP-101,8422.14,1724.3,86.5,22.6,100.59,3.8,2,HAULING_LOADED,FASTENED,25.3,HAUL_ROAD_NORTH,MUDDY,94.4,75.7,NONE,TSK-1009
2026-09-20T07:37:30Z,CAT-797F-102,OP-102,14211.64,1762.2,92.5,10.2,113.16,3.8,2,HAULING_LOADED,FASTENED,41.0,RAMP_ACCESS_EAST,STEEP_INCLINE,92.9,77.3,NONE,TSK-1028
2026-09-20T07:37:30Z,CAT-6060-201,OP-103,5121.84,1781.7,87.1,2.4,189.13,0.0,0,EXCAVATING,FASTENED,14.4,PIT_FLOOR_BENCH_B,SEVERE,97.3,79.5,NONE,TSK-1005
2026-09-20T07:37:30Z,CAT-994K-301,OP-104,9862.44,1741.7,75.6,21.0,85.68,3.0,4,HAULING_LOADED,FASTENED,29.5,HAUL_ROAD_NORTH,NORMAL,92.2,77.7,NONE,TSK-1004
2026-09-20T07:37:30Z,CAT-D11-401,OP-105,16481.64,2049.5,83.4,2.4,120.36,0.0,1,DOZING,FASTENED,12.4,STAGING_BAY_4,MUDDY,97.3,79.5,NONE,TSK-1002
2026-09-20T07:38:15Z,CAT-797F-101,OP-101,8422.15,1792.9,87.3,21.4,101.67,3.8,2,HAULING_LOADED,FASTENED,40.3,HAUL_ROAD_NORTH,MUDDY,94.7,75.9,NONE,TSK-1009
2026-09-20T07:38:15Z,CAT-797F-102,OP-102,14211.65,1840.8,84.3,17.6,114.34,3.8,2,HAULING_LOADED,FASTENED,45.9,RAMP_ACCESS_EAST,STEEP_INCLINE,92.9,77.4,NONE,TSK-1028
2026-09-20T07:38:15Z,CAT-6060-201,OP-103,5121.85,2038.5,83.5,2.6,190.57,0.0,0,EXCAVATING,FASTENED,18.2,PIT_FLOOR_BENCH_B,SEVERE,97.3,79.5,NONE,TSK-1005
2026-09-20T07:38:15Z,CAT-994K-301,OP-104,9862.45,1829.4,91.9,19.8,86.61,3.0,4,HAULING_LOADED,FASTENED,28.4,HAUL_ROAD_NORTH,NORMAL,92.4,77.8,NONE,TSK-1004
2026-09-20T07:38:15Z,CAT-D11-401,OP-105,16481.65,2006.7,75.4,4.3,121.28,0.0,1,DOZING,FASTENED,17.7,STAGING_BAY_4,MUDDY,97.2,79.4,NONE,TSK-1002
2026-09-20T07:39:00Z,CAT-797F-101,OP-101,8422.16,1839.1,90.5,17.9,102.75,3.8,2,HAULING_LOADED,FASTENED,21.1,HAUL_ROAD_NORTH,MUDDY,95.0,76.1,NONE,TSK-1009
2026-09-20T07:39:00Z,CAT-797F-102,OP-102,14211.66,1734.6,87.3,15.3,115.52,3.8,2,HAULING_LOADED,FASTENED,26.5,RAMP_ACCESS_EAST,STEEP_INCLINE,93.0,77.5,NONE,TSK-1028
2026-09-20T07:39:00Z,CAT-6060-201,OP-103,5121.86,1777.6,82.6,4.7,192.02,0.0,0,EXCAVATING,FASTENED,18.3,PIT_FLOOR_BENCH_B,SEVERE,97.3,79.5,NONE,TSK-1005
2026-09-20T07:39:00Z,CAT-994K-301,OP-104,9862.46,1743.2,88.5,24.6,87.55,3.0,4,HAULING_LOADED,FASTENED,36.1,HAUL_ROAD_NORTH,NORMAL,92.6,77.9,NONE,TSK-1004
2026-09-20T07:39:00Z,CAT-D11-401,OP-105,16481.66,1928.6,80.7,3.9,122.19,0.0,1,DOZING,FASTENED,16.1,STAGING_BAY_4,MUDDY,97.1,79.4,NONE,TSK-1002
2026-09-20T07:39:45Z,CAT-797F-101,OP-101,8422.18,1892.7,79.0,26.2,103.83,3.8,2,HAULING_LOADED,FASTENED,31.7,HAUL_ROAD_NORTH,MUDDY,95.1,76.2,NONE,TSK-1009
2026-09-20T07:39:45Z,CAT-797F-102,OP-102,14211.68,1917.4,84.5,16.2,116.7,3.8,2,HAULING_LOADED,FASTENED,36.9,RAMP_ACCESS_EAST,STEEP_INCLINE,93.1,77.6,NONE,TSK-1028
2026-09-20T07:39:45Z,CAT-6060-201,OP-103,5121.87,1983.2,82.3,2.2,193.46,0.0,0,EXCAVATING,FASTENED,8.6,PIT_FLOOR_BENCH_B,SEVERE,97.3,79.5,NONE,TSK-1005
2026-09-20T07:39:45Z,CAT-994K-301,OP-104,9862.48,1825.6,76.4,16.6,88.48,3.0,4,HAULING_LOADED,FASTENED,40.5,HAUL_ROAD_NORTH,NORMAL,92.6,77.9,NONE,TSK-1004
2026-09-20T07:39:45Z,CAT-D11-401,OP-105,16481.68,1883.7,86.3,3.0,123.11,0.0,1,DOZING,FASTENED,11.1,STAGING_BAY_4,MUDDY,97.2,79.4,NONE,TSK-1002
2026-09-20T07:40:30Z,CAT-797F-101,OP-101,8422.19,1733.0,73.7,23.1,104.91,3.8,2,HAULING_LOADED,FASTENED,21.4,HAUL_ROAD_NORTH,MUDDY,95.2,76.3,NONE,TSK-1009
2026-09-20T07:40:30Z,CAT-797F-102,OP-102,14211.69,1721.3,90.0,17.7,117.87,3.8,2,HAULING_LOADED,FASTENED,23.7,RAMP_ACCESS_EAST,STEEP_INCLINE,93.2,77.8,NONE,TSK-1028
2026-09-20T07:40:30Z,CAT-6060-201,OP-103,5121.89,1917.8,84.3,3.6,194.91,0.0,0,EXCAVATING,FASTENED,10.7,PIT_FLOOR_BENCH_B,SEVERE,97.3,79.5,NONE,TSK-1005
2026-09-20T07:40:30Z,CAT-994K-301,OP-104,9862.49,1761.6,73.4,25.7,89.42,3.0,4,HAULING_LOADED,FASTENED,29.1,HAUL_ROAD_NORTH,NORMAL,92.6,77.9,NONE,TSK-1004
2026-09-20T07:40:30Z,CAT-D11-401,OP-105,16481.69,1776.9,87.8,2.7,124.03,0.0,1,DOZING,FASTENED,12.9,STAGING_BAY_4,MUDDY,97.2,79.4,NONE,TSK-1002
2026-09-20T07:41:15Z,CAT-797F-101,OP-101,8422.2,1706.1,78.1,28.3,105.98,3.8,2,HAULING_LOADED,FASTENED,37.3,HAUL_ROAD_NORTH,MUDDY,95.3,76.4,NONE,TSK-1009
2026-09-20T07:41:15Z,CAT-797F-102,OP-102,14211.7,1810.6,82.9,8.6,119.05,3.8,2,HAULING_LOADED,FASTENED,42.9,RAMP_ACCESS_EAST,STEEP_INCLINE,93.3,77.8,NONE,TSK-1028
2026-09-20T07:41:15Z,CAT-6060-201,OP-103,5121.9,1862.1,89.4,4.4,196.35,0.0,0,EXCAVATING,FASTENED,9.6,PIT_FLOOR_BENCH_B,SEVERE,97.3,79.5,NONE,TSK-1005
2026-09-20T07:41:15Z,CAT-994K-301,OP-104,9862.5,1931.7,89.4,26.3,90.35,3.0,4,HAULING_LOADED,FASTENED,20.4,HAUL_ROAD_NORTH,NORMAL,92.7,78.1,NONE,TSK-1004
2026-09-20T07:41:15Z,CAT-D11-401,OP-105,16481.7,1783.4,83.6,1.1,124.95,0.0,1,DOZING,FASTENED,10.9,STAGING_BAY_4,MUDDY,97.2,79.4,NONE,TSK-1002
2026-09-20T07:42:00Z,CAT-797F-101,OP-101,8422.21,1830.8,77.2,22.0,107.06,3.8,2,HAULING_LOADED,FASTENED,40.4,HAUL_ROAD_NORTH,MUDDY,95.4,76.5,NONE,TSK-1009
2026-09-20T07:42:00Z,CAT-797F-102,OP-102,14211.71,1205.4,46.5,1.9,119.62,3.8,2,DUMPING,FASTENED,8.4,OVERBURDEN_DUMP_WEST,STEEP_INCLINE,92.9,77.6,NONE,TSK-1028
2026-09-20T07:42:00Z,CAT-6060-201,OP-103,5121.91,1810.2,88.2,2.1,197.79,0.0,0,EXCAVATING,FASTENED,14.5,PIT_FLOOR_BENCH_B,SEVERE,97.4,79.5,NONE,TSK-1005
2026-09-20T07:42:00Z,CAT-994K-301,OP-104,9862.51,1865.1,85.3,27.4,91.28,3.0,4,HAULING_LOADED,FASTENED,30.1,HAUL_ROAD_NORTH,NORMAL,92.8,78.1,NONE,TSK-1004
2026-09-20T07:42:00Z,CAT-D11-401,OP-105,16481.71,1837.7,91.8,2.5,125.87,0.0,1,DOZING,FASTENED,21.7,STAGING_BAY_4,MUDDY,97.3,79.5,NONE,TSK-1002
2026-09-20T07:42:45Z,CAT-797F-101,OP-101,8422.23,1926.0,81.7,23.5,108.14,3.8,2,HAULING_LOADED,FASTENED,22.5,HAUL_ROAD_NORTH,MUDDY,95.5,76.6,NONE,TSK-1009
2026-09-20T07:42:45Z,CAT-797F-102,OP-102,14211.73,1370.7,41.0,2.4,120.18,3.8,2,DUMPING,FASTENED,6.8,OVERBURDEN_DUMP_WEST,STEEP_INCLINE,92.5,77.4,NONE,TSK-1028
2026-09-20T07:42:45Z,CAT-6060-201,OP-103,5121.92,1897.0,89.1,1.1,199.24,0.0,0,EXCAVATING,FASTENED,17.6,PIT_FLOOR_BENCH_B,SEVERE,97.4,79.6,NONE,TSK-1005
2026-09-20T07:42:45Z,CAT-994K-301,OP-104,9862.53,1949.0,91.6,19.4,92.22,3.0,4,HAULING_LOADED,FASTENED,21.7,HAUL_ROAD_NORTH,NORMAL,93.0,78.3,NONE,TSK-1004
2026-09-20T07:42:45Z,CAT-D11-401,OP-105,16481.73,1866.2,94.0,5.0,126.79,0.0,1,DOZING,FASTENED,21.2,STAGING_BAY_4,MUDDY,97.4,79.6,NONE,TSK-1002
2026-09-20T07:43:30Z,CAT-797F-101,OP-101,8422.24,1785.4,79.9,17.7,109.22,3.8,2,HAULING_LOADED,FASTENED,40.4,HAUL_ROAD_NORTH,MUDDY,95.6,76.8,NONE,TSK-1009
2026-09-20T07:43:30Z,CAT-797F-102,OP-102,14211.74,1289.8,46.0,2.4,120.74,3.8,2,DUMPING,FASTENED,9.6,OVERBURDEN_DUMP_WEST,STEEP_INCLINE,92.1,77.2,NONE,TSK-1028
2026-09-20T07:43:30Z,CAT-6060-201,OP-103,5121.94,1877.9,80.9,3.4,200.68,0.0,0,EXCAVATING,FASTENED,14.3,PIT_FLOOR_BENCH_B,SEVERE,97.4,79.5,NONE,TSK-1005
2026-09-20T07:43:30Z,CAT-994K-301,OP-104,9862.54,1845.3,85.7,18.5,93.15,3.0,4,HAULING_LOADED,FASTENED,23.9,HAUL_ROAD_NORTH,NORMAL,93.1,78.3,NONE,TSK-1004
2026-09-20T07:43:30Z,CAT-D11-401,OP-105,16481.74,2019.6,92.3,2.7,127.71,0.0,1,DOZING,FASTENED,20.7,STAGING_BAY_4,MUDDY,97.5,79.6,NONE,TSK-1002
2026-09-20T07:44:15Z,CAT-797F-101,OP-101,8422.25,1841.2,75.2,16.8,110.3,3.8,2,HAULING_LOADED,FASTENED,34.9,HAUL_ROAD_NORTH,MUDDY,95.6,76.8,NONE,TSK-1009
2026-09-20T07:44:15Z,CAT-797F-102,OP-102,14211.75,1732.7,57.3,39.4,121.51,3.8,3,HAULING_EMPTY,FASTENED,35.7,HAUL_ROAD_NORTH,STEEP_INCLINE,92.0,77.1,NONE,TSK-1028
2026-09-20T07:44:15Z,CAT-6060-201,OP-103,5121.95,1795.6,78.6,1.5,202.12,0.0,0,EXCAVATING,FASTENED,8.4,PIT_FLOOR_BENCH_B,SEVERE,97.3,79.5,NONE,TSK-1005
2026-09-20T07:44:15Z,CAT-994K-301,OP-104,9862.55,1519.3,55.5,0.1,93.72,3.0,5,LOADING,FASTENED,9.9,PIT_FLOOR_BENCH_A,NORMAL,92.8,78.2,NONE,TSK-1004
2026-09-20T07:44:15Z,CAT-D11-401,OP-105,16481.75,2003.8,83.9,3.6,128.63,0.0,1,DOZING,FASTENED,10.6,STAGING_BAY_4,MUDDY,97.5,79.6,NONE,TSK-1002
2026-09-20T07:45:00Z,CAT-797F-101,OP-101,8422.26,1154.1,32.5,2.6,110.81,3.8,2,DUMPING,FASTENED,6.6,OVERBURDEN_DUMP_WEST,MUDDY,95.2,76.5,NONE,TSK-1009
2026-09-20T07:45:00Z,CAT-797F-102,OP-102,14211.76,1737.6,61.8,37.3,122.28,3.8,3,HAULING_EMPTY,FASTENED,24.2,HAUL_ROAD_NORTH,MUDDY,92.1,77.0,NONE,TSK-1031
2026-09-20T07:45:00Z,CAT-6060-201,OP-103,5121.96,2045.7,91.5,3.0,203.57,0.0,0,EXCAVATING,FASTENED,12.5,PIT_FLOOR_BENCH_B,SEVERE,97.4,79.5,NONE,TSK-1005
2026-09-20T07:45:00Z,CAT-994K-301,OP-104,9862.56,1571.5,55.8,0.9,94.29,3.0,5,LOADING,FASTENED,7.9,PIT_FLOOR_BENCH_A,NORMAL,92.6,78.0,NONE,TSK-1004
2026-09-20T07:45:00Z,CAT-D11-401,OP-105,16481.76,1928.1,85.0,4.5,129.54,0.0,1,DOZING,FASTENED,19.0,STAGING_BAY_4,MUDDY,97.5,79.6,NONE,TSK-1002
2026-09-20T07:45:45Z,CAT-797F-101,OP-101,8422.28,1331.6,32.7,3.2,111.33,3.8,2,DUMPING,FASTENED,10.4,OVERBURDEN_DUMP_WEST,MUDDY,94.8,76.3,NONE,TSK-1009
2026-09-20T07:45:45Z,CAT-797F-102,OP-102,14211.78,1735.3,53.2,33.0,123.05,3.8,3,HAULING_EMPTY,FASTENED,42.8,HAUL_ROAD_NORTH,MUDDY,92.2,76.9,NONE,TSK-1031
2026-09-20T07:45:45Z,CAT-6060-201,OP-103,5121.97,1837.4,82.6,2.2,205.01,0.0,0,EXCAVATING,FASTENED,19.6,PIT_FLOOR_BENCH_B,SEVERE,97.4,79.5,NONE,TSK-1005
2026-09-20T07:45:45Z,CAT-994K-301,OP-104,9862.58,1633.9,56.1,0.6,94.86,3.0,5,LOADING,FASTENED,6.7,PIT_FLOOR_BENCH_A,NORMAL,92.3,77.8,NONE,TSK-1004
2026-09-20T07:45:45Z,CAT-D11-401,OP-105,16481.78,1885.5,88.7,1.5,130.46,0.0,1,DOZING,FASTENED,18.9,STAGING_BAY_4,MUDDY,97.5,79.7,NONE,TSK-1002
2026-09-20T07:46:30Z,CAT-797F-101,OP-101,8422.29,1137.9,38.6,1.7,111.84,3.8,2,DUMPING,FASTENED,7.8,OVERBURDEN_DUMP_WEST,MUDDY,94.5,76.1,NONE,TSK-1009
2026-09-20T07:46:30Z,CAT-797F-102,OP-102,14211.79,1728.0,46.0,32.0,123.82,3.8,3,HAULING_EMPTY,FASTENED,30.3,HAUL_ROAD_NORTH,MUDDY,92.2,76.7,NONE,TSK-1031
2026-09-20T07:46:30Z,CAT-6060-201,OP-103,5121.99,2022.1,90.1,3.9,206.46,0.0,0,EXCAVATING,FASTENED,9.7,PIT_FLOOR_BENCH_B,SEVERE,97.4,79.6,NONE,TSK-1005
2026-09-20T07:46:30Z,CAT-994K-301,OP-104,9862.59,1558.9,65.5,0.5,95.43,3.0,5,LOADING,FASTENED,10.0,PIT_FLOOR_BENCH_A,NORMAL,92.3,77.8,NONE,TSK-1004
2026-09-20T07:46:30Z,CAT-D11-401,OP-105,16481.79,2034.9,82.2,2.5,131.38,0.0,1,DOZING,FASTENED,18.8,STAGING_BAY_4,MUDDY,97.5,79.6,NONE,TSK-1002
2026-09-20T07:47:15Z,CAT-797F-101,OP-101,8422.3,1778.0,45.6,36.5,112.55,3.8,3,HAULING_EMPTY,FASTENED,35.8,HAUL_ROAD_NORTH,MUDDY,94.2,75.9,NONE,TSK-1009
2026-09-20T07:47:15Z,CAT-797F-102,OP-102,14211.8,1746.0,50.9,35.0,124.59,3.8,3,HAULING_EMPTY,FASTENED,25.9,HAUL_ROAD_NORTH,MUDDY,92.2,76.6,NONE,TSK-1031
2026-09-20T07:47:15Z,CAT-6060-201,OP-103,5122.0,1810.9,86.8,2.0,207.9,0.0,0,EXCAVATING,FASTENED,14.4,PIT_FLOOR_BENCH_B,SEVERE,97.4,79.6,NONE,TSK-1005
2026-09-20T07:47:15Z,CAT-994K-301,OP-104,9862.6,1451.7,72.7,0.3,96.0,3.0,5,LOADING,FASTENED,8.9,PIT_FLOOR_BENCH_A,NORMAL,92.2,77.8,NONE,TSK-1004
2026-09-20T07:47:15Z,CAT-D11-401,OP-105,16481.8,1873.0,76.5,3.4,132.3,0.0,1,DOZING,FASTENED,11.4,STAGING_BAY_4,MUDDY,97.4,79.6,NONE,TSK-1002
2026-09-20T07:48:00Z,CAT-797F-101,OP-101,8422.31,1678.4,58.5,24.9,113.25,3.8,3,HAULING_EMPTY,FASTENED,26.9,HAUL_ROAD_NORTH,SEVERE,94.2,75.9,NONE,TSK-1012
2026-09-20T07:48:00Z,CAT-797F-102,OP-102,14211.81,1511.8,59.1,35.7,125.36,3.8,3,HAULING_EMPTY,FASTENED,49.7,HAUL_ROAD_NORTH,MUDDY,92.3,76.5,NONE,TSK-1031
2026-09-20T07:48:00Z,CAT-6060-201,OP-103,5122.01,2026.1,75.9,2.7,209.34,0.0,0,EXCAVATING,FASTENED,10.5,PIT_FLOOR_BENCH_B,SEVERE,97.3,79.5,NONE,TSK-1005
2026-09-20T07:48:00Z,CAT-994K-301,OP-104,9862.61,1674.8,62.2,0.0,96.57,3.0,5,LOADING,FASTENED,9.8,PIT_FLOOR_BENCH_B,NORMAL,92.1,77.7,NONE,TSK-1004
2026-09-20T07:48:00Z,CAT-D11-401,OP-105,16481.81,2019.3,90.6,4.0,133.22,0.0,1,DOZING,FASTENED,19.8,STAGING_BAY_4,MUDDY,97.4,79.6,NONE,TSK-1002
2026-09-20T07:48:45Z,CAT-797F-101,OP-101,8422.33,1539.0,59.2,29.8,113.95,3.8,3,HAULING_EMPTY,FASTENED,35.7,HAUL_ROAD_NORTH,SEVERE,94.2,75.9,NONE,TSK-1012
2026-09-20T07:48:45Z,CAT-797F-102,OP-102,14211.83,1566.9,43.2,34.0,126.13,3.8,3,HAULING_EMPTY,FASTENED,54.3,HAUL_ROAD_NORTH,MUDDY,92.3,76.3,NONE,TSK-1031
2026-09-20T07:48:45Z,CAT-6060-201,OP-103,5122.02,1776.3,88.8,3.4,210.79,0.0,0,EXCAVATING,FASTENED,19.0,PIT_FLOOR_BENCH_B,SEVERE,97.4,79.6,NONE,TSK-1005
2026-09-20T07:48:45Z,CAT-994K-301,OP-104,9862.63,1704.3,60.2,0.7,97.13,3.0,5,LOADING,FASTENED,9.1,PIT_FLOOR_BENCH_B,NORMAL,92.0,77.6,NONE,TSK-1004
2026-09-20T07:48:45Z,CAT-D11-401,OP-105,16481.83,1934.3,84.4,3.9,134.14,0.0,1,DOZING,FASTENED,15.0,STAGING_BAY_4,MUDDY,97.4,79.6,NONE,TSK-1002
2026-09-20T07:49:30Z,CAT-797F-101,OP-101,8422.34,1574.5,47.8,27.4,114.66,3.8,3,HAULING_EMPTY,FASTENED,25.9,HAUL_ROAD_NORTH,SEVERE,94.0,75.8,NONE,TSK-1012
2026-09-20T07:49:30Z,CAT-797F-102,OP-102,14211.84,1755.0,56.7,27.6,126.89,3.8,3,HAULING_EMPTY,FASTENED,42.3,HAUL_ROAD_NORTH,MUDDY,92.4,76.3,NONE,TSK-1031
2026-09-20T07:49:30Z,CAT-6060-201,OP-103,5122.04,1763.6,81.6,4.2,212.23,0.0,0,EXCAVATING,FASTENED,11.0,PIT_FLOOR_BENCH_B,SEVERE,97.3,79.5,NONE,TSK-1005
2026-09-20T07:49:30Z,CAT-994K-301,OP-104,9862.64,1526.3,56.4,0.4,97.7,3.0,5,LOADING,FASTENED,8.7,PIT_FLOOR_BENCH_B,NORMAL,91.8,77.5,NONE,TSK-1004
2026-09-20T07:49:30Z,CAT-D11-401,OP-105,16481.84,1784.2,81.3,2.6,135.06,0.0,1,DOZING,FASTENED,16.0,STAGING_BAY_4,MUDDY,97.4,79.6,NONE,TSK-1002
2026-09-20T07:50:15Z,CAT-797F-101,OP-101,8422.35,1562.1,58.7,40.1,115.36,3.8,3,HAULING_EMPTY,FASTENED,37.8,HAUL_ROAD_NORTH,SEVERE,94.0,75.7,NONE,TSK-1012
2026-09-20T07:50:15Z,CAT-797F-102,OP-102,14211.85,1511.4,44.7,26.7,127.66,3.8,3,HAULING_EMPTY,FASTENED,37.2,HAUL_ROAD_NORTH,MUDDY,92.3,76.1,NONE,TSK-1031
2026-09-20T07:50:15Z,CAT-6060-201,OP-103,5122.05,2018.8,83.8,4.3,213.67,0.0,0,EXCAVATING,FASTENED,21.0,PIT_FLOOR_BENCH_B,SEVERE,97.3,79.5,NONE,TSK-1005
2026-09-20T07:50:15Z,CAT-994K-301,OP-104,9862.65,1619.5,68.6,0.7,98.27,3.0,5,LOADING,FASTENED,6.1,PIT_FLOOR_BENCH_B,NORMAL,91.8,77.4,NONE,TSK-1004
2026-09-20T07:50:15Z,CAT-D11-401,OP-105,16481.85,1849.5,92.4,4.2,135.98,0.0,1,DOZING,FASTENED,8.9,STAGING_BAY_4,MUDDY,97.5,79.6,NONE,TSK-1002
2026-09-20T07:51:00Z,CAT-797F-101,OP-101,8422.36,1608.5,49.5,33.3,116.06,3.8,3,HAULING_EMPTY,FASTENED,27.5,HAUL_ROAD_NORTH,SEVERE,93.9,75.7,NONE,TSK-1012
2026-09-20T07:51:00Z,CAT-797F-102,OP-102,14211.86,1560.0,44.3,37.7,128.43,3.8,3,HAULING_EMPTY,FASTENED,32.2,HAUL_ROAD_NORTH,MUDDY,92.3,76.0,NONE,TSK-1031
2026-09-20T07:51:00Z,CAT-6060-201,OP-103,5122.06,1963.0,80.2,1.3,215.12,0.0,0,EXCAVATING,FASTENED,20.3,PIT_FLOOR_BENCH_B,SEVERE,97.3,79.5,NONE,TSK-1005
2026-09-20T07:51:00Z,CAT-994K-301,OP-104,9862.66,1540.8,65.5,0.2,98.84,3.0,5,LOADING,FASTENED,7.9,PIT_FLOOR_BENCH_B,NORMAL,91.8,77.4,NONE,TSK-1004
2026-09-20T07:51:00Z,CAT-D11-401,OP-105,16481.86,1810.6,76.8,3.0,136.89,0.0,1,DOZING,FASTENED,19.2,STAGING_BAY_4,MUDDY,97.4,79.6,NONE,TSK-1002
2026-09-20T07:51:45Z,CAT-797F-101,OP-101,8422.38,1608.8,51.7,39.3,116.77,3.8,3,HAULING_EMPTY,FASTENED,32.2,HAUL_ROAD_NORTH,SEVERE,93.8,75.6,NONE,TSK-1012
2026-09-20T07:51:45Z,CAT-797F-102,OP-102,14211.88,1746.2,44.0,41.2,129.2,3.8,3,HAULING_EMPTY,FASTENED,39.0,HAUL_ROAD_NORTH,MUDDY,92.2,75.8,NONE,TSK-1031
2026-09-20T07:51:45Z,CAT-6060-201,OP-103,5122.07,1811.6,75.7,2.6,216.56,0.0,0,EXCAVATING,FASTENED,20.1,PIT_FLOOR_BENCH_B,SEVERE,97.2,79.4,NONE,TSK-1005
2026-09-20T07:51:45Z,CAT-994K-301,OP-104,9862.68,1590.1,55.9,0.6,99.41,3.0,5,LOADING,FASTENED,9.3,PIT_FLOOR_BENCH_B,NORMAL,91.6,77.3,NONE,TSK-1004
2026-09-20T07:51:45Z,CAT-D11-401,OP-105,16481.88,1923.3,80.9,4.6,137.81,0.0,1,DOZING,FASTENED,12.5,STAGING_BAY_4,MUDDY,97.3,79.5,NONE,TSK-1002
2026-09-20T07:52:30Z,CAT-797F-101,OP-101,8422.39,1602.1,50.8,26.1,117.47,3.8,3,HAULING_EMPTY,FASTENED,26.9,HAUL_ROAD_NORTH,SEVERE,93.7,75.5,NONE,TSK-1012
2026-09-20T07:52:30Z,CAT-797F-102,OP-102,14211.89,1504.9,54.5,33.0,129.97,3.8,3,HAULING_EMPTY,FASTENED,28.8,HAUL_ROAD_NORTH,MUDDY,92.3,75.8,NONE,TSK-1031
2026-09-20T07:52:30Z,CAT-6060-201,OP-103,5122.09,1845.5,77.7,3.8,218.01,0.0,0,EXCAVATING,FASTENED,12.0,PIT_FLOOR_BENCH_B,SEVERE,97.1,79.4,NONE,TSK-1005
2026-09-20T07:52:30Z,CAT-994K-301,OP-104,9862.69,1634.0,61.8,0.5,99.98,3.0,5,LOADING,FASTENED,6.7,PIT_FLOOR_BENCH_B,NORMAL,91.5,77.2,NONE,TSK-1004
2026-09-20T07:52:30Z,CAT-D11-401,OP-105,16481.89,1952.6,77.0,1.2,138.73,0.0,1,DOZING,FASTENED,14.0,STAGING_BAY_4,MUDDY,97.2,79.5,NONE,TSK-1002
2026-09-20T07:53:15Z,CAT-797F-101,OP-101,8422.4,1689.7,58.7,36.2,118.17,3.8,3,HAULING_EMPTY,FASTENED,42.3,HAUL_ROAD_NORTH,SEVERE,93.7,75.5,NONE,TSK-1012
2026-09-20T07:53:15Z,CAT-797F-102,OP-102,14211.9,1761.6,56.3,35.7,130.74,3.8,3,HAULING_EMPTY,FASTENED,39.6,HAUL_ROAD_NORTH,MUDDY,92.4,75.7,NONE,TSK-1031
2026-09-20T07:53:15Z,CAT-6060-201,OP-103,5122.1,1976.7,83.8,1.5,219.45,0.0,0,EXCAVATING,FASTENED,19.4,PIT_FLOOR_BENCH_B,SEVERE,97.1,79.4,NONE,TSK-1005
2026-09-20T07:53:15Z,CAT-994K-301,OP-104,9862.7,1586.7,68.7,0.9,100.55,3.0,5,LOADING,FASTENED,8.3,PIT_FLOOR_BENCH_B,NORMAL,91.5,77.2,NONE,TSK-1004
2026-09-20T07:53:15Z,CAT-D11-401,OP-105,16481.9,1817.1,91.4,3.5,139.65,0.0,1,DOZING,FASTENED,20.8,STAGING_BAY_4,MUDDY,97.3,79.5,NONE,TSK-1002
2026-09-20T07:54:00Z,CAT-797F-101,OP-101,8422.41,1712.9,57.8,39.4,118.88,3.8,3,HAULING_EMPTY,FASTENED,37.0,HAUL_ROAD_NORTH,SEVERE,93.7,75.5,NONE,TSK-1012
2026-09-20T07:54:00Z,CAT-797F-102,OP-102,14211.91,1652.1,49.0,32.1,131.51,3.8,3,HAULING_EMPTY,FASTENED,27.6,HAUL_ROAD_NORTH,MUDDY,92.4,75.6,NONE,TSK-1031
2026-09-20T07:54:00Z,CAT-6060-201,OP-103,5122.11,1931.3,77.4,1.4,220.89,0.0,0,EXCAVATING,FASTENED,19.4,PIT_FLOOR_BENCH_B,SEVERE,97.1,79.3,NONE,TSK-1005
2026-09-20T07:54:00Z,CAT-994K-301,OP-104,9862.71,1644.8,70.8,0.6,101.12,3.0,5,LOADING,FASTENED,8.0,PIT_FLOOR_BENCH_B,NORMAL,91.6,77.2,NONE,TSK-1004
2026-09-20T07:54:00Z,CAT-D11-401,OP-105,16481.91,1936.3,85.4,4.9,140.57,0.0,1,DOZING,FASTENED,13.4,STAGING_BAY_4,MUDDY,97.3,79.5,NONE,TSK-1002
2026-09-20T07:54:45Z,CAT-797F-101,OP-101,8422.43,1319.6,39.0,2.6,119.39,3.8,3,SPOTTING,FASTENED,10.6,CRUSHER_FEED_1,SEVERE,93.5,75.3,NONE,TSK-1012
2026-09-20T07:54:45Z,CAT-797F-102,OP-102,14211.93,1712.0,43.6,40.3,132.28,3.8,3,HAULING_EMPTY,FASTENED,40.9,HAUL_ROAD_NORTH,MUDDY,92.3,75.5,NONE,TSK-1031
2026-09-20T07:54:45Z,CAT-6060-201,OP-103,5122.12,1927.6,83.8,3.2,222.34,0.0,0,EXCAVATING,FASTENED,19.5,PIT_FLOOR_BENCH_B,SEVERE,97.1,79.3,NONE,TSK-1005
2026-09-20T07:54:45Z,CAT-994K-301,OP-104,9862.73,1548.2,67.9,0.1,101.68,3.0,5,LOADING,FASTENED,7.1,PIT_FLOOR_BENCH_B,NORMAL,91.6,77.2,NONE,TSK-1004
2026-09-20T07:54:45Z,CAT-D11-401,OP-105,16481.93,1924.2,89.3,4.2,141.49,0.0,1,DOZING,FASTENED,18.6,STAGING_BAY_4,MUDDY,97.4,79.6,NONE,TSK-1002
2026-09-20T07:55:30Z,CAT-797F-101,OP-101,8422.44,1181.6,41.8,1.7,119.91,3.8,3,SPOTTING,FASTENED,8.0,CRUSHER_FEED_1,SEVERE,93.3,75.2,NONE,TSK-1012
2026-09-20T07:55:30Z,CAT-797F-102,OP-102,14211.94,1259.7,46.6,1.3,132.84,3.8,3,SPOTTING,FASTENED,13.6,CRUSHER_FEED_1,MUDDY,92.3,75.4,NONE,TSK-1031
2026-09-20T07:55:30Z,CAT-6060-201,OP-103,5122.14,2044.8,81.5,1.4,223.78,0.0,0,EXCAVATING,FASTENED,8.1,PIT_FLOOR_BENCH_B,SEVERE,97.1,79.3,NONE,TSK-1005
2026-09-20T07:55:30Z,CAT-994K-301,OP-104,9862.74,1488.3,60.9,0.4,102.25,3.0,5,LOADING,FASTENED,8.7,PIT_FLOOR_BENCH_B,NORMAL,91.5,77.1,NONE,TSK-1004
2026-09-20T07:55:30Z,CAT-D11-401,OP-105,16481.94,1961.0,90.6,2.4,142.41,0.0,1,DOZING,FASTENED,20.1,STAGING_BAY_4,MUDDY,97.5,79.6,NONE,TSK-1002
2026-09-20T07:56:15Z,CAT-797F-101,OP-101,8422.45,1296.6,38.3,1.4,120.42,3.8,3,SPOTTING,FASTENED,9.4,CRUSHER_FEED_1,SEVERE,93.1,75.0,NONE,TSK-1012
2026-09-20T07:56:15Z,CAT-797F-102,OP-102,14211.95,1252.6,42.6,1.8,133.4,3.8,3,SPOTTING,FASTENED,7.9,CRUSHER_FEED_1,MUDDY,92.2,75.3,NONE,TSK-1031
2026-09-20T07:56:15Z,CAT-6060-201,OP-103,5122.15,2027.3,91.0,1.6,225.22,0.0,0,EXCAVATING,FASTENED,22.0,PIT_FLOOR_BENCH_B,SEVERE,97.2,79.4,NONE,TSK-1005
2026-09-20T07:56:15Z,CAT-994K-301,OP-104,9862.75,1471.5,55.3,0.9,102.82,3.0,5,LOADING,FASTENED,8.4,PIT_FLOOR_BENCH_B,NORMAL,91.3,77.0,NONE,TSK-1004
2026-09-20T07:56:15Z,CAT-D11-401,OP-105,16481.95,2047.1,76.6,3.6,143.33,0.0,1,DOZING,FASTENED,13.8,STAGING_BAY_4,MUDDY,97.4,79.6,NONE,TSK-1002
2026-09-20T07:57:00Z,CAT-797F-101,OP-101,8422.46,1586.3,63.5,1.0,121.08,3.8,3,LOADING,FASTENED,7.9,PIT_FLOOR_BENCH_A,SEVERE,93.2,75.1,NONE,TSK-1012
2026-09-20T07:57:00Z,CAT-797F-102,OP-102,14211.96,1218.9,32.1,1.8,133.97,3.8,3,SPOTTING,FASTENED,12.0,CRUSHER_FEED_1,MUDDY,92.1,75.1,NONE,TSK-1031
2026-09-20T07:57:00Z,CAT-6060-201,OP-103,5122.16,1830.8,92.6,3.3,226.67,0.0,0,EXCAVATING,FASTENED,8.5,PIT_FLOOR_BENCH_B,SEVERE,97.3,79.4,NONE,TSK-1005
2026-09-20T07:57:00Z,CAT-994K-301,OP-104,9862.76,1560.6,66.6,1.2,103.39,3.0,5,LOADING,FASTENED,6.4,PIT_FLOOR_BENCH_B,NORMAL,91.3,77.0,NONE,TSK-1004
2026-09-20T07:57:00Z,CAT-D11-401,OP-105,16481.96,1907.9,91.3,4.0,144.24,0.0,1,DOZING,FASTENED,11.9,STAGING_BAY_4,MUDDY,97.4,79.6,NONE,TSK-1002
2026-09-20T07:57:45Z,CAT-797F-101,OP-101,8422.48,1633.0,59.9,0.8,121.73,3.8,3,LOADING,FASTENED,9.3,PIT_FLOOR_BENCH_A,SEVERE,93.3,75.1,NONE,TSK-1012
2026-09-20T07:57:45Z,CAT-797F-102,OP-102,14211.98,1721.1,65.7,0.0,134.68,3.8,3,LOADING,FASTENED,8.3,PIT_FLOOR_BENCH_A,MUDDY,92.3,75.1,NONE,TSK-1031
2026-09-20T07:57:45Z,CAT-6060-201,OP-103,5122.17,1922.2,81.3,2.4,228.11,0.0,0,EXCAVATING,FASTENED,21.7,PIT_FLOOR_BENCH_B,SEVERE,97.2,79.4,NONE,TSK-1005
2026-09-20T07:57:45Z,CAT-994K-301,OP-104,9862.78,1468.4,64.5,0.2,103.96,3.0,5,LOADING,FASTENED,6.3,PIT_FLOOR_BENCH_B,NORMAL,91.3,76.9,NONE,TSK-1004
2026-09-20T07:57:45Z,CAT-D11-401,OP-105,16481.98,1992.7,86.9,2.1,145.16,0.0,1,DOZING,FASTENED,9.2,STAGING_BAY_4,MUDDY,97.4,79.6,NONE,TSK-1002
2026-09-20T07:58:30Z,CAT-797F-101,OP-101,8422.49,1533.4,57.7,0.3,122.39,3.8,3,LOADING,FASTENED,10.3,PIT_FLOOR_BENCH_A,SEVERE,93.3,75.1,NONE,TSK-1012
2026-09-20T07:58:30Z,CAT-797F-102,OP-102,14211.99,1483.5,58.5,0.7,135.4,3.8,3,LOADING,FASTENED,6.8,PIT_FLOOR_BENCH_A,MUDDY,92.4,75.1,NONE,TSK-1031
2026-09-20T07:58:30Z,CAT-6060-201,OP-103,5122.19,1895.5,90.2,4.4,229.56,0.0,0,EXCAVATING,FASTENED,12.8,PIT_FLOOR_BENCH_A,SEVERE,97.3,79.5,NONE,TSK-1005
2026-09-20T07:58:30Z,CAT-994K-301,OP-104,9862.79,1730.2,58.1,0.6,104.53,3.0,5,LOADING,FASTENED,11.0,PIT_FLOOR_BENCH_B,NORMAL,91.2,76.9,NONE,TSK-1004
2026-09-20T07:58:30Z,CAT-D11-401,OP-105,16481.99,1967.8,78.2,3.3,146.08,0.0,1,DOZING,FASTENED,19.8,STAGING_BAY_4,MUDDY,97.4,79.6,NONE,TSK-1002
2026-09-20T07:59:15Z,CAT-797F-101,OP-101,8422.5,1695.9,56.1,0.6,123.05,3.8,3,LOADING,FASTENED,8.4,PIT_FLOOR_BENCH_A,SEVERE,93.3,75.1,NONE,TSK-1012
2026-09-20T07:59:15Z,CAT-797F-102,OP-102,14212.0,1734.5,73.4,0.3,136.12,3.8,3,LOADING,FASTENED,9.4,PIT_FLOOR_BENCH_A,MUDDY,92.6,75.3,NONE,TSK-1031
2026-09-20T07:59:15Z,CAT-6060-201,OP-103,5122.2,1828.8,85.1,2.7,231.0,0.0,0,EXCAVATING,FASTENED,12.0,PIT_FLOOR_BENCH_A,SEVERE,97.3,79.5,NONE,TSK-1005
2026-09-20T07:59:15Z,CAT-994K-301,OP-104,9862.8,1544.7,65.6,1.1,105.1,3.0,5,LOADING,FASTENED,6.5,PIT_FLOOR_BENCH_B,NORMAL,91.2,76.8,NONE,TSK-1004
2026-09-20T07:59:15Z,CAT-D11-401,OP-105,16482.0,1856.1,91.0,3.4,147.0,0.0,1,DOZING,FASTENED,17.1,STAGING_BAY_4,MUDDY,97.4,79.6,NONE,TSK-1002
2026-09-20T08:00:00Z,CAT-797F-101,OP-101,8422.51,1690.7,60.1,0.7,123.7,3.8,3,LOADING,FASTENED,8.3,PIT_FLOOR_BENCH_A,SEVERE,93.3,75.1,NONE,TSK-1012
2026-09-20T08:00:00Z,CAT-797F-102,OP-102,14212.01,1522.5,68.4,0.9,136.84,3.8,3,LOADING,FASTENED,8.6,PIT_FLOOR_BENCH_A,MUDDY,92.8,75.4,NONE,TSK-1031
2026-09-20T08:00:00Z,CAT-6060-201,OP-103,5122.21,2048.0,81.0,1.0,232.44,0.0,0,EXCAVATING,FASTENED,8.1,PIT_FLOOR_BENCH_A,SEVERE,97.3,79.5,NONE,TSK-1005
2026-09-20T08:00:00Z,CAT-994K-301,OP-104,9862.81,1607.6,68.7,0.4,105.67,3.0,5,LOADING,FASTENED,9.6,PIT_FLOOR_BENCH_B,NORMAL,91.2,76.8,NONE,TSK-1004
2026-09-20T08:00:00Z,CAT-D11-401,OP-105,16482.01,1760.2,86.8,1.2,147.92,0.0,1,DOZING,FASTENED,16.3,STAGING_BAY_4,MUDDY,97.5,79.6,NONE,TSK-1002
2026-09-20T08:00:45Z,CAT-797F-101,OP-101,8422.53,1629.8,57.4,1.1,124.36,3.8,3,LOADING,FASTENED,6.4,PIT_FLOOR_BENCH_A,SEVERE,93.4,75.2,NONE,TSK-1012
2026-09-20T08:00:45Z,CAT-797F-102,OP-102,14212.03,1562.8,70.3,0.8,137.55,3.8,3,LOADING,FASTENED,10.0,PIT_FLOOR_BENCH_A,MUDDY,93.0,75.5,NONE,TSK-1031
2026-09-20T08:00:45Z,CAT-6060-201,OP-103,5122.22,1783.3,78.5,2.2,233.89,0.0,0,EXCAVATING,FASTENED,17.2,PIT_FLOOR_BENCH_A,SEVERE,97.2,79.4,NONE,TSK-1005
2026-09-20T08:00:45Z,CAT-994K-301,OP-104,9862.83,1748.6,70.4,0.8,106.23,3.0,5,LOADING,FASTENED,9.3,PIT_FLOOR_BENCH_B,NORMAL,91.3,76.9,NONE,TSK-1004
2026-09-20T08:00:45Z,CAT-D11-401,OP-105,16482.03,1827.2,89.8,2.1,148.84,0.0,1,DOZING,FASTENED,8.9,STAGING_BAY_4,MUDDY,97.5,79.7,NONE,TSK-1002
2026-09-20T08:01:30Z,CAT-797F-101,OP-101,8422.54,1527.5,71.3,0.2,125.02,3.8,3,LOADING,FASTENED,6.3,PIT_FLOOR_BENCH_A,SEVERE,93.5,75.3,NONE,TSK-1012
2026-09-20T08:01:30Z,CAT-797F-102,OP-102,14212.04,1510.2,62.9,0.8,138.27,3.8,3,LOADING,FASTENED,6.5,PIT_FLOOR_BENCH_A,MUDDY,93.1,75.5,NONE,TSK-1031
2026-09-20T08:01:30Z,CAT-6060-201,OP-103,5122.24,1879.4,86.7,1.4,235.33,0.0,0,EXCAVATING,FASTENED,14.2,PIT_FLOOR_BENCH_A,SEVERE,97.3,79.4,ENG-TEMP-HIGH-01,TSK-1005
2026-09-20T08:01:30Z,CAT-994K-301,OP-104,9862.84,1471.1,69.6,0.9,106.8,3.0,5,LOADING,FASTENED,6.1,PIT_FLOOR_BENCH_B,NORMAL,91.3,76.9,NONE,TSK-1004
2026-09-20T08:01:30Z,CAT-D11-401,OP-105,16482.04,1945.9,75.0,1.2,149.76,0.0,1,DOZING,FASTENED,13.5,STAGING_BAY_4,MUDDY,97.4,79.6,NONE,TSK-1002
2026-09-20T08:02:15Z,CAT-797F-101,OP-101,8422.55,1700.9,86.2,25.6,126.09,3.8,3,HAULING_LOADED,FASTENED,33.4,RAMP_ACCESS_EAST,SEVERE,93.8,75.5,NONE,TSK-1012
2026-09-20T08:02:15Z,CAT-797F-102,OP-102,14212.05,1756.5,79.7,24.6,139.45,3.8,3,HAULING_LOADED,FASTENED,41.8,RAMP_ACCESS_EAST,MUDDY,93.4,75.6,NONE,TSK-1031
2026-09-20T08:02:15Z,CAT-6060-201,OP-103,5122.25,1910.6,93.8,2.3,236.77,0.0,0,EXCAVATING,FASTENED,12.2,PIT_FLOOR_BENCH_A,SEVERE,97.4,79.5,NONE,TSK-1005
2026-09-20T08:02:15Z,CAT-994K-301,OP-104,9862.85,1474.1,64.2,0.9,107.37,3.0,5,LOADING,FASTENED,9.2,PIT_FLOOR_BENCH_B,NORMAL,91.3,76.9,NONE,TSK-1004
2026-09-20T08:02:15Z,CAT-D11-401,OP-105,16482.05,1761.8,82.3,1.8,150.68,0.0,1,DOZING,FASTENED,17.7,STAGING_BAY_4,MUDDY,97.4,79.6,NONE,TSK-1002
2026-09-20T08:03:00Z,CAT-797F-101,OP-101,8422.56,1789.8,73.7,23.9,127.17,3.8,3,HAULING_LOADED,FASTENED,40.6,RAMP_ACCESS_EAST,SEVERE,94.0,75.6,NONE,TSK-1012
2026-09-20T08:03:00Z,CAT-797F-102,OP-102,14212.06,1748.3,86.4,23.4,140.63,3.8,3,HAULING_LOADED,FASTENED,33.7,RAMP_ACCESS_EAST,MUDDY,93.8,75.9,NONE,TSK-1031
2026-09-20T08:03:00Z,CAT-6060-201,OP-103,5122.26,1912.2,80.8,3.1,238.22,0.0,0,EXCAVATING,FASTENED,19.7,PIT_FLOOR_BENCH_A,SEVERE,97.3,79.5,NONE,TSK-1005
2026-09-20T08:03:00Z,CAT-994K-301,OP-104,9862.86,1461.1,56.1,0.9,107.94,3.0,5,LOADING,FASTENED,6.2,PIT_FLOOR_BENCH_B,NORMAL,91.2,76.8,NONE,TSK-1004
2026-09-20T08:03:00Z,CAT-D11-401,OP-105,16482.06,1992.1,87.7,2.8,151.59,0.0,1,DOZING,FASTENED,17.5,STAGING_BAY_4,MUDDY,97.4,79.6,NONE,TSK-1002
2026-09-20T08:03:45Z,CAT-797F-101,OP-101,8422.58,1844.8,90.5,16.5,128.25,3.8,3,HAULING_LOADED,FASTENED,24.0,RAMP_ACCESS_EAST,SEVERE,94.3,75.8,NONE,TSK-1012
2026-09-20T08:03:45Z,CAT-797F-102,OP-102,14212.08,1817.8,90.4,16.6,141.81,3.8,3,HAULING_LOADED,FASTENED,39.6,RAMP_ACCESS_EAST,MUDDY,94.1,76.1,NONE,TSK-1031
2026-09-20T08:03:45Z,CAT-6060-201,OP-103,5122.27,1801.7,75.9,2.2,239.66,0.0,0,EXCAVATING,FASTENED,19.1,PIT_FLOOR_BENCH_A,SEVERE,97.2,79.4,NONE,TSK-1005
2026-09-20T08:03:45Z,CAT-994K-301,OP-104,9862.88,1627.3,71.4,0.1,108.51,3.0,5,LOADING,FASTENED,8.5,PIT_FLOOR_BENCH_B,NORMAL,91.3,76.8,NONE,TSK-1004
2026-09-20T08:03:45Z,CAT-D11-401,OP-105,16482.08,1816.2,90.3,2.7,152.51,0.0,1,DOZING,FASTENED,19.4,STAGING_BAY_4,MUDDY,97.4,79.6,NONE,TSK-1002
2026-09-20T08:04:30Z,CAT-797F-101,OP-101,8422.59,1781.1,91.5,23.2,129.33,3.8,3,HAULING_LOADED,FASTENED,23.8,RAMP_ACCESS_EAST,SEVERE,94.7,76.1,NONE,TSK-1012
2026-09-20T08:04:30Z,CAT-797F-102,OP-102,14212.09,1898.3,87.3,23.4,142.99,3.8,3,HAULING_LOADED,FASTENED,29.4,RAMP_ACCESS_EAST,MUDDY,94.4,76.3,NONE,TSK-1031
2026-09-20T08:04:30Z,CAT-6060-201,OP-103,5122.29,1792.4,82.9,3.8,241.11,0.0,0,EXCAVATING,FASTENED,15.7,PIT_FLOOR_BENCH_A,SEVERE,97.2,79.4,NONE,TSK-1005
2026-09-20T08:04:30Z,CAT-994K-301,OP-104,9862.89,1462.2,57.0,1.0,109.08,3.0,5,LOADING,FASTENED,9.1,PIT_FLOOR_BENCH_B,NORMAL,91.2,76.7,NONE,TSK-1004
2026-09-20T08:04:30Z,CAT-D11-401,OP-105,16482.09,1754.7,84.3,1.0,153.43,0.0,1,DOZING,FASTENED,10.5,STAGING_BAY_4,MUDDY,97.4,79.6,NONE,TSK-1002
2026-09-20T08:05:15Z,CAT-797F-101,OP-101,8422.6,1921.7,80.3,26.1,130.41,3.8,3,HAULING_LOADED,FASTENED,41.6,RAMP_ACCESS_EAST,SEVERE,94.8,76.2,NONE,TSK-1012
2026-09-20T08:05:15Z,CAT-797F-102,OP-102,14212.1,1751.5,84.8,22.5,144.17,3.8,3,HAULING_LOADED,FASTENED,31.5,RAMP_ACCESS_EAST,MUDDY,94.6,76.4,NONE,TSK-1031
2026-09-20T08:05:15Z,CAT-6060-201,OP-103,5122.3,1933.2,75.7,1.7,242.55,0.0,0,EXCAVATING,FASTENED,15.0,PIT_FLOOR_BENCH_A,SEVERE,97.1,79.3,NONE,TSK-1005
2026-09-20T08:05:15Z,CAT-994K-301,OP-104,9862.9,1684.8,62.0,0.0,109.65,3.0,5,LOADING,FASTENED,7.2,PIT_FLOOR_BENCH_B,NORMAL,91.1,76.7,NONE,TSK-1004
2026-09-20T08:05:15Z,CAT-D11-401,OP-105,16482.1,1909.1,76.8,2.4,154.35,0.0,1,DOZING,FASTENED,18.7,STAGING_BAY_4,MUDDY,97.3,79.6,NONE,TSK-1002
2026-09-20T08:06:00Z,CAT-797F-101,OP-101,8422.61,1892.6,85.2,19.5,131.48,3.8,3,HAULING_LOADED,FASTENED,25.4,RAMP_ACCESS_EAST,SEVERE,95.0,76.4,NONE,TSK-1012
2026-09-20T08:06:00Z,CAT-797F-102,OP-102,14212.11,1871.3,91.4,21.9,145.34,3.8,3,HAULING_LOADED,FASTENED,24.9,RAMP_ACCESS_EAST,MUDDY,94.9,76.7,NONE,TSK-1031
2026-09-20T08:06:00Z,CAT-6060-201,OP-103,5122.31,1762.9,87.3,2.1,243.99,0.0,0,EXCAVATING,FASTENED,14.1,PIT_FLOOR_BENCH_A,SEVERE,97.2,79.4,NONE,TSK-1005
2026-09-20T08:06:00Z,CAT-994K-301,OP-104,9862.91,1677.5,55.9,0.9,110.22,3.0,5,LOADING,FASTENED,10.6,PIT_FLOOR_BENCH_B,NORMAL,91.0,76.6,NONE,TSK-1004
2026-09-20T08:06:00Z,CAT-D11-401,OP-105,16482.11,1985.6,84.2,1.5,155.27,0.0,1,DOZING,FASTENED,20.5,STAGING_BAY_4,MUDDY,97.3,79.5,NONE,TSK-1002
2026-09-20T08:06:45Z,CAT-797F-101,OP-101,8422.63,1781.5,76.0,24.5,132.56,3.8,3,HAULING_LOADED,FASTENED,29.1,RAMP_ACCESS_EAST,SEVERE,95.1,76.5,NONE,TSK-1012
2026-09-20T08:06:45Z,CAT-797F-102,OP-102,14212.13,1781.5,74.0,25.2,146.52,3.8,3,HAULING_LOADED,FASTENED,44.4,RAMP_ACCESS_EAST,MUDDY,95.0,76.7,NONE,TSK-1031
2026-09-20T08:06:45Z,CAT-6060-201,OP-103,5122.32,1816.2,83.9,2.9,245.44,0.0,0,EXCAVATING,FASTENED,20.5,PIT_FLOOR_BENCH_A,SEVERE,97.2,79.4,NONE,TSK-1005
2026-09-20T08:06:45Z,CAT-994K-301,OP-104,9862.93,1490.9,69.4,0.8,110.78,3.0,5,LOADING,FASTENED,10.9,PIT_FLOOR_BENCH_B,NORMAL,91.1,76.6,NONE,TSK-1004
2026-09-20T08:06:45Z,CAT-D11-401,OP-105,16482.13,1788.2,88.2,1.2,156.19,0.0,1,DOZING,FASTENED,9.9,STAGING_BAY_4,MUDDY,97.4,79.6,NONE,TSK-1002
2026-09-20T08:07:30Z,CAT-797F-101,OP-101,8422.64,1742.8,78.9,27.1,133.64,3.8,3,HAULING_LOADED,FASTENED,36.9,RAMP_ACCESS_EAST,SEVERE,95.2,76.6,NONE,TSK-1012
2026-09-20T08:07:30Z,CAT-797F-102,OP-102,14212.14,1859.5,84.2,18.1,147.7,3.8,3,HAULING_LOADED,FASTENED,47.2,RAMP_ACCESS_EAST,MUDDY,95.2,76.9,NONE,TSK-1031
2026-09-20T08:07:30Z,CAT-6060-201,OP-103,5122.34,1775.9,91.3,3.0,246.88,0.0,0,EXCAVATING,FASTENED,21.9,PIT_FLOOR_BENCH_A,SEVERE,97.3,79.4,NONE,TSK-1005
2026-09-20T08:07:30Z,CAT-994K-301,OP-104,9862.94,1533.8,69.6,0.9,111.35,3.0,5,LOADING,FASTENED,7.2,PIT_FLOOR_BENCH_B,NORMAL,91.1,76.6,NONE,TSK-1004
2026-09-20T08:07:30Z,CAT-D11-401,OP-105,16482.14,1923.8,91.9,3.4,157.11,0.0,1,DOZING,FASTENED,10.1,STAGING_BAY_4,MUDDY,97.5,79.6,ENG-TEMP-HIGH-01,TSK-1002
2026-09-20T08:08:15Z,CAT-797F-101,OP-101,8422.65,1945.0,72.8,21.9,134.72,3.8,3,HAULING_LOADED,FASTENED,41.5,RAMP_ACCESS_EAST,SEVERE,95.3,76.6,NONE,TSK-1012
2026-09-20T08:08:15Z,CAT-797F-102,OP-102,14212.15,1832.8,81.6,26.0,148.88,3.8,3,HAULING_LOADED,FASTENED,43.0,RAMP_ACCESS_EAST,MUDDY,95.3,77.0,NONE,TSK-1031
2026-09-20T08:08:15Z,CAT-6060-201,OP-103,5122.35,1957.9,82.7,1.9,248.32,0.0,0,EXCAVATING,FASTENED,13.0,PIT_FLOOR_BENCH_A,SEVERE,97.3,79.4,NONE,TSK-1005
2026-09-20T08:08:15Z,CAT-994K-301,OP-104,9862.95,1454.8,68.4,0.2,111.92,3.0,5,LOADING,FASTENED,8.3,PIT_FLOOR_BENCH_B,NORMAL,91.2,76.6,NONE,TSK-1004
2026-09-20T08:08:15Z,CAT-D11-401,OP-105,16482.15,1925.1,93.6,2.9,158.02,0.0,1,DOZING,FASTENED,9.9,STAGING_BAY_4,MUDDY,97.5,79.7,NONE,TSK-1002
2026-09-20T08:09:00Z,CAT-797F-101,OP-101,8422.66,1917.9,84.5,24.8,135.8,3.8,3,HAULING_LOADED,FASTENED,20.0,RAMP_ACCESS_EAST,SEVERE,95.4,76.8,NONE,TSK-1012
2026-09-20T08:09:00Z,CAT-797F-102,OP-102,14212.16,1796.2,85.8,22.6,150.06,3.8,3,HAULING_LOADED,FASTENED,28.3,RAMP_ACCESS_EAST,MUDDY,95.5,77.1,NONE,TSK-1031
2026-09-20T08:09:00Z,CAT-6060-201,OP-103,5122.36,1959.4,86.6,3.3,249.77,0.0,0,EXCAVATING,FASTENED,10.9,PIT_FLOOR_BENCH_A,SEVERE,97.3,79.5,NONE,TSK-1005
2026-09-20T08:09:00Z,CAT-994K-301,OP-104,9862.96,1550.7,73.6,0.6,112.49,3.0,5,LOADING,FASTENED,10.6,PIT_FLOOR_BENCH_B,NORMAL,91.2,76.7,NONE,TSK-1004
2026-09-20T08:09:00Z,CAT-D11-401,OP-105,16482.16,1765.5,82.3,2.9,158.94,0.0,1,DOZING,FASTENED,8.6,STAGING_BAY_4,MUDDY,97.5,79.7,NONE,TSK-1002
2026-09-20T08:09:45Z,CAT-797F-101,OP-101,8422.68,1876.2,83.2,25.7,136.88,3.8,3,HAULING_LOADED,FASTENED,23.9,RAMP_ACCESS_EAST,SEVERE,95.6,76.9,NONE,TSK-1012
2026-09-20T08:09:45Z,CAT-797F-102,OP-102,14212.18,1834.9,85.0,25.2,151.24,3.8,3,HAULING_LOADED,FASTENED,41.1,RAMP_ACCESS_EAST,MUDDY,95.7,77.2,NONE,TSK-1031
2026-09-20T08:09:45Z,CAT-6060-201,OP-103,5122.37,1960.9,89.3,4.0,251.21,0.0,0,EXCAVATING,FASTENED,12.5,PIT_FLOOR_BENCH_A,SEVERE,97.3,79.5,NONE,TSK-1005
2026-09-20T08:09:45Z,CAT-994K-301,OP-104,9862.98,1576.9,56.1,0.4,113.06,3.0,5,LOADING,FASTENED,8.3,PIT_FLOOR_BENCH_B,NORMAL,91.1,76.6,NONE,TSK-1004
2026-09-20T08:09:45Z,CAT-D11-401,OP-105,16482.18,1998.9,83.9,3.1,159.86,0.0,1,DOZING,FASTENED,19.6,STAGING_BAY_4,MUDDY,97.5,79.7,NONE,TSK-1002
2026-09-20T08:10:30Z,CAT-797F-101,OP-101,8422.69,1792.0,85.5,24.7,137.95,3.8,3,HAULING_LOADED,FASTENED,47.4,RAMP_ACCESS_EAST,SEVERE,95.7,77.1,NONE,TSK-1012
2026-09-20T08:10:30Z,CAT-797F-102,OP-102,14212.19,1349.7,39.3,0.7,151.8,3.8,3,DUMPING,FASTENED,13.2,OVERBURDEN_DUMP_WEST,MUDDY,95.3,77.0,NONE,TSK-1031
2026-09-20T08:10:30Z,CAT-6060-201,OP-103,5122.39,2037.0,77.1,2.1,252.66,0.0,0,EXCAVATING,FASTENED,17.8,PIT_FLOOR_BENCH_A,SEVERE,97.3,79.4,NONE,TSK-1005
2026-09-20T08:10:30Z,CAT-994K-301,OP-104,9862.99,1606.2,67.5,0.4,113.63,3.0,5,LOADING,FASTENED,10.8,PIT_FLOOR_BENCH_B,NORMAL,91.2,76.6,NONE,TSK-1004
2026-09-20T08:10:30Z,CAT-D11-401,OP-105,16482.19,1876.0,89.0,1.1,160.78,0.0,1,DOZING,FASTENED,10.6,STAGING_BAY_4,MUDDY,97.5,79.7,NONE,TSK-1002
2026-09-20T08:11:15Z,CAT-797F-101,OP-101,8422.7,1908.7,82.4,20.2,139.03,3.8,3,HAULING_LOADED,FASTENED,36.2,RAMP_ACCESS_EAST,SEVERE,95.8,77.2,NONE,TSK-1012
2026-09-20T08:11:15Z,CAT-797F-102,OP-102,14212.2,1320.3,39.8,2.3,152.37,3.8,3,DUMPING,FASTENED,10.5,OVERBURDEN_DUMP_WEST,MUDDY,94.9,76.7,NONE,TSK-1031
2026-09-20T08:11:15Z,CAT-6060-201,OP-103,5122.4,1887.4,85.8,4.6,254.1,0.0,0,EXCAVATING,FASTENED,12.3,PIT_FLOOR_BENCH_A,SEVERE,97.3,79.4,NONE,TSK-1005
2026-09-20T08:11:15Z,CAT-994K-301,OP-104,9863.0,1561.6,60.8,1.0,114.2,3.0,5,LOADING,FASTENED,6.7,PIT_FLOOR_BENCH_B,NORMAL,91.1,76.6,NONE,TSK-1004
2026-09-20T08:11:15Z,CAT-D11-401,OP-105,16482.2,2036.9,86.8,1.6,161.7,0.0,1,DOZING,FASTENED,15.5,STAGING_BAY_4,MUDDY,97.5,79.7,NONE,TSK-1002
2026-09-20T08:12:00Z,CAT-797F-101,OP-101,8422.71,1877.0,90.1,25.9,140.11,3.8,3,HAULING_LOADED,FASTENED,24.5,RAMP_ACCESS_EAST,SEVERE,96.0,77.3,NONE,TSK-1012
2026-09-20T08:12:00Z,CAT-797F-102,OP-102,14212.21,1378.3,41.2,1.7,152.93,3.8,3,DUMPING,FASTENED,9.3,OVERBURDEN_DUMP_WEST,MUDDY,94.7,76.5,NONE,TSK-1031
2026-09-20T08:12:00Z,CAT-6060-201,OP-103,5122.41,1962.1,87.6,4.9,255.54,0.0,0,EXCAVATING,FASTENED,10.1,PIT_FLOOR_BENCH_A,SEVERE,97.3,79.5,NONE,TSK-1005
2026-09-20T08:12:00Z,CAT-994K-301,OP-104,9863.01,1571.4,65.0,0.2,114.77,3.0,5,LOADING,FASTENED,8.3,PIT_FLOOR_BENCH_A,NORMAL,91.1,76.6,NONE,TSK-1004
2026-09-20T08:12:00Z,CAT-D11-401,OP-105,16482.21,1751.3,89.0,4.9,162.62,0.0,1,DOZING,FASTENED,12.6,STAGING_BAY_4,MUDDY,97.6,79.7,NONE,TSK-1002
2026-09-20T08:12:45Z,CAT-797F-101,OP-101,8422.73,1772.5,90.9,28.3,141.19,3.8,3,HAULING_LOADED,FASTENED,36.1,RAMP_ACCESS_EAST,SEVERE,96.2,77.5,NONE,TSK-1012
2026-09-20T08:12:45Z,CAT-797F-102,OP-102,14212.23,1720.5,56.6,39.8,153.7,3.8,4,HAULING_EMPTY,FASTENED,26.6,HAUL_ROAD_SOUTH,MUDDY,94.6,76.5,NONE,TSK-1031
2026-09-20T08:12:45Z,CAT-6060-201,OP-103,5122.42,1842.4,82.6,4.4,256.99,0.0,0,EXCAVATING,FASTENED,14.2,PIT_FLOOR_BENCH_A,SEVERE,97.3,79.5,NONE,TSK-1005
2026-09-20T08:12:45Z,CAT-994K-301,OP-104,9863.03,1642.4,66.7,0.3,115.33,3.0,5,LOADING,FASTENED,10.7,PIT_FLOOR_BENCH_A,NORMAL,91.1,76.6,NONE,TSK-1004
2026-09-20T08:12:45Z,CAT-D11-401,OP-105,16482.23,1756.8,85.2,2.8,163.54,0.0,1,DOZING,FASTENED,17.4,STAGING_BAY_4,MUDDY,97.6,79.7,NONE,TSK-1002
2026-09-20T08:13:30Z,CAT-797F-101,OP-101,8422.74,1748.6,78.4,23.6,142.27,3.8,3,HAULING_LOADED,FASTENED,46.4,RAMP_ACCESS_EAST,SEVERE,96.2,77.5,NONE,TSK-1012
2026-09-20T08:13:30Z,CAT-797F-102,OP-102,14212.24,1615.5,45.0,38.9,154.47,3.8,4,HAULING_EMPTY,FASTENED,34.2,HAUL_ROAD_SOUTH,MUDDY,94.3,76.3,NONE,TSK-1033
2026-09-20T08:13:30Z,CAT-6060-201,OP-103,5122.44,1835.4,81.7,4.9,258.43,0.0,0,EXCAVATING,FASTENED,20.2,PIT_FLOOR_BENCH_A,SEVERE,97.3,79.4,NONE,TSK-1005
2026-09-20T08:13:30Z,CAT-994K-301,OP-104,9863.04,1583.3,74.9,1.0,115.9,3.0,5,LOADING,FASTENED,7.4,PIT_FLOOR_BENCH_A,NORMAL,91.2,76.6,NONE,TSK-1004
2026-09-20T08:13:30Z,CAT-D11-401,OP-105,16482.24,2041.1,83.1,4.6,164.46,0.0,1,DOZING,FASTENED,10.0,STAGING_BAY_4,MUDDY,97.5,79.7,NONE,TSK-1002
2026-09-20T08:14:15Z,CAT-797F-101,OP-101,8422.75,1184.9,47.8,1.9,142.78,3.8,3,DUMPING,FASTENED,9.0,OVERBURDEN_DUMP_WEST,SEVERE,95.9,77.3,NONE,TSK-1012
2026-09-20T08:14:15Z,CAT-797F-102,OP-102,14212.25,1689.0,49.5,24.1,155.24,3.8,4,HAULING_EMPTY,FASTENED,43.1,HAUL_ROAD_SOUTH,MUDDY,94.2,76.2,NONE,TSK-1033
2026-09-20T08:14:15Z,CAT-6060-201,OP-103,5122.45,1802.5,83.8,3.3,259.87,0.0,0,EXCAVATING,FASTENED,20.8,PIT_FLOOR_BENCH_A,SEVERE,97.3,79.4,NONE,TSK-1005
2026-09-20T08:14:15Z,CAT-994K-301,OP-104,9863.05,1536.8,64.8,1.0,116.47,3.0,5,LOADING,FASTENED,7.5,PIT_FLOOR_BENCH_A,NORMAL,91.2,76.6,NONE,TSK-1004
2026-09-20T08:14:15Z,CAT-D11-401,OP-105,16482.25,1898.2,89.1,1.9,165.37,0.0,1,DOZING,FASTENED,19.1,STAGING_BAY_4,MUDDY,97.6,79.7,NONE,TSK-1002
2026-09-20T08:15:00Z,CAT-797F-101,OP-101,8422.76,1279.4,42.2,0.8,143.3,3.8,3,DUMPING,FASTENED,11.5,OVERBURDEN_DUMP_WEST,SEVERE,95.5,77.1,NONE,TSK-1012
2026-09-20T08:15:00Z,CAT-797F-102,OP-102,14212.26,1557.4,60.1,35.3,156.0,3.8,4,HAULING_EMPTY,FASTENED,22.9,HAUL_ROAD_SOUTH,MUDDY,94.2,76.2,NONE,TSK-1033
2026-09-20T08:15:00Z,CAT-6060-201,OP-103,5122.46,1897.9,93.4,3.4,261.32,0.0,0,EXCAVATING,FASTENED,13.1,PIT_FLOOR_BENCH_A,SEVERE,97.4,79.5,NONE,TSK-1005
2026-09-20T08:15:00Z,CAT-994K-301,OP-104,9863.06,1562.0,69.7,0.0,117.04,3.0,5,LOADING,FASTENED,7.3,PIT_FLOOR_BENCH_A,NORMAL,91.3,76.7,NONE,TSK-1004
2026-09-20T08:15:00Z,CAT-D11-401,OP-105,16482.26,1793.8,83.8,3.8,166.29,0.0,1,DOZING,FASTENED,13.0,STAGING_BAY_4,MUDDY,97.5,79.7,NONE,TSK-1002
2026-09-20T08:15:45Z,CAT-797F-101,OP-101,8422.78,1278.1,47.3,0.6,143.81,3.8,3,DUMPING,FASTENED,8.7,OVERBURDEN_DUMP_WEST,SEVERE,95.3,76.9,NONE,TSK-1012
2026-09-20T08:15:45Z,CAT-797F-102,OP-102,14212.28,1524.6,45.9,35.0,156.77,3.8,4,HAULING_EMPTY,FASTENED,47.2,HAUL_ROAD_SOUTH,MUDDY,94.0,76.0,NONE,TSK-1033
2026-09-20T08:15:45Z,CAT-6060-201,OP-103,5122.47,1800.1,81.1,2.3,262.76,0.0,0,EXCAVATING,FASTENED,19.8,PIT_FLOOR_BENCH_A,SEVERE,97.3,79.5,NONE,TSK-1005
2026-09-20T08:15:45Z,CAT-994K-301,OP-104,9863.08,1659.4,62.3,0.6,117.61,3.0,5,LOADING,FASTENED,7.8,PIT_FLOOR_BENCH_A,NORMAL,91.2,76.6,NONE,TSK-1004
2026-09-20T08:15:45Z,CAT-D11-401,OP-105,16482.28,1791.1,80.3,4.1,167.21,0.0,1,DOZING,FASTENED,13.8,STAGING_BAY_4,MUDDY,97.5,79.7,NONE,TSK-1002
2026-09-20T08:16:30Z,CAT-797F-101,OP-101,8422.79,1766.1,57.9,33.8,144.52,3.8,4,HAULING_EMPTY,FASTENED,44.8,HAUL_ROAD_NORTH,SEVERE,95.1,76.9,NONE,TSK-1012
2026-09-20T08:16:30Z,CAT-797F-102,OP-102,14212.29,1770.7,56.3,36.3,157.54,3.8,4,HAULING_EMPTY,FASTENED,48.5,HAUL_ROAD_SOUTH,MUDDY,93.9,76.0,NONE,TSK-1033
2026-09-20T08:16:30Z,CAT-6060-201,OP-103,5122.49,2024.8,77.2,1.5,264.21,0.0,0,EXCAVATING,FASTENED,8.2,PIT_FLOOR_BENCH_A,SEVERE,97.2,79.4,NONE,TSK-1005
2026-09-20T08:16:30Z,CAT-994K-301,OP-104,9863.09,1491.7,63.8,1.2,118.18,3.0,5,LOADING,FASTENED,8.6,PIT_FLOOR_BENCH_A,NORMAL,91.2,76.6,NONE,TSK-1004
2026-09-20T08:16:30Z,CAT-D11-401,OP-105,16482.29,1801.7,80.8,4.0,168.13,0.0,1,DOZING,FASTENED,9.7,STAGING_BAY_4,MUDDY,97.4,79.6,NONE,TSK-1002
2026-09-20T08:17:15Z,CAT-797F-101,OP-101,8422.8,1720.2,48.1,27.7,145.22,3.8,4,HAULING_EMPTY,FASTENED,54.4,HAUL_ROAD_NORTH,MODERATE,94.6,76.7,NONE,TSK-1016
2026-09-20T08:17:15Z,CAT-797F-102,OP-102,14212.3,1744.2,44.2,24.3,158.31,3.8,4,HAULING_EMPTY,FASTENED,38.0,HAUL_ROAD_SOUTH,MUDDY,93.8,75.8,NONE,TSK-1033
2026-09-20T08:17:15Z,CAT-6060-201,OP-103,5122.5,1808.9,75.6,3.6,265.65,0.0,0,EXCAVATING,FASTENED,16.3,PIT_FLOOR_BENCH_A,SEVERE,97.2,79.4,NONE,TSK-1005
2026-09-20T08:17:15Z,CAT-994K-301,OP-104,9863.1,1463.0,61.0,0.0,118.75,3.0,5,LOADING,FASTENED,6.5,PIT_FLOOR_BENCH_A,NORMAL,91.1,76.6,NONE,TSK-1004
2026-09-20T08:17:15Z,CAT-D11-401,OP-105,16482.3,1930.5,86.2,1.8,169.05,0.0,1,DOZING,FASTENED,17.4,STAGING_BAY_4,MUDDY,97.4,79.6,NONE,TSK-1002
2026-09-20T08:18:00Z,CAT-797F-101,OP-101,8422.81,1738.8,47.5,34.1,145.92,3.8,4,HAULING_EMPTY,FASTENED,33.6,HAUL_ROAD_NORTH,MODERATE,94.1,76.5,NONE,TSK-1016
2026-09-20T08:18:00Z,CAT-797F-102,OP-102,14212.31,1749.9,54.3,32.8,159.08,3.8,4,HAULING_EMPTY,FASTENED,24.3,HAUL_ROAD_SOUTH,MUDDY,93.7,75.8,NONE,TSK-1033
2026-09-20T08:18:00Z,CAT-6060-201,OP-103,5122.51,1979.0,85.0,3.9,267.09,0.0,0,EXCAVATING,FASTENED,21.5,PIT_FLOOR_BENCH_A,SEVERE,97.2,79.4,NONE,TSK-1005
2026-09-20T08:18:00Z,CAT-994K-301,OP-104,9863.11,1451.3,69.5,1.1,119.32,3.0,5,LOADING,FASTENED,10.6,PIT_FLOOR_BENCH_A,NORMAL,91.2,76.6,NONE,TSK-1004
2026-09-20T08:18:00Z,CAT-D11-401,OP-105,16482.31,1892.4,88.3,1.7,169.97,0.0,1,DOZING,FASTENED,17.4,STAGING_BAY_4,MUDDY,97.5,79.7,NONE,TSK-1002
2026-09-20T08:18:45Z,CAT-797F-101,OP-101,8422.83,1814.0,50.5,33.0,146.62,3.8,4,HAULING_EMPTY,FASTENED,35.5,HAUL_ROAD_NORTH,MODERATE,93.7,76.4,NONE,TSK-1016
2026-09-20T08:18:45Z,CAT-797F-102,OP-102,14212.33,1600.6,51.3,33.1,159.85,3.8,4,HAULING_EMPTY,FASTENED,38.4,HAUL_ROAD_SOUTH,MUDDY,93.6,75.7,NONE,TSK-1033
2026-09-20T08:18:45Z,CAT-6060-201,OP-103,5122.52,1836.5,88.7,1.3,268.54,0.0,0,EXCAVATING,FASTENED,14.9,PIT_FLOOR_BENCH_A,SEVERE,97.2,79.4,NONE,TSK-1005
2026-09-20T08:18:45Z,CAT-994K-301,OP-104,9863.13,1670.9,68.7,1.0,119.88,3.0,5,LOADING,FASTENED,7.1,PIT_FLOOR_BENCH_A,NORMAL,91.2,76.6,NONE,TSK-1004
2026-09-20T08:18:45Z,CAT-D11-401,OP-105,16482.33,2045.5,83.1,4.4,170.89,0.0,1,DOZING,FASTENED,20.5,STAGING_BAY_4,MUDDY,97.4,79.6,NONE,TSK-1002
2026-09-20T08:19:30Z,CAT-797F-101,OP-101,8422.84,1617.6,42.3,35.8,147.33,3.8,4,HAULING_EMPTY,FASTENED,44.2,HAUL_ROAD_NORTH,MODERATE,93.3,76.2,NONE,TSK-1016
2026-09-20T08:19:30Z,CAT-797F-102,OP-102,14212.34,1667.3,55.5,26.1,160.62,3.8,4,HAULING_EMPTY,FASTENED,35.0,HAUL_ROAD_SOUTH,MUDDY,93.6,75.6,NONE,TSK-1033
2026-09-20T08:19:30Z,CAT-6060-201,OP-103,5122.54,2043.3,89.1,4.6,269.98,0.0,0,EXCAVATING,FASTENED,10.4,PIT_FLOOR_BENCH_A,SEVERE,97.3,79.5,NONE,TSK-1005
2026-09-20T08:19:30Z,CAT-994K-301,OP-104,9863.14,1510.1,71.9,0.5,120.45,3.0,5,LOADING,FASTENED,7.2,PIT_FLOOR_BENCH_A,NORMAL,91.3,76.7,NONE,TSK-1004
2026-09-20T08:19:30Z,CAT-D11-401,OP-105,16482.34,1899.7,89.5,4.1,171.81,0.0,1,DOZING,FASTENED,16.3,STAGING_BAY_4,MUDDY,97.5,79.7,NONE,TSK-1002
2026-09-20T08:20:15Z,CAT-797F-101,OP-101,8422.85,1801.8,49.1,35.7,148.03,3.8,4,HAULING_EMPTY,FASTENED,53.4,HAUL_ROAD_NORTH,MODERATE,92.9,76.1,NONE,TSK-1016
2026-09-20T08:20:15Z,CAT-797F-102,OP-102,14212.35,1663.7,44.9,32.0,161.39,3.8,4,HAULING_EMPTY,FASTENED,26.0,HAUL_ROAD_SOUTH,MUDDY,93.4,75.5,NONE,TSK-1033
2026-09-20T08:20:15Z,CAT-6060-201,OP-103,5122.55,1819.2,92.9,1.1,271.42,0.0,0,EXCAVATING,FASTENED,18.3,PIT_FLOOR_BENCH_A,SEVERE,97.4,79.5,NONE,TSK-1005
2026-09-20T08:20:15Z,CAT-994K-301,OP-104,9863.15,1631.4,61.5,0.4,121.02,3.0,5,LOADING,FASTENED,9.1,PIT_FLOOR_BENCH_B,NORMAL,91.2,76.6,NONE,TSK-1004
2026-09-20T08:20:15Z,CAT-D11-401,OP-105,16482.35,1948.3,84.9,3.0,172.72,0.0,1,DOZING,FASTENED,14.5,STAGING_BAY_4,MUDDY,97.5,79.7,NONE,TSK-1002
2026-09-20T08:21:00Z,CAT-797F-101,OP-101,8422.86,1661.5,52.8,38.2,148.73,3.8,4,HAULING_EMPTY,FASTENED,39.8,HAUL_ROAD_NORTH,MODERATE,92.6,76.0,NONE,TSK-1016
2026-09-20T08:21:00Z,CAT-797F-102,OP-102,14212.36,1744.5,61.8,39.4,162.16,3.8,4,HAULING_EMPTY,FASTENED,25.9,HAUL_ROAD_SOUTH,MUDDY,93.5,75.5,NONE,TSK-1033
2026-09-20T08:21:00Z,CAT-6060-201,OP-103,5122.56,707.6,10.2,0.0,271.7,0.8,0,IDLE,FASTENED,21.8,STAGING_BAY_4,SEVERE,96.6,78.9,NONE,TSK-1005
2026-09-20T08:21:00Z,CAT-994K-301,OP-104,9863.16,1661.8,64.8,0.2,121.59,3.0,5,LOADING,FASTENED,9.6,PIT_FLOOR_BENCH_B,NORMAL,91.2,76.6,NONE,TSK-1004
2026-09-20T08:21:00Z,CAT-D11-401,OP-105,16482.36,1897.2,85.5,3.2,173.64,0.0,1,DOZING,FASTENED,14.6,STAGING_BAY_4,MUDDY,97.5,79.7,NONE,TSK-1002
2026-09-20T08:21:45Z,CAT-797F-101,OP-101,8422.88,1517.8,47.3,34.3,149.44,3.8,4,HAULING_EMPTY,FASTENED,34.5,HAUL_ROAD_NORTH,MODERATE,92.3,75.9,NONE,TSK-1016
2026-09-20T08:21:45Z,CAT-797F-102,OP-102,14212.38,1189.7,32.5,0.6,162.72,3.8,4,SPOTTING,FASTENED,12.8,CRUSHER_FEED_1,MUDDY,93.2,75.3,NONE,TSK-1033
2026-09-20T08:21:45Z,CAT-6060-201,OP-103,5122.57,724.5,10.2,0.0,271.97,1.5,0,IDLE,FASTENED,26.5,STAGING_BAY_4,SEVERE,95.8,78.4,NONE,TSK-1005
2026-09-20T08:21:45Z,CAT-994K-301,OP-104,9863.18,1479.2,61.9,0.4,122.16,3.0,5,LOADING,FASTENED,7.8,PIT_FLOOR_BENCH_B,NORMAL,91.2,76.6,NONE,TSK-1004
2026-09-20T08:21:45Z,CAT-D11-401,OP-105,16482.38,1824.3,87.3,3.4,174.56,0.0,1,DOZING,FASTENED,20.7,STAGING_BAY_4,MUDDY,97.5,79.7,NONE,TSK-1002
2026-09-20T08:22:30Z,CAT-797F-101,OP-101,8422.89,1608.0,42.4,29.7,150.14,3.8,4,HAULING_EMPTY,FASTENED,37.2,HAUL_ROAD_NORTH,MODERATE,92.0,75.8,NONE,TSK-1016
2026-09-20T08:22:30Z,CAT-797F-102,OP-102,14212.39,1259.1,46.4,1.2,163.28,3.8,4,SPOTTING,FASTENED,11.7,CRUSHER_FEED_1,MUDDY,93.1,75.2,NONE,TSK-1033
2026-09-20T08:22:30Z,CAT-6060-201,OP-103,5122.59,739.1,12.3,0.0,272.25,2.2,0,IDLE,FASTENED,19.5,STAGING_BAY_4,SEVERE,95.1,77.9,NONE,TSK-1005
2026-09-20T08:22:30Z,CAT-994K-301,OP-104,9863.19,1692.5,57.0,0.8,122.73,3.0,5,LOADING,FASTENED,7.7,PIT_FLOOR_BENCH_B,NORMAL,91.1,76.5,NONE,TSK-1004
2026-09-20T08:22:30Z,CAT-D11-401,OP-105,16482.39,1979.5,81.5,3.5,175.48,0.0,1,DOZING,FASTENED,13.1,STAGING_BAY_4,MUDDY,97.4,79.7,NONE,TSK-1002
2026-09-20T08:23:15Z,CAT-797F-101,OP-101,8422.9,1771.1,57.7,38.7,150.84,3.8,4,HAULING_EMPTY,FASTENED,39.7,HAUL_ROAD_NORTH,MODERATE,91.8,75.7,NONE,TSK-1016
2026-09-20T08:23:15Z,CAT-797F-102,OP-102,14212.4,1113.3,47.9,1.6,163.85,3.8,4,SPOTTING,FASTENED,8.2,CRUSHER_FEED_1,MUDDY,93.1,75.2,NONE,TSK-1033
2026-09-20T08:23:15Z,CAT-6060-201,OP-103,5122.6,685.5,15.1,0.0,272.52,3.0,0,IDLE,FASTENED,15.3,STAGING_BAY_4,SEVERE,94.5,77.4,NONE,TSK-1005
2026-09-20T08:23:15Z,CAT-994K-301,OP-104,9863.2,1470.2,71.0,0.6,123.3,3.0,5,LOADING,FASTENED,7.0,PIT_FLOOR_BENCH_B,NORMAL,91.2,76.5,NONE,TSK-1004
2026-09-20T08:23:15Z,CAT-D11-401,OP-105,16482.4,1945.5,80.7,4.2,176.4,0.0,1,DOZING,FASTENED,14.1,STAGING_BAY_4,MUDDY,97.4,79.6,NONE,TSK-1002
2026-09-20T08:24:00Z,CAT-797F-101,OP-101,8422.91,1628.7,54.5,31.9,151.55,3.8,4,HAULING_EMPTY,FASTENED,47.2,HAUL_ROAD_NORTH,MODERATE,91.6,75.7,NONE,TSK-1016
2026-09-20T08:24:00Z,CAT-797F-102,OP-102,14212.41,1623.1,59.3,1.2,164.56,3.8,4,LOADING,FASTENED,9.7,PIT_FLOOR_BENCH_A,MUDDY,93.1,75.2,NONE,TSK-1033
2026-09-20T08:24:00Z,CAT-6060-201,OP-103,5122.61,736.2,13.2,0.0,272.8,3.8,0,IDLE,FASTENED,22.6,STAGING_BAY_4,SEVERE,93.9,76.9,NONE,TSK-1005
2026-09-20T08:24:00Z,CAT-994K-301,OP-104,9863.21,1559.3,58.0,0.2,123.87,3.0,5,LOADING,FASTENED,9.4,PIT_FLOOR_BENCH_A,NORMAL,91.1,76.5,NONE,TSK-1004
2026-09-20T08:24:00Z,CAT-D11-401,OP-105,16482.41,1880.6,81.1,4.3,177.32,0.0,1,DOZING,FASTENED,8.9,STAGING_BAY_4,MUDDY,97.4,79.6,NONE,TSK-1002
2026-09-20T08:24:45Z,CAT-797F-101,OP-101,8422.93,1763.6,54.9,28.5,152.25,3.8,4,HAULING_EMPTY,FASTENED,41.8,HAUL_ROAD_NORTH,MODERATE,91.5,75.6,NONE,TSK-1016
2026-09-20T08:24:45Z,CAT-797F-102,OP-102,14212.43,1484.1,58.8,0.3,165.28,3.8,4,LOADING,FASTENED,10.1,PIT_FLOOR_BENCH_A,MUDDY,93.2,75.2,NONE,TSK-1033
2026-09-20T08:24:45Z,CAT-6060-201,OP-103,5122.62,713.6,12.6,0.0,273.07,4.5,0,IDLE,FASTENED,23.1,STAGING_BAY_4,SEVERE,93.4,76.5,NONE,TSK-1005
2026-09-20T08:24:45Z,CAT-994K-301,OP-104,9863.23,1497.8,57.7,0.3,124.43,3.0,5,LOADING,FASTENED,10.0,PIT_FLOOR_BENCH_A,NORMAL,91.0,76.4,NONE,TSK-1004
2026-09-20T08:24:45Z,CAT-D11-401,OP-105,16482.43,1802.8,91.2,4.9,178.24,0.0,1,DOZING,FASTENED,14.8,STAGING_BAY_4,MUDDY,97.4,79.6,NONE,TSK-1002
2026-09-20T08:25:30Z,CAT-797F-101,OP-101,8422.94,1526.9,54.0,39.2,152.95,3.8,4,HAULING_EMPTY,FASTENED,51.7,HAUL_ROAD_NORTH,MODERATE,91.3,75.6,NONE,TSK-1016
2026-09-20T08:25:30Z,CAT-797F-102,OP-102,14212.44,1559.0,68.1,0.1,166.0,3.8,4,LOADING,FASTENED,10.7,PIT_FLOOR_BENCH_A,MUDDY,93.3,75.3,NONE,TSK-1033
2026-09-20T08:25:30Z,CAT-6060-201,OP-103,5122.64,1906.6,90.8,4.8,274.52,4.5,1,EXCAVATING,FASTENED,21.0,PIT_FLOOR_BENCH_A,SEVERE,93.8,76.7,NONE,TSK-1005
2026-09-20T08:25:30Z,CAT-994K-301,OP-104,9863.24,1715.4,59.8,0.1,125.0,3.0,5,LOADING,FASTENED,10.0,PIT_FLOOR_BENCH_A,NORMAL,90.9,76.4,NONE,TSK-1004
2026-09-20T08:25:30Z,CAT-D11-401,OP-105,16482.44,1925.3,82.4,4.0,179.16,0.0,1,DOZING,FASTENED,11.3,STAGING_BAY_4,MUDDY,97.4,79.6,NONE,TSK-1002
2026-09-20T08:26:15Z,CAT-797F-101,OP-101,8422.95,1160.0,36.4,1.6,153.47,3.8,4,SPOTTING,FASTENED,13.0,CRUSHER_FEED_1,MODERATE,91.0,75.4,NONE,TSK-1016
2026-09-20T08:26:15Z,CAT-797F-102,OP-102,14212.45,1610.0,69.0,0.1,166.72,3.8,4,LOADING,FASTENED,8.7,PIT_FLOOR_BENCH_A,MUDDY,93.5,75.4,NONE,TSK-1033
2026-09-20T08:26:15Z,CAT-6060-201,OP-103,5122.65,1823.9,80.3,4.1,275.96,4.5,1,EXCAVATING,FASTENED,10.0,PIT_FLOOR_BENCH_A,SEVERE,94.0,76.8,NONE,TSK-1005
2026-09-20T08:26:15Z,CAT-994K-301,OP-104,9863.25,1560.3,61.2,0.8,125.57,3.0,5,LOADING,FASTENED,10.5,PIT_FLOOR_BENCH_A,NORMAL,90.9,76.3,NONE,TSK-1004
2026-09-20T08:26:15Z,CAT-D11-401,OP-105,16482.45,1971.8,90.2,1.2,180.07,0.0,1,DOZING,FASTENED,20.8,STAGING_BAY_4,MUDDY,97.5,79.7,NONE,TSK-1002
2026-09-20T08:27:00Z,CAT-797F-101,OP-101,8422.96,1207.7,42.2,2.4,153.98,3.8,4,SPOTTING,FASTENED,13.3,CRUSHER_FEED_1,MODERATE,90.7,75.3,NONE,TSK-1016
2026-09-20T08:27:00Z,CAT-797F-102,OP-102,14212.46,1797.1,90.2,20.9,167.9,3.8,4,HAULING_LOADED,FASTENED,47.4,HAUL_ROAD_SOUTH,MUDDY,93.8,75.6,NONE,TSK-1033
2026-09-20T08:27:00Z,CAT-6060-201,OP-103,5122.66,1777.1,90.6,1.9,277.41,4.5,1,EXCAVATING,FASTENED,10.9,PIT_FLOOR_BENCH_A,SEVERE,94.3,77.0,NONE,TSK-1005
2026-09-20T08:27:00Z,CAT-994K-301,OP-104,9863.26,1801.6,72.7,26.8,126.51,3.0,5,HAULING_LOADED,FASTENED,43.0,RAMP_ACCESS_EAST,NORMAL,91.0,76.4,NONE,TSK-1004
2026-09-20T08:27:00Z,CAT-D11-401,OP-105,16482.46,1891.3,82.8,4.4,180.99,0.0,1,DOZING,FASTENED,18.0,STAGING_BAY_4,MUDDY,97.4,79.6,NONE,TSK-1002
2026-09-20T08:27:45Z,CAT-797F-101,OP-101,8422.98,1601.9,62.0,0.7,154.64,3.8,4,LOADING,FASTENED,10.1,PIT_FLOOR_BENCH_B,MODERATE,90.7,75.3,NONE,TSK-1016
2026-09-20T08:27:45Z,CAT-797F-102,OP-102,14212.48,1813.3,72.5,16.7,169.07,3.8,4,HAULING_LOADED,FASTENED,38.0,HAUL_ROAD_SOUTH,MUDDY,94.0,75.7,NONE,TSK-1033
2026-09-20T08:27:45Z,CAT-6060-201,OP-103,5122.67,1987.3,77.6,2.6,278.85,4.5,1,EXCAVATING,FASTENED,16.8,PIT_FLOOR_BENCH_A,SEVERE,94.5,77.0,NONE,TSK-1005
2026-09-20T08:27:45Z,CAT-994K-301,OP-104,9863.28,1720.6,75.2,22.5,127.44,3.0,5,HAULING_LOADED,FASTENED,47.2,RAMP_ACCESS_EAST,NORMAL,91.1,76.5,NONE,TSK-1004
2026-09-20T08:27:45Z,CAT-D11-401,OP-105,16482.48,1978.9,91.1,3.7,181.91,0.0,1,DOZING,FASTENED,19.1,STAGING_BAY_4,MUDDY,97.5,79.7,NONE,TSK-1002
2026-09-20T08:28:30Z,CAT-797F-101,OP-101,8422.99,1670.6,60.2,0.8,155.3,3.8,4,LOADING,FASTENED,10.1,PIT_FLOOR_BENCH_B,MODERATE,90.7,75.3,NONE,TSK-1016
2026-09-20T08:28:30Z,CAT-797F-102,OP-102,14212.49,1749.7,80.3,18.3,170.25,3.8,4,HAULING_LOADED,FASTENED,44.5,HAUL_ROAD_SOUTH,MUDDY,94.2,75.9,NONE,TSK-1033
2026-09-20T08:28:30Z,CAT-6060-201,OP-103,5122.69,2015.3,79.3,4.8,280.29,4.5,1,EXCAVATING,FASTENED,20.9,PIT_FLOOR_BENCH_A,SEVERE,94.7,77.1,NONE,TSK-1005
2026-09-20T08:28:30Z,CAT-994K-301,OP-104,9863.29,1856.7,90.1,28.2,128.37,3.0,5,HAULING_LOADED,FASTENED,25.6,RAMP_ACCESS_EAST,NORMAL,91.4,76.7,NONE,TSK-1004
2026-09-20T08:28:30Z,CAT-D11-401,OP-105,16482.49,1800.6,82.6,2.7,182.83,0.0,1,DOZING,FASTENED,11.6,STAGING_BAY_4,MUDDY,97.5,79.7,NONE,TSK-1002
2026-09-20T08:29:15Z,CAT-797F-101,OP-101,8423.0,1734.2,57.3,0.9,155.95,3.8,4,LOADING,FASTENED,8.2,PIT_FLOOR_BENCH_B,MODERATE,90.7,75.3,NONE,TSK-1016
2026-09-20T08:29:15Z,CAT-797F-102,OP-102,14212.5,1813.4,85.5,17.5,171.43,3.8,4,HAULING_LOADED,FASTENED,40.0,HAUL_ROAD_SOUTH,MUDDY,94.5,76.1,NONE,TSK-1033
2026-09-20T08:29:15Z,CAT-6060-201,OP-103,5122.7,2008.6,89.9,2.2,281.74,4.5,1,EXCAVATING,FASTENED,14.9,PIT_FLOOR_BENCH_A,SEVERE,95.0,77.3,NONE,TSK-1005
2026-09-20T08:29:15Z,CAT-994K-301,OP-104,9863.3,1914.1,84.0,28.4,129.31,3.0,5,HAULING_LOADED,FASTENED,27.9,RAMP_ACCESS_EAST,NORMAL,91.6,76.8,NONE,TSK-1004
2026-09-20T08:29:15Z,CAT-D11-401,OP-105,16482.5,1875.5,82.8,1.6,183.75,0.0,1,DOZING,FASTENED,12.1,STAGING_BAY_4,MUDDY,97.4,79.6,NONE,TSK-1002
2026-09-20T08:30:00Z,CAT-797F-101,OP-101,8423.01,1722.2,62.4,0.8,156.61,3.8,4,LOADING,FASTENED,8.3,PIT_FLOOR_BENCH_B,MODERATE,90.7,75.3,NONE,TSK-1016
2026-09-20T08:30:00Z,CAT-797F-102,OP-102,14212.51,1733.3,78.5,24.7,172.61,3.8,4,HAULING_LOADED,FASTENED,39.2,HAUL_ROAD_SOUTH,MUDDY,94.6,76.2,NONE,TSK-1033
2026-09-20T08:30:00Z,CAT-6060-201,OP-103,5122.71,1962.5,89.0,2.0,283.18,4.5,1,EXCAVATING,FASTENED,9.3,PIT_FLOOR_BENCH_A,SEVERE,95.2,77.4,NONE,TSK-1005
2026-09-20T08:30:00Z,CAT-994K-301,OP-104,9863.31,1783.2,76.7,27.4,130.24,3.0,5,HAULING_LOADED,FASTENED,47.9,RAMP_ACCESS_EAST,NORMAL,91.7,76.9,NONE,TSK-1004
2026-09-20T08:30:00Z,CAT-D11-401,OP-105,16482.51,2040.2,86.4,4.0,184.67,0.0,1,DOZING,FASTENED,8.6,STAGING_BAY_4,MUDDY,97.4,79.6,NONE,TSK-1002
2026-09-20T08:30:45Z,CAT-797F-101,OP-101,8423.03,1540.8,62.9,0.4,157.27,3.8,4,LOADING,FASTENED,10.8,PIT_FLOOR_BENCH_B,MODERATE,90.7,75.4,NONE,TSK-1016
2026-09-20T08:30:45Z,CAT-797F-102,OP-102,14212.53,1845.1,77.2,22.3,173.79,3.8,4,HAULING_LOADED,FASTENED,46.0,HAUL_ROAD_SOUTH,MUDDY,94.8,76.3,NONE,TSK-1033
2026-09-20T08:30:45Z,CAT-6060-201,OP-103,5122.72,1789.6,81.0,3.1,284.62,4.5,1,EXCAVATING,FASTENED,10.0,PIT_FLOOR_BENCH_A,SEVERE,95.3,77.5,NONE,TSK-1005
2026-09-20T08:30:45Z,CAT-994K-301,OP-104,9863.33,1711.0,74.6,26.9,131.18,3.0,5,HAULING_LOADED,FASTENED,43.4,RAMP_ACCESS_EAST,NORMAL,91.8,76.9,NONE,TSK-1004
2026-09-20T08:30:45Z,CAT-D11-401,OP-105,16482.53,2027.9,80.4,4.5,185.59,0.0,1,DOZING,FASTENED,16.6,STAGING_BAY_4,MUDDY,97.4,79.6,NONE,TSK-1002
2026-09-20T08:31:30Z,CAT-797F-101,OP-101,8423.04,1923.2,78.3,28.4,158.34,3.8,4,HAULING_LOADED,FASTENED,41.4,HAUL_ROAD_SOUTH,MODERATE,90.9,75.5,NONE,TSK-1016
2026-09-20T08:31:30Z,CAT-797F-102,OP-102,14212.54,1913.3,85.1,26.0,174.97,3.8,4,HAULING_LOADED,FASTENED,21.5,HAUL_ROAD_SOUTH,MUDDY,95.0,76.5,NONE,TSK-1033
2026-09-20T08:31:30Z,CAT-6060-201,OP-103,5122.74,1819.0,75.7,2.0,286.07,4.5,1,EXCAVATING,FASTENED,17.9,PIT_FLOOR_BENCH_A,SEVERE,95.4,77.5,NONE,TSK-1005
2026-09-20T08:31:30Z,CAT-994K-301,OP-104,9863.34,1948.8,90.5,16.5,132.11,3.0,5,HAULING_LOADED,FASTENED,30.0,RAMP_ACCESS_EAST,NORMAL,92.0,77.1,NONE,TSK-1004
2026-09-20T08:31:30Z,CAT-D11-401,OP-105,16482.54,1895.6,84.4,4.4,186.51,0.0,1,DOZING,FASTENED,20.1,STAGING_BAY_4,MUDDY,97.4,79.6,NONE,TSK-1002
2026-09-20T08:32:15Z,CAT-797F-101,OP-101,8423.05,1917.0,75.6,18.1,159.42,3.8,4,HAULING_LOADED,FASTENED,34.2,HAUL_ROAD_SOUTH,MODERATE,91.0,75.7,NONE,TSK-1016
2026-09-20T08:32:15Z,CAT-797F-102,OP-102,14212.55,1922.7,83.7,23.3,176.15,3.8,4,HAULING_LOADED,FASTENED,47.2,HAUL_ROAD_SOUTH,MUDDY,95.2,76.6,NONE,TSK-1033
2026-09-20T08:32:15Z,CAT-6060-201,OP-103,5122.75,1921.2,82.9,1.3,287.51,4.5,1,EXCAVATING,FASTENED,18.8,PIT_FLOOR_BENCH_A,SEVERE,95.5,77.6,NONE,TSK-1005
2026-09-20T08:32:15Z,CAT-994K-301,OP-104,9863.35,1921.8,72.5,24.5,133.05,3.0,5,HAULING_LOADED,FASTENED,39.1,RAMP_ACCESS_EAST,NORMAL,92.0,77.1,NONE,TSK-1004
2026-09-20T08:32:15Z,CAT-D11-401,OP-105,16482.55,1927.1,93.1,4.3,187.42,0.0,1,DOZING,FASTENED,10.2,STAGING_BAY_4,MUDDY,97.5,79.7,NONE,TSK-1002
2026-09-20T08:33:00Z,CAT-797F-101,OP-101,8423.06,1864.9,81.1,27.9,160.5,3.8,4,HAULING_LOADED,FASTENED,36.6,HAUL_ROAD_SOUTH,MODERATE,91.2,75.8,NONE,TSK-1016
2026-09-20T08:33:00Z,CAT-797F-102,OP-102,14212.56,1942.4,85.1,27.9,177.33,3.8,4,HAULING_LOADED,FASTENED,29.1,HAUL_ROAD_SOUTH,MUDDY,95.3,76.8,NONE,TSK-1033
2026-09-20T08:33:00Z,CAT-6060-201,OP-103,5122.76,1813.4,75.9,3.6,288.96,4.5,1,EXCAVATING,FASTENED,12.5,PIT_FLOOR_BENCH_A,SEVERE,95.6,77.7,NONE,TSK-1005
2026-09-20T08:33:00Z,CAT-994K-301,OP-104,9863.36,1717.7,91.0,20.8,133.98,3.0,5,HAULING_LOADED,FASTENED,31.2,RAMP_ACCESS_EAST,NORMAL,92.2,77.3,NONE,TSK-1004
2026-09-20T08:33:00Z,CAT-D11-401,OP-105,16482.56,2039.5,91.4,1.4,188.34,0.0,1,DOZING,FASTENED,19.9,STAGING_BAY_4,MUDDY,97.5,79.7,NONE,TSK-1002
2026-09-20T08:33:45Z,CAT-797F-101,OP-101,8423.08,1771.2,87.1,24.2,161.58,3.8,4,HAULING_LOADED,FASTENED,23.4,HAUL_ROAD_SOUTH,MODERATE,91.4,76.0,NONE,TSK-1016
2026-09-20T08:33:45Z,CAT-797F-102,OP-102,14212.58,1808.1,88.1,19.9,178.5,3.8,4,HAULING_LOADED,FASTENED,39.2,HAUL_ROAD_SOUTH,MUDDY,95.5,76.9,NONE,TSK-1033
2026-09-20T08:33:45Z,CAT-6060-201,OP-103,5122.77,1949.7,90.8,3.1,290.4,4.5,1,EXCAVATING,FASTENED,14.9,PIT_FLOOR_BENCH_A,SEVERE,95.8,77.8,NONE,TSK-1005
2026-09-20T08:33:45Z,CAT-994K-301,OP-104,9863.38,1819.1,83.3,21.3,134.92,3.0,5,HAULING_LOADED,FASTENED,41.2,RAMP_ACCESS_EAST,NORMAL,92.3,77.4,NONE,TSK-1004
2026-09-20T08:33:45Z,CAT-D11-401,OP-105,16482.58,1934.2,83.2,2.7,189.26,0.0,1,DOZING,FASTENED,8.6,STAGING_BAY_4,MUDDY,97.5,79.7,NONE,TSK-1002
2026-09-20T08:34:30Z,CAT-797F-101,OP-101,8423.09,1756.1,85.7,17.9,162.66,3.8,4,HAULING_LOADED,FASTENED,33.9,HAUL_ROAD_SOUTH,MODERATE,91.6,76.2,NONE,TSK-1016
2026-09-20T08:34:30Z,CAT-797F-102,OP-102,14212.59,1831.2,77.8,21.5,179.68,3.8,4,HAULING_LOADED,FASTENED,45.4,HAUL_ROAD_SOUTH,MUDDY,95.6,77.0,NONE,TSK-1033
2026-09-20T08:34:30Z,CAT-6060-201,OP-103,5122.79,1794.6,77.4,4.6,291.84,4.5,1,EXCAVATING,FASTENED,19.8,PIT_FLOOR_BENCH_A,SEVERE,95.8,77.8,NONE,TSK-1005
2026-09-20T08:34:30Z,CAT-994K-301,OP-104,9863.39,1773.9,73.0,17.0,135.85,3.0,5,HAULING_LOADED,FASTENED,21.3,RAMP_ACCESS_EAST,NORMAL,92.3,77.4,NONE,TSK-1004
2026-09-20T08:34:30Z,CAT-D11-401,OP-105,16482.59,1877.5,76.8,3.6,190.18,0.0,1,DOZING,FASTENED,16.0,STAGING_BAY_4,MUDDY,97.4,79.6,NONE,TSK-1002
2026-09-20T08:35:15Z,CAT-797F-101,OP-101,8423.1,1720.4,82.1,17.4,163.73,3.8,4,HAULING_LOADED,FASTENED,38.5,HAUL_ROAD_SOUTH,MODERATE,91.8,76.4,NONE,TSK-1016
2026-09-20T08:35:15Z,CAT-797F-102,OP-102,14212.6,1745.6,79.9,17.0,180.86,3.8,4,HAULING_LOADED,FASTENED,44.5,HAUL_ROAD_SOUTH,MUDDY,95.7,77.1,NONE,TSK-1033
2026-09-20T08:35:15Z,CAT-6060-201,OP-103,5122.8,1926.2,83.6,3.7,293.29,4.5,1,EXCAVATING,FASTENED,16.7,PIT_FLOOR_BENCH_A,SEVERE,95.9,77.9,NONE,TSK-1005
2026-09-20T08:35:15Z,CAT-994K-301,OP-104,9863.4,1941.7,89.4,18.3,136.78,3.0,5,HAULING_LOADED,FASTENED,25.2,RAMP_ACCESS_EAST,NORMAL,92.5,77.6,NONE,TSK-1004
2026-09-20T08:35:15Z,CAT-D11-401,OP-105,16482.6,1781.9,85.2,1.0,191.1,0.0,1,DOZING,FASTENED,9.6,STAGING_BAY_4,MUDDY,97.4,79.6,NONE,TSK-1002
2026-09-20T08:36:00Z,CAT-797F-101,OP-101,8423.11,1873.0,89.4,28.1,164.81,3.8,4,HAULING_LOADED,FASTENED,36.9,HAUL_ROAD_SOUTH,MODERATE,92.0,76.6,NONE,TSK-1016
2026-09-20T08:36:00Z,CAT-797F-102,OP-102,14212.61,1854.6,91.5,20.5,182.04,3.8,4,HAULING_LOADED,FASTENED,38.9,HAUL_ROAD_SOUTH,MUDDY,95.9,77.3,NONE,TSK-1033
2026-09-20T08:36:00Z,CAT-6060-201,OP-103,5122.81,1868.5,80.8,1.5,294.73,4.5,1,EXCAVATING,FASTENED,8.2,PIT_FLOOR_BENCH_A,SEVERE,96.0,78.0,NONE,TSK-1005
2026-09-20T08:36:00Z,CAT-994K-301,OP-104,9863.41,1704.0,91.4,26.7,137.72,3.0,5,HAULING_LOADED,FASTENED,25.9,RAMP_ACCESS_EAST,NORMAL,92.7,77.7,NONE,TSK-1004
2026-09-20T08:36:00Z,CAT-D11-401,OP-105,16482.61,1944.9,83.3,3.5,192.02,0.0,1,DOZING,FASTENED,19.1,STAGING_BAY_4,MUDDY,97.4,79.6,NONE,TSK-1002
2026-09-20T08:36:45Z,CAT-797F-101,OP-101,8423.13,1815.9,81.5,16.3,165.89,3.8,4,HAULING_LOADED,FASTENED,24.7,HAUL_ROAD_SOUTH,MODERATE,92.1,76.7,NONE,TSK-1016
2026-09-20T08:36:45Z,CAT-797F-102,OP-102,14212.63,1369.9,39.5,2.8,182.6,3.8,4,DUMPING,FASTENED,10.9,OVERBURDEN_DUMP_WEST,MUDDY,95.5,77.0,NONE,TSK-1033
2026-09-20T08:36:45Z,CAT-6060-201,OP-103,5122.82,1920.8,90.8,1.2,296.17,4.5,1,EXCAVATING,FASTENED,8.1,PIT_FLOOR_BENCH_A,SEVERE,96.2,78.1,NONE,TSK-1005
2026-09-20T08:36:45Z,CAT-994K-301,OP-104,9863.43,1878.3,91.6,26.6,138.65,3.0,5,HAULING_LOADED,FASTENED,40.6,RAMP_ACCESS_EAST,NORMAL,92.9,77.9,NONE,TSK-1004
2026-09-20T08:36:45Z,CAT-D11-401,OP-105,16482.63,1916.3,80.5,2.9,192.94,0.0,1,DOZING,FASTENED,14.8,STAGING_BAY_4,MUDDY,97.3,79.6,NONE,TSK-1002
2026-09-20T08:37:30Z,CAT-797F-101,OP-101,8423.14,1869.7,88.3,22.1,166.97,3.8,4,HAULING_LOADED,FASTENED,40.0,HAUL_ROAD_SOUTH,MODERATE,92.3,76.9,NONE,TSK-1016
2026-09-20T08:37:30Z,CAT-797F-102,OP-102,14212.64,1218.2,37.1,0.7,183.17,3.8,4,DUMPING,FASTENED,13.2,OVERBURDEN_DUMP_WEST,MUDDY,95.1,76.8,NONE,TSK-1033
2026-09-20T08:37:30Z,CAT-6060-201,OP-103,5122.84,1892.0,84.4,4.8,297.62,4.5,1,EXCAVATING,FASTENED,12.9,PIT_FLOOR_BENCH_A,SEVERE,96.3,78.2,NONE,TSK-1005
2026-09-20T08:37:30Z,CAT-994K-301,OP-104,9863.44,1705.2,77.8,18.4,139.59,3.0,5,HAULING_LOADED,FASTENED,29.6,RAMP_ACCESS_EAST,NORMAL,92.9,77.9,NONE,TSK-1004
2026-09-20T08:37:30Z,CAT-D11-401,OP-105,16482.64,1815.9,92.3,2.4,193.86,0.0,1,DOZING,FASTENED,16.4,STAGING_BAY_4,MUDDY,97.4,79.6,NONE,TSK-1002
2026-09-20T08:38:15Z,CAT-797F-101,OP-101,8423.15,1732.8,77.9,24.9,168.05,3.8,4,HAULING_LOADED,FASTENED,46.9,HAUL_ROAD_SOUTH,MODERATE,92.3,76.9,NONE,TSK-1016
2026-09-20T08:38:15Z,CAT-797F-102,OP-102,14212.65,1288.5,43.8,2.6,183.73,3.8,4,DUMPING,FASTENED,12.5,OVERBURDEN_DUMP_WEST,MUDDY,94.8,76.6,NONE,TSK-1033
2026-09-20T08:38:15Z,CAT-6060-201,OP-103,5122.85,1936.6,80.4,4.0,299.06,4.5,1,EXCAVATING,FASTENED,17.3,PIT_FLOOR_BENCH_A,SEVERE,96.3,78.2,NONE,TSK-1005
2026-09-20T08:38:15Z,CAT-994K-301,OP-104,9863.45,1688.0,73.9,0.6,140.16,3.0,6,LOADING,FASTENED,7.2,PIT_FLOOR_BENCH_A,NORMAL,92.8,77.9,NONE,TSK-1004
2026-09-20T08:38:15Z,CAT-D11-401,OP-105,16482.65,2049.8,81.8,2.0,194.77,0.0,1,DOZING,FASTENED,17.5,STAGING_BAY_4,MUDDY,97.4,79.6,NONE,TSK-1002
2026-09-20T08:39:00Z,CAT-797F-101,OP-101,8423.16,1825.9,88.1,20.2,169.12,3.8,4,HAULING_LOADED,FASTENED,23.2,HAUL_ROAD_SOUTH,MODERATE,92.5,77.1,NONE,TSK-1016
2026-09-20T08:39:00Z,CAT-797F-102,OP-102,14212.66,1257.4,39.8,3.2,184.3,3.8,4,DUMPING,FASTENED,12.4,OVERBURDEN_DUMP_WEST,MUDDY,94.5,76.4,NONE,TSK-1033
2026-09-20T08:39:00Z,CAT-6060-201,OP-103,5122.86,1981.0,85.6,4.6,300.51,4.5,1,EXCAVATING,FASTENED,19.9,PIT_FLOOR_BENCH_A,SEVERE,96.4,78.3,NONE,TSK-1005
2026-09-20T08:39:00Z,CAT-994K-301,OP-104,9863.46,1631.3,57.1,0.1,140.72,3.0,6,LOADING,FASTENED,10.7,PIT_FLOOR_BENCH_A,NORMAL,92.6,77.8,NONE,TSK-1004
2026-09-20T08:39:00Z,CAT-D11-401,OP-105,16482.66,2038.8,89.4,4.9,195.69,0.0,1,DOZING,FASTENED,18.9,STAGING_BAY_4,MUDDY,97.4,79.6,NONE,TSK-1002
2026-09-20T08:39:45Z,CAT-797F-101,OP-101,8423.18,1725.5,83.2,22.3,170.2,3.8,4,HAULING_LOADED,FASTENED,24.7,HAUL_ROAD_SOUTH,MODERATE,92.6,77.2,NONE,TSK-1016
2026-09-20T08:39:45Z,CAT-797F-102,OP-102,14212.68,1733.1,56.2,37.3,185.06,3.8,5,HAULING_EMPTY,FASTENED,38.4,HAUL_ROAD_NORTH,MUDDY,94.4,76.3,NONE,TSK-1033
2026-09-20T08:39:45Z,CAT-6060-201,OP-103,5122.87,1796.3,81.9,4.3,301.95,4.5,1,EXCAVATING,FASTENED,9.7,PIT_FLOOR_BENCH_A,SEVERE,96.5,78.3,NONE,TSK-1005
2026-09-20T08:39:45Z,CAT-994K-301,OP-104,9863.48,1740.9,70.4,0.0,141.29,3.0,6,LOADING,FASTENED,10.2,PIT_FLOOR_BENCH_A,NORMAL,92.5,77.7,NONE,TSK-1004
2026-09-20T08:39:45Z,CAT-D11-401,OP-105,16482.68,1836.0,78.3,2.1,196.61,0.0,1,DOZING,FASTENED,18.0,STAGING_BAY_4,MUDDY,97.4,79.6,NONE,TSK-1002
2026-09-20T08:40:30Z,CAT-797F-101,OP-101,8423.19,1761.4,87.1,22.6,171.28,3.8,4,HAULING_LOADED,FASTENED,42.0,HAUL_ROAD_SOUTH,MODERATE,92.7,77.3,NONE,TSK-1016
2026-09-20T08:40:30Z,CAT-797F-102,OP-102,14212.69,1637.2,60.4,39.7,185.83,3.8,5,HAULING_EMPTY,FASTENED,53.4,HAUL_ROAD_NORTH,STEEP_INCLINE,94.1,76.3,NONE,TSK-1038
2026-09-20T08:40:30Z,CAT-6060-201,OP-103,5122.89,1954.7,92.9,2.8,303.39,4.5,1,EXCAVATING,FASTENED,18.8,PIT_FLOOR_BENCH_A,SEVERE,96.6,78.4,NONE,TSK-1005
2026-09-20T08:40:30Z,CAT-994K-301,OP-104,9863.49,1470.9,61.8,0.5,141.86,3.0,6,LOADING,FASTENED,9.9,PIT_FLOOR_BENCH_A,NORMAL,92.4,77.6,NONE,TSK-1004
2026-09-20T08:40:30Z,CAT-D11-401,OP-105,16482.69,1868.0,75.7,4.7,197.53,0.0,1,DOZING,FASTENED,10.1,STAGING_BAY_4,MUDDY,97.3,79.5,NONE,TSK-1002
2026-09-20T08:41:15Z,CAT-797F-101,OP-101,8423.2,1945.0,88.0,26.9,172.36,3.8,4,HAULING_LOADED,FASTENED,47.2,HAUL_ROAD_SOUTH,MODERATE,92.8,77.5,NONE,TSK-1016
2026-09-20T08:41:15Z,CAT-797F-102,OP-102,14212.7,1783.5,56.0,39.3,186.6,3.8,5,HAULING_EMPTY,FASTENED,45.8,HAUL_ROAD_NORTH,STEEP_INCLINE,93.8,76.2,NONE,TSK-1038
2026-09-20T08:41:15Z,CAT-6060-201,OP-103,5122.9,1853.2,90.7,4.6,304.84,4.5,1,EXCAVATING,FASTENED,16.5,PIT_FLOOR_BENCH_A,SEVERE,96.7,78.5,NONE,TSK-1005
2026-09-20T08:41:15Z,CAT-994K-301,OP-104,9863.5,1643.2,72.8,0.7,142.43,3.0,6,LOADING,FASTENED,9.1,PIT_FLOOR_BENCH_A,NORMAL,92.4,77.6,NONE,TSK-1004
2026-09-20T08:41:15Z,CAT-D11-401,OP-105,16482.7,1853.6,90.4,3.6,198.45,0.0,1,DOZING,FASTENED,18.9,STAGING_BAY_4,MUDDY,97.3,79.6,NONE,TSK-1002
2026-09-20T08:42:00Z,CAT-797F-101,OP-101,8423.21,1834.4,79.8,25.0,173.44,3.8,4,HAULING_LOADED,FASTENED,44.6,HAUL_ROAD_SOUTH,MODERATE,92.9,77.5,NONE,TSK-1016
2026-09-20T08:42:00Z,CAT-797F-102,OP-102,14212.71,1673.1,46.3,33.0,187.37,3.8,5,HAULING_EMPTY,FASTENED,32.3,HAUL_ROAD_NORTH,STEEP_INCLINE,93.4,76.1,NONE,TSK-1038
2026-09-20T08:42:00Z,CAT-6060-201,OP-103,5122.91,1940.7,75.4,4.6,306.28,4.5,1,EXCAVATING,FASTENED,15.6,PIT_FLOOR_BENCH_A,SEVERE,96.7,78.5,NONE,TSK-1005
2026-09-20T08:42:00Z,CAT-994K-301,OP-104,9863.51,1541.2,63.5,0.6,143.0,3.0,6,LOADING,FASTENED,9.7,PIT_FLOOR_BENCH_A,NORMAL,92.2,77.6,NONE,TSK-1004
2026-09-20T08:42:00Z,CAT-D11-401,OP-105,16482.71,1827.9,84.6,1.5,199.37,0.0,1,DOZING,FASTENED,18.6,STAGING_BAY_4,MUDDY,97.3,79.6,NONE,TSK-1002
2026-09-20T08:42:45Z,CAT-797F-101,OP-101,8423.23,1226.9,47.7,2.7,173.95,3.8,4,DUMPING,FASTENED,13.9,OVERBURDEN_DUMP_WEST,MODERATE,92.5,77.3,NONE,TSK-1016
2026-09-20T08:42:45Z,CAT-797F-102,OP-102,14212.73,1786.2,54.6,33.3,188.14,3.8,5,HAULING_EMPTY,FASTENED,41.7,HAUL_ROAD_NORTH,STEEP_INCLINE,93.1,76.0,NONE,TSK-1038
2026-09-20T08:42:45Z,CAT-6060-201,OP-103,5122.92,1835.4,89.9,3.9,307.72,4.5,1,EXCAVATING,FASTENED,17.4,PIT_FLOOR_BENCH_A,SEVERE,96.8,78.6,NONE,TSK-1005
2026-09-20T08:42:45Z,CAT-994K-301,OP-104,9863.53,1524.3,61.6,0.7,143.57,3.0,6,LOADING,FASTENED,10.1,PIT_FLOOR_BENCH_A,NORMAL,92.1,77.5,NONE,TSK-1004
2026-09-20T08:42:45Z,CAT-D11-401,OP-105,16482.73,1779.4,88.5,4.3,200.29,0.0,1,DOZING,FASTENED,9.1,STAGING_BAY_4,MUDDY,97.4,79.6,NONE,TSK-1002
2026-09-20T08:43:30Z,CAT-797F-101,OP-101,8423.24,1233.4,39.1,1.5,174.47,3.8,4,DUMPING,FASTENED,10.4,OVERBURDEN_DUMP_WEST,MODERATE,92.1,77.1,NONE,TSK-1016
2026-09-20T08:43:30Z,CAT-797F-102,OP-102,14212.74,1666.1,49.9,28.6,188.91,3.8,5,HAULING_EMPTY,FASTENED,38.5,HAUL_ROAD_NORTH,STEEP_INCLINE,92.7,75.9,NONE,TSK-1038
2026-09-20T08:43:30Z,CAT-6060-201,OP-103,5122.94,1882.0,92.7,3.0,309.17,4.5,1,EXCAVATING,FASTENED,21.6,PIT_FLOOR_BENCH_A,SEVERE,96.9,78.7,NONE,TSK-1005
2026-09-20T08:43:30Z,CAT-994K-301,OP-104,9863.54,1740.4,65.3,0.6,144.14,3.0,6,LOADING,FASTENED,9.5,PIT_FLOOR_BENCH_A,NORMAL,92.0,77.4,NONE,TSK-1004
2026-09-20T08:43:30Z,CAT-D11-401,OP-105,16482.74,1759.8,78.0,3.2,201.21,0.0,1,DOZING,FASTENED,20.9,STAGING_BAY_4,MUDDY,97.3,79.5,NONE,TSK-1002
2026-09-20T08:44:15Z,CAT-797F-101,OP-101,8423.25,1130.9,37.9,1.3,174.98,3.8,4,DUMPING,FASTENED,10.4,OVERBURDEN_DUMP_WEST,MODERATE,91.7,76.8,NONE,TSK-1016
2026-09-20T08:44:15Z,CAT-797F-102,OP-102,14212.75,1597.6,49.5,29.1,189.68,3.8,5,HAULING_EMPTY,FASTENED,22.9,HAUL_ROAD_NORTH,STEEP_INCLINE,92.4,75.8,NONE,TSK-1038
2026-09-20T08:44:15Z,CAT-6060-201,OP-103,5122.95,1985.1,83.0,4.7,310.61,4.5,1,EXCAVATING,FASTENED,12.3,PIT_FLOOR_BENCH_A,SEVERE,96.9,78.7,NONE,TSK-1005
2026-09-20T08:44:15Z,CAT-994K-301,OP-104,9863.55,1671.9,55.0,0.7,144.71,3.0,6,LOADING,FASTENED,6.3,PIT_FLOOR_BENCH_A,NORMAL,91.9,77.3,NONE,TSK-1004
2026-09-20T08:44:15Z,CAT-D11-401,OP-105,16482.75,1894.4,80.9,2.8,202.12,0.0,1,DOZING,FASTENED,12.7,STAGING_BAY_4,MUDDY,97.3,79.5,NONE,TSK-1002
2026-09-20T08:45:00Z,CAT-797F-101,OP-101,8423.26,1661.5,51.2,31.9,175.69,3.8,5,HAULING_EMPTY,FASTENED,36.8,HAUL_ROAD_NORTH,MODERATE,91.5,76.7,NONE,TSK-1016
2026-09-20T08:45:00Z,CAT-797F-102,OP-102,14212.76,1604.1,58.0,35.6,190.45,3.8,5,HAULING_EMPTY,FASTENED,35.5,HAUL_ROAD_NORTH,STEEP_INCLINE,92.2,75.8,NONE,TSK-1038
2026-09-20T08:45:00Z,CAT-6060-201,OP-103,5122.96,1868.6,85.3,4.8,312.06,4.5,1,EXCAVATING,FASTENED,20.5,PIT_FLOOR_BENCH_A,SEVERE,97.0,78.8,NONE,TSK-1005
2026-09-20T08:45:00Z,CAT-994K-301,OP-104,9863.56,1709.8,69.1,0.7,145.27,3.0,6,LOADING,FASTENED,10.0,PIT_FLOOR_BENCH_A,NORMAL,91.8,77.3,NONE,TSK-1004
2026-09-20T08:45:00Z,CAT-D11-401,OP-105,16482.76,1918.3,77.4,3.2,203.04,0.0,1,DOZING,FASTENED,10.7,STAGING_BAY_4,MUDDY,97.2,79.4,NONE,TSK-1002
2026-09-20T08:45:45Z,CAT-797F-101,OP-101,8423.28,1516.9,53.4,27.3,176.39,3.8,5,HAULING_EMPTY,FASTENED,37.7,HAUL_ROAD_NORTH,SEVERE,91.7,76.6,NONE,TSK-1018
2026-09-20T08:45:45Z,CAT-797F-102,OP-102,14212.78,1538.5,60.7,27.1,191.21,3.8,5,HAULING_EMPTY,FASTENED,22.6,HAUL_ROAD_NORTH,STEEP_INCLINE,92.1,75.8,NONE,TSK-1038
2026-09-20T08:45:45Z,CAT-6060-201,OP-103,5122.97,1823.6,88.4,4.6,313.5,4.5,1,EXCAVATING,FASTENED,14.2,PIT_FLOOR_BENCH_A,SEVERE,97.1,78.9,NONE,TSK-1005
2026-09-20T08:45:45Z,CAT-994K-301,OP-104,9863.58,1570.5,55.9,1.0,145.84,3.0,6,LOADING,FASTENED,6.1,PIT_FLOOR_BENCH_A,NORMAL,91.7,77.2,NONE,TSK-1004
2026-09-20T08:45:45Z,CAT-D11-401,OP-105,16482.78,1874.5,91.3,2.3,203.96,0.0,1,DOZING,FASTENED,11.6,STAGING_BAY_4,MUDDY,97.3,79.5,NONE,TSK-1002
2026-09-20T08:46:30Z,CAT-797F-101,OP-101,8423.29,1553.8,44.9,28.5,177.09,3.8,5,HAULING_EMPTY,FASTENED,25.0,HAUL_ROAD_NORTH,SEVERE,91.7,76.4,NONE,TSK-1018
2026-09-20T08:46:30Z,CAT-797F-102,OP-102,14212.79,1630.3,45.4,34.8,191.98,3.8,5,HAULING_EMPTY,FASTENED,32.7,HAUL_ROAD_NORTH,STEEP_INCLINE,91.8,75.6,NONE,TSK-1038
2026-09-20T08:46:30Z,CAT-6060-201,OP-103,5122.99,1767.6,82.4,2.3,314.94,4.5,1,EXCAVATING,FASTENED,13.8,PIT_FLOOR_BENCH_A,SEVERE,97.1,78.9,NONE,TSK-1005
2026-09-20T08:46:30Z,CAT-994K-301,OP-104,9863.59,1698.3,57.4,0.2,146.41,3.0,6,LOADING,FASTENED,9.8,PIT_FLOOR_BENCH_A,NORMAL,91.5,77.1,NONE,TSK-1004
2026-09-20T08:46:30Z,CAT-D11-401,OP-105,16482.79,1897.9,89.3,2.5,204.88,0.0,1,DOZING,FASTENED,9.6,STAGING_BAY_4,MUDDY,97.3,79.5,NONE,TSK-1002
2026-09-20T08:47:15Z,CAT-797F-101,OP-101,8423.3,1630.3,51.7,31.1,177.8,3.8,5,HAULING_EMPTY,FASTENED,29.7,HAUL_ROAD_NORTH,SEVERE,91.8,76.3,NONE,TSK-1018
2026-09-20T08:47:15Z,CAT-797F-102,OP-102,14212.8,1586.1,61.3,35.8,192.75,3.8,5,HAULING_EMPTY,FASTENED,30.1,HAUL_ROAD_NORTH,STEEP_INCLINE,91.7,75.6,NONE,TSK-1038
2026-09-20T08:47:15Z,CAT-6060-201,OP-103,5123.0,1985.6,80.8,2.6,316.39,4.5,1,EXCAVATING,FASTENED,9.2,PIT_FLOOR_BENCH_A,SEVERE,97.0,78.9,NONE,TSK-1005
2026-09-20T08:47:15Z,CAT-994K-301,OP-104,9863.6,1740.4,62.5,1.2,146.98,3.0,6,LOADING,FASTENED,9.9,PIT_FLOOR_BENCH_A,NORMAL,91.5,77.0,NONE,TSK-1004
2026-09-20T08:47:15Z,CAT-D11-401,OP-105,16482.8,1877.1,92.3,2.8,205.8,0.0,1,DOZING,FASTENED,8.0,STAGING_BAY_4,MUDDY,97.4,79.6,NONE,TSK-1002
2026-09-20T08:48:00Z,CAT-797F-101,OP-101,8423.31,1592.6,61.4,24.0,178.5,3.8,5,HAULING_EMPTY,FASTENED,52.8,HAUL_ROAD_NORTH,SEVERE,91.9,76.3,NONE,TSK-1018
2026-09-20T08:48:00Z,CAT-797F-102,OP-102,14212.81,1335.1,38.1,1.4,193.32,3.8,5,SPOTTING,FASTENED,11.2,CRUSHER_FEED_1,STEEP_INCLINE,91.4,75.5,NONE,TSK-1038
2026-09-20T08:48:00Z,CAT-6060-201,OP-103,5123.01,1903.1,75.9,4.0,317.83,4.5,1,EXCAVATING,FASTENED,15.9,PIT_FLOOR_BENCH_A,SEVERE,97.0,78.8,NONE,TSK-1005
2026-09-20T08:48:00Z,CAT-994K-301,OP-104,9863.61,1486.9,57.8,0.7,147.55,3.0,6,LOADING,FASTENED,7.4,PIT_FLOOR_BENCH_A,NORMAL,91.4,76.9,NONE,TSK-1004
2026-09-20T08:48:00Z,CAT-D11-401,OP-105,16482.81,1933.1,93.2,2.3,206.72,0.0,1,DOZING,FASTENED,17.5,STAGING_BAY_4,MUDDY,97.5,79.7,NONE,TSK-1002
2026-09-20T08:48:45Z,CAT-797F-101,OP-101,8423.33,1740.9,51.1,28.3,179.2,3.8,5,HAULING_EMPTY,FASTENED,54.4,HAUL_ROAD_NORTH,SEVERE,92.0,76.2,NONE,TSK-1018
2026-09-20T08:48:45Z,CAT-797F-102,OP-102,14212.83,1228.7,41.6,0.5,193.88,3.8,5,SPOTTING,FASTENED,11.7,CRUSHER_FEED_1,STEEP_INCLINE,91.1,75.3,NONE,TSK-1038
2026-09-20T08:48:45Z,CAT-6060-201,OP-103,5123.02,2020.4,87.8,2.7,319.28,4.5,1,EXCAVATING,FASTENED,20.5,PIT_FLOOR_BENCH_A,SEVERE,97.0,78.9,NONE,TSK-1005
2026-09-20T08:48:45Z,CAT-994K-301,OP-104,9863.63,1717.8,71.3,0.5,148.12,3.0,6,LOADING,FASTENED,6.6,PIT_FLOOR_BENCH_A,NORMAL,91.4,77.0,NONE,TSK-1004
2026-09-20T08:48:45Z,CAT-D11-401,OP-105,16482.83,1862.9,86.4,2.5,207.64,0.0,1,DOZING,FASTENED,19.7,STAGING_BAY_4,MUDDY,97.5,79.7,NONE,TSK-1002
2026-09-20T08:49:30Z,CAT-797F-101,OP-101,8423.34,1539.9,49.4,27.4,179.91,3.8,5,HAULING_EMPTY,FASTENED,22.3,HAUL_ROAD_NORTH,SEVERE,92.0,76.1,NONE,TSK-1018
2026-09-20T08:49:30Z,CAT-797F-102,OP-102,14212.84,1312.4,42.9,2.4,194.44,3.8,5,SPOTTING,FASTENED,7.9,CRUSHER_FEED_1,STEEP_INCLINE,90.8,75.2,NONE,TSK-1038
2026-09-20T08:49:30Z,CAT-6060-201,OP-103,5123.04,1937.6,90.4,1.9,320.72,4.5,1,EXCAVATING,FASTENED,21.7,PIT_FLOOR_BENCH_A,SEVERE,97.1,79.0,ENG-TEMP-HIGH-01,TSK-1005
2026-09-20T08:49:30Z,CAT-994K-301,OP-104,9863.64,1597.9,69.1,0.7,148.69,3.0,6,LOADING,FASTENED,6.0,PIT_FLOOR_BENCH_A,NORMAL,91.4,77.0,NONE,TSK-1004
2026-09-20T08:49:30Z,CAT-D11-401,OP-105,16482.84,2011.0,85.8,3.0,208.56,0.0,1,DOZING,FASTENED,15.7,STAGING_BAY_4,MUDDY,97.5,79.7,NONE,TSK-1002
2026-09-20T08:50:15Z,CAT-797F-101,OP-101,8423.35,1718.4,53.3,25.1,180.61,3.8,5,HAULING_EMPTY,FASTENED,26.2,HAUL_ROAD_NORTH,SEVERE,92.1,76.0,NONE,TSK-1018
2026-09-20T08:50:15Z,CAT-797F-102,OP-102,14212.85,1714.3,69.6,0.3,195.16,3.8,5,LOADING,FASTENED,10.2,PIT_FLOOR_BENCH_A,STEEP_INCLINE,90.9,75.3,NONE,TSK-1038
2026-09-20T08:50:15Z,CAT-6060-201,OP-103,5123.05,2040.9,87.9,3.5,322.16,4.5,1,EXCAVATING,FASTENED,17.5,PIT_FLOOR_BENCH_A,SEVERE,97.2,79.0,ENG-TEMP-HIGH-01,TSK-1005
2026-09-20T08:50:15Z,CAT-994K-301,OP-104,9863.65,1578.1,68.5,0.8,149.26,3.0,6,LOADING,FASTENED,10.3,PIT_FLOOR_BENCH_A,NORMAL,91.5,77.0,NONE,TSK-1004
2026-09-20T08:50:15Z,CAT-D11-401,OP-105,16482.85,2003.3,82.7,1.5,209.47,0.0,1,DOZING,FASTENED,15.3,STAGING_BAY_4,MUDDY,97.5,79.7,NONE,TSK-1002
2026-09-20T08:51:00Z,CAT-797F-101,OP-101,8423.36,1513.9,56.4,24.8,181.31,3.8,5,HAULING_EMPTY,FASTENED,52.3,HAUL_ROAD_NORTH,SEVERE,92.2,76.0,NONE,TSK-1018
2026-09-20T08:51:00Z,CAT-797F-102,OP-102,14212.86,1544.9,62.8,0.4,195.88,3.8,5,LOADING,FASTENED,10.4,PIT_FLOOR_BENCH_A,STEEP_INCLINE,90.9,75.3,NONE,TSK-1038
2026-09-20T08:51:00Z,CAT-6060-201,OP-103,5123.06,2047.1,79.3,3.8,323.61,4.5,1,EXCAVATING,FASTENED,21.4,PIT_FLOOR_BENCH_A,SEVERE,97.1,79.0,NONE,TSK-1005
2026-09-20T08:51:00Z,CAT-994K-301,OP-104,9863.66,1548.8,56.3,0.8,149.82,3.0,6,LOADING,FASTENED,6.1,PIT_FLOOR_BENCH_A,NORMAL,91.3,76.9,NONE,TSK-1004
2026-09-20T08:51:00Z,CAT-D11-401,OP-105,16482.86,1757.2,90.1,4.7,210.39,0.0,1,DOZING,FASTENED,19.8,STAGING_BAY_4,MUDDY,97.5,79.7,NONE,TSK-1002
2026-09-20T08:51:45Z,CAT-797F-101,OP-101,8423.38,1806.8,58.7,38.4,182.02,3.8,5,HAULING_EMPTY,FASTENED,39.1,HAUL_ROAD_NORTH,SEVERE,92.3,75.9,NONE,TSK-1018
2026-09-20T08:51:45Z,CAT-797F-102,OP-102,14212.88,1471.9,67.0,0.5,196.6,3.8,5,LOADING,FASTENED,6.5,PIT_FLOOR_BENCH_A,STEEP_INCLINE,90.9,75.4,NONE,TSK-1038
2026-09-20T08:51:45Z,CAT-6060-201,OP-103,5123.07,1787.4,93.5,4.7,325.05,4.5,1,EXCAVATING,FASTENED,13.3,PIT_FLOOR_BENCH_A,SEVERE,97.2,79.1,NONE,TSK-1005
2026-09-20T08:51:45Z,CAT-994K-301,OP-104,9863.68,1713.7,84.2,21.4,150.76,3.0,6,HAULING_LOADED,FASTENED,22.9,HAUL_ROAD_SOUTH,NORMAL,91.5,77.0,NONE,TSK-1004
2026-09-20T08:51:45Z,CAT-D11-401,OP-105,16482.88,1765.7,91.1,2.6,211.31,0.0,1,DOZING,FASTENED,16.6,STAGING_BAY_4,MUDDY,97.6,79.7,NONE,TSK-1002
2026-09-20T08:52:30Z,CAT-797F-101,OP-101,8423.39,1227.0,39.4,1.7,182.53,3.8,5,SPOTTING,FASTENED,11.2,CRUSHER_FEED_1,SEVERE,92.2,75.7,NONE,TSK-1018
2026-09-20T08:52:30Z,CAT-797F-102,OP-102,14212.89,1645.3,68.5,0.0,197.31,3.8,5,LOADING,FASTENED,8.6,PIT_FLOOR_BENCH_A,STEEP_INCLINE,91.0,75.5,NONE,TSK-1038
2026-09-20T08:52:30Z,CAT-6060-201,OP-103,5123.09,1782.4,75.2,3.9,326.49,4.5,1,EXCAVATING,FASTENED,16.3,PIT_FLOOR_BENCH_A,SEVERE,97.1,79.1,NONE,TSK-1005
2026-09-20T08:52:30Z,CAT-994K-301,OP-104,9863.69,1731.5,82.2,20.4,151.69,3.0,6,HAULING_LOADED,FASTENED,33.5,HAUL_ROAD_SOUTH,NORMAL,91.7,77.1,NONE,TSK-1004
2026-09-20T08:52:30Z,CAT-D11-401,OP-105,16482.89,1805.8,77.6,1.2,212.23,0.0,1,DOZING,FASTENED,9.8,STAGING_BAY_4,MUDDY,97.5,79.7,NONE,TSK-1002
2026-09-20T08:53:15Z,CAT-797F-101,OP-101,8423.4,1282.5,37.7,2.1,183.05,3.8,5,SPOTTING,FASTENED,10.6,CRUSHER_FEED_1,SEVERE,92.1,75.6,NONE,TSK-1018
2026-09-20T08:53:15Z,CAT-797F-102,OP-102,14212.9,1590.9,67.1,0.3,198.03,3.8,5,LOADING,FASTENED,10.9,PIT_FLOOR_BENCH_A,STEEP_INCLINE,91.0,75.5,NONE,TSK-1038
2026-09-20T08:53:15Z,CAT-6060-201,OP-103,5123.1,1947.3,77.7,1.9,327.94,4.5,1,EXCAVATING,FASTENED,19.5,PIT_FLOOR_BENCH_A,SEVERE,97.1,79.0,NONE,TSK-1005
2026-09-20T08:53:15Z,CAT-994K-301,OP-104,9863.7,1786.0,91.5,24.0,152.63,3.0,6,HAULING_LOADED,FASTENED,25.6,HAUL_ROAD_SOUTH,NORMAL,91.9,77.3,NONE,TSK-1004
2026-09-20T08:53:15Z,CAT-D11-401,OP-105,16482.9,1806.8,84.0,3.8,213.15,0.0,1,DOZING,FASTENED,14.5,STAGING_BAY_4,MUDDY,97.5,79.7,NONE,TSK-1002
2026-09-20T08:54:00Z,CAT-797F-101,OP-101,8423.41,1575.6,58.2,0.5,183.7,3.8,5,LOADING,FASTENED,9.9,PIT_FLOOR_BENCH_B,SEVERE,92.2,75.5,NONE,TSK-1018
2026-09-20T08:54:00Z,CAT-797F-102,OP-102,14212.91,1515.8,55.1,0.3,198.75,3.8,5,LOADING,FASTENED,7.2,PIT_FLOOR_BENCH_A,STEEP_INCLINE,90.9,75.5,NONE,TSK-1038
2026-09-20T08:54:00Z,CAT-6060-201,OP-103,5123.11,1821.7,89.0,4.8,329.38,4.5,1,EXCAVATING,FASTENED,12.6,PIT_FLOOR_BENCH_A,SEVERE,97.2,79.1,NONE,TSK-1005
2026-09-20T08:54:00Z,CAT-994K-301,OP-104,9863.71,1746.1,91.8,20.5,153.56,3.0,6,HAULING_LOADED,FASTENED,22.1,HAUL_ROAD_SOUTH,NORMAL,92.2,77.4,NONE,TSK-1004
2026-09-20T08:54:00Z,CAT-D11-401,OP-105,16482.91,1784.6,80.5,1.8,214.07,0.0,1,DOZING,FASTENED,16.2,STAGING_BAY_4,MUDDY,97.4,79.6,ENG-TEMP-HIGH-01,TSK-1002
2026-09-20T08:54:45Z,CAT-797F-101,OP-101,8423.43,1458.9,59.0,0.2,184.36,3.8,5,LOADING,FASTENED,10.4,PIT_FLOOR_BENCH_B,SEVERE,92.4,75.5,NONE,TSK-1018
2026-09-20T08:54:45Z,CAT-797F-102,OP-102,14212.93,1761.5,83.9,10.2,199.93,3.8,5,HAULING_LOADED,FASTENED,27.3,RAMP_ACCESS_EAST,STEEP_INCLINE,91.1,75.7,NONE,TSK-1038
2026-09-20T08:54:45Z,CAT-6060-201,OP-103,5123.12,1999.4,77.6,3.6,330.83,4.5,1,EXCAVATING,FASTENED,20.4,PIT_FLOOR_BENCH_A,SEVERE,97.1,79.1,NONE,TSK-1005
2026-09-20T08:54:45Z,CAT-994K-301,OP-104,9863.73,1814.1,79.4,20.7,154.5,3.0,6,HAULING_LOADED,FASTENED,24.8,HAUL_ROAD_SOUTH,NORMAL,92.2,77.5,NONE,TSK-1004
2026-09-20T08:54:45Z,CAT-D11-401,OP-105,16482.93,1989.7,86.8,2.7,214.99,0.0,1,DOZING,FASTENED,18.0,STAGING_BAY_4,MUDDY,97.4,79.6,NONE,TSK-1002
2026-09-20T08:55:30Z,CAT-797F-101,OP-101,8423.44,1489.2,58.8,0.6,185.02,3.8,5,LOADING,FASTENED,9.5,PIT_FLOOR_BENCH_B,SEVERE,92.5,75.5,NONE,TSK-1018
2026-09-20T08:55:30Z,CAT-797F-102,OP-102,14212.94,1807.4,92.7,19.5,201.11,3.8,5,HAULING_LOADED,FASTENED,41.4,RAMP_ACCESS_EAST,STEEP_INCLINE,91.4,76.0,NONE,TSK-1038
2026-09-20T08:55:30Z,CAT-6060-201,OP-103,5123.14,2006.3,80.6,1.6,332.27,4.5,1,EXCAVATING,FASTENED,11.5,PIT_FLOOR_BENCH_A,SEVERE,97.1,79.0,NONE,TSK-1005
2026-09-20T08:55:30Z,CAT-994K-301,OP-104,9863.74,1731.6,82.2,23.3,155.43,3.0,6,HAULING_LOADED,FASTENED,33.7,HAUL_ROAD_SOUTH,NORMAL,92.3,77.6,NONE,TSK-1004
2026-09-20T08:55:30Z,CAT-D11-401,OP-105,16482.94,1985.4,90.0,3.5,215.91,0.0,1,DOZING,FASTENED,10.3,STAGING_BAY_4,MUDDY,97.5,79.7,NONE,TSK-1002
2026-09-20T08:56:15Z,CAT-797F-101,OP-101,8423.45,1675.3,62.5,0.6,185.67,3.8,5,LOADING,FASTENED,6.9,PIT_FLOOR_BENCH_B,SEVERE,92.6,75.6,NONE,TSK-1018
2026-09-20T08:56:15Z,CAT-797F-102,OP-102,14212.95,1831.4,89.7,19.9,202.28,3.8,5,HAULING_LOADED,FASTENED,33.3,RAMP_ACCESS_EAST,STEEP_INCLINE,91.7,76.2,NONE,TSK-1038
2026-09-20T08:56:15Z,CAT-6060-201,OP-103,5123.15,1941.4,90.0,3.6,333.71,4.5,1,EXCAVATING,FASTENED,10.9,PIT_FLOOR_BENCH_A,SEVERE,97.2,79.1,NONE,TSK-1005
2026-09-20T08:56:15Z,CAT-994K-301,OP-104,9863.75,1758.6,76.4,21.3,156.37,3.0,6,HAULING_LOADED,FASTENED,30.6,HAUL_ROAD_SOUTH,NORMAL,92.4,77.6,NONE,TSK-1004
2026-09-20T08:56:15Z,CAT-D11-401,OP-105,16482.95,2002.7,79.8,1.3,216.82,0.0,1,DOZING,FASTENED,18.5,STAGING_BAY_4,MUDDY,97.4,79.6,NONE,TSK-1002
2026-09-20T08:57:00Z,CAT-797F-101,OP-101,8423.46,1519.1,55.8,0.6,186.33,3.8,5,LOADING,FASTENED,7.7,PIT_FLOOR_BENCH_B,SEVERE,92.7,75.5,NONE,TSK-1018
2026-09-20T08:57:00Z,CAT-797F-102,OP-102,14212.96,1808.1,87.4,14.2,203.46,3.8,5,HAULING_LOADED,FASTENED,27.6,RAMP_ACCESS_EAST,STEEP_INCLINE,91.9,76.4,NONE,TSK-1038
2026-09-20T08:57:00Z,CAT-6060-201,OP-103,5123.16,1882.5,80.0,1.3,335.16,4.5,1,EXCAVATING,FASTENED,20.6,PIT_FLOOR_BENCH_A,SEVERE,97.1,79.1,NONE,TSK-1005
2026-09-20T08:57:00Z,CAT-994K-301,OP-104,9863.76,1836.7,73.6,19.5,157.3,3.0,6,HAULING_LOADED,FASTENED,26.4,HAUL_ROAD_SOUTH,NORMAL,92.4,77.6,NONE,TSK-1004
2026-09-20T08:57:00Z,CAT-D11-401,OP-105,16482.96,1810.1,78.7,2.3,217.74,0.0,1,DOZING,FASTENED,12.2,STAGING_BAY_4,MUDDY,97.4,79.6,NONE,TSK-1002
2026-09-20T08:57:45Z,CAT-797F-101,OP-101,8423.48,1532.3,69.1,1.2,186.98,3.8,5,LOADING,FASTENED,11.0,PIT_FLOOR_BENCH_B,SEVERE,92.9,75.6,NONE,TSK-1018
2026-09-20T08:57:45Z,CAT-797F-102,OP-102,14212.98,1885.0,98.0,8.1,204.64,3.8,5,HAULING_LOADED,FASTENED,28.4,RAMP_ACCESS_EAST,STEEP_INCLINE,92.2,76.6,NONE,TSK-1038
2026-09-20T08:57:45Z,CAT-6060-201,OP-103,5123.17,1984.9,82.7,2.6,336.6,4.5,1,EXCAVATING,FASTENED,16.1,PIT_FLOOR_BENCH_A,SEVERE,97.1,79.1,NONE,TSK-1005
2026-09-20T08:57:45Z,CAT-994K-301,OP-104,9863.78,1828.2,87.2,17.9,158.23,3.0,6,HAULING_LOADED,FASTENED,31.1,HAUL_ROAD_SOUTH,NORMAL,92.5,77.7,NONE,TSK-1004
2026-09-20T08:57:45Z,CAT-D11-401,OP-105,16482.98,1974.7,84.0,3.1,218.66,0.0,1,DOZING,FASTENED,19.0,STAGING_BAY_4,MUDDY,97.3,79.6,NONE,TSK-1002
2026-09-20T08:58:30Z,CAT-797F-101,OP-101,8423.49,1898.0,78.3,18.3,188.06,3.8,5,HAULING_LOADED,FASTENED,41.6,HAUL_ROAD_SOUTH,SEVERE,93.2,75.7,NONE,TSK-1018
2026-09-20T08:58:30Z,CAT-797F-102,OP-102,14212.99,1752.4,89.0,15.0,205.82,3.8,5,HAULING_LOADED,FASTENED,30.5,RAMP_ACCESS_EAST,STEEP_INCLINE,92.4,76.8,NONE,TSK-1038
2026-09-20T08:58:30Z,CAT-6060-201,OP-103,5123.19,1788.5,92.9,1.0,338.04,4.5,1,EXCAVATING,FASTENED,19.3,PIT_FLOOR_BENCH_A,SEVERE,97.2,79.2,NONE,TSK-1005
2026-09-20T08:58:30Z,CAT-994K-301,OP-104,9863.79,1804.8,85.7,21.0,159.17,3.0,6,HAULING_LOADED,FASTENED,41.8,HAUL_ROAD_SOUTH,NORMAL,92.6,77.8,NONE,TSK-1004
2026-09-20T08:58:30Z,CAT-D11-401,OP-105,16482.99,1847.8,75.4,4.1,219.58,0.0,1,DOZING,FASTENED,20.9,STAGING_BAY_4,MUDDY,97.2,79.5,NONE,TSK-1002
2026-09-20T08:59:15Z,CAT-797F-101,OP-101,8423.5,1782.6,84.6,23.5,189.14,3.8,5,HAULING_LOADED,FASTENED,37.0,HAUL_ROAD_SOUTH,SEVERE,93.5,75.9,NONE,TSK-1018
2026-09-20T08:59:15Z,CAT-797F-102,OP-102,14213.0,1945.0,84.1,12.9,207.0,3.8,5,HAULING_LOADED,FASTENED,35.0,RAMP_ACCESS_EAST,STEEP_INCLINE,92.5,77.0,NONE,TSK-1038
2026-09-20T08:59:15Z,CAT-6060-201,OP-103,5123.2,1782.6,85.8,2.8,339.49,4.5,1,EXCAVATING,FASTENED,20.5,PIT_FLOOR_BENCH_A,SEVERE,97.2,79.2,NONE,TSK-1005
2026-09-20T08:59:15Z,CAT-994K-301,OP-104,9863.8,1458.1,59.0,1.1,159.74,3.0,7,LOADING,FASTENED,7.9,PIT_FLOOR_BENCH_B,NORMAL,92.4,77.7,NONE,TSK-1004
2026-09-20T08:59:15Z,CAT-D11-401,OP-105,16483.0,1837.3,85.0,2.8,220.5,0.0,1,DOZING,FASTENED,13.2,STAGING_BAY_4,MUDDY,97.3,79.5,NONE,TSK-1002
2026-09-20T09:00:00Z,CAT-797F-101,OP-101,8423.51,1927.5,79.8,28.4,190.22,3.8,5,HAULING_LOADED,FASTENED,23.6,HAUL_ROAD_SOUTH,SEVERE,93.7,76.1,NONE,TSK-1018
2026-09-20T09:00:00Z,CAT-797F-102,OP-102,14213.01,1885.8,87.8,19.3,208.18,3.8,5,HAULING_LOADED,FASTENED,25.8,RAMP_ACCESS_EAST,STEEP_INCLINE,92.6,77.1,NONE,TSK-1038
2026-09-20T09:00:00Z,CAT-6060-201,OP-103,5123.21,1842.9,90.5,3.7,340.93,4.5,1,EXCAVATING,FASTENED,10.2,PIT_FLOOR_BENCH_A,SEVERE,97.3,79.3,NONE,TSK-1005
2026-09-20T09:00:00Z,CAT-994K-301,OP-104,9863.81,1510.9,69.3,0.6,160.31,3.0,7,LOADING,FASTENED,7.0,PIT_FLOOR_BENCH_B,NORMAL,92.4,77.7,NONE,TSK-1004
2026-09-20T09:00:00Z,CAT-D11-401,OP-105,16483.01,1883.7,90.7,3.4,221.42,0.0,1,DOZING,FASTENED,11.5,STAGING_BAY_4,MUDDY,97.3,79.6,NONE,TSK-1002
2026-09-20T09:00:45Z,CAT-797F-101,OP-101,8423.53,1822.7,81.3,16.5,191.3,3.8,5,HAULING_LOADED,FASTENED,22.6,HAUL_ROAD_SOUTH,SEVERE,94.0,76.2,NONE,TSK-1018
2026-09-20T09:00:45Z,CAT-797F-102,OP-102,14213.03,1929.7,86.9,18.5,209.36,3.8,5,HAULING_LOADED,FASTENED,42.2,RAMP_ACCESS_EAST,STEEP_INCLINE,92.8,77.2,NONE,TSK-1038
2026-09-20T09:00:45Z,CAT-6060-201,OP-103,5123.22,704.9,11.1,0.0,341.21,5.2,1,IDLE,FASTENED,22.6,STAGING_BAY_4,SEVERE,96.5,78.7,NONE,TSK-1005
2026-09-20T09:00:45Z,CAT-994K-301,OP-104,9863.83,1565.4,68.2,0.8,160.87,3.0,7,LOADING,FASTENED,6.5,PIT_FLOOR_BENCH_B,NORMAL,92.3,77.7,NONE,TSK-1004
2026-09-20T09:00:45Z,CAT-D11-401,OP-105,16483.03,1763.1,91.8,1.6,222.34,0.0,1,DOZING,FASTENED,20.4,STAGING_BAY_4,MUDDY,97.4,79.6,NONE,TSK-1002
2026-09-20T09:01:30Z,CAT-797F-101,OP-101,8423.54,1716.7,86.5,27.3,192.38,3.8,5,HAULING_LOADED,FASTENED,45.4,HAUL_ROAD_SOUTH,SEVERE,94.3,76.4,NONE,TSK-1018
2026-09-20T09:01:30Z,CAT-797F-102,OP-102,14213.04,1890.5,82.4,12.6,210.54,3.8,5,HAULING_LOADED,FASTENED,41.2,RAMP_ACCESS_EAST,STEEP_INCLINE,92.8,77.3,NONE,TSK-1038
2026-09-20T09:01:30Z,CAT-6060-201,OP-103,5123.24,726.8,12.5,0.0,341.48,6.0,1,IDLE,FASTENED,16.3,STAGING_BAY_4,SEVERE,95.8,78.2,NONE,TSK-1005
2026-09-20T09:01:30Z,CAT-994K-301,OP-104,9863.84,1463.4,55.5,0.8,161.44,3.0,7,LOADING,FASTENED,9.4,PIT_FLOOR_BENCH_B,NORMAL,92.1,77.5,NONE,TSK-1004
2026-09-20T09:01:30Z,CAT-D11-401,OP-105,16483.04,1853.1,82.6,1.8,223.26,0.0,1,DOZING,FASTENED,8.5,STAGING_BAY_4,MUDDY,97.4,79.6,NONE,TSK-1002
2026-09-20T09:02:15Z,CAT-797F-101,OP-101,8423.55,1734.1,85.4,21.8,193.45,3.8,5,HAULING_LOADED,FASTENED,32.9,HAUL_ROAD_SOUTH,SEVERE,94.5,76.6,NONE,TSK-1018
2026-09-20T09:02:15Z,CAT-797F-102,OP-102,14213.05,1864.3,94.3,13.5,211.71,3.8,5,HAULING_LOADED,FASTENED,33.2,RAMP_ACCESS_EAST,STEEP_INCLINE,93.0,77.5,NONE,TSK-1038
2026-09-20T09:02:15Z,CAT-6060-201,OP-103,5123.25,689.7,15.0,0.0,341.76,6.8,1,IDLE,FASTENED,22.5,STAGING_BAY_4,SEVERE,95.1,77.7,NONE,TSK-1005
2026-09-20T09:02:15Z,CAT-994K-301,OP-104,9863.85,1473.3,70.3,0.8,162.01,3.0,7,LOADING,FASTENED,6.8,PIT_FLOOR_BENCH_A,NORMAL,92.1,77.5,NONE,TSK-1004
2026-09-20T09:02:15Z,CAT-D11-401,OP-105,16483.05,1815.0,75.7,3.7,224.17,0.0,1,DOZING,FASTENED,11.0,STAGING_BAY_4,MUDDY,97.3,79.5,NONE,TSK-1002
2026-09-20T09:03:00Z,CAT-797F-101,OP-101,8423.56,1902.9,84.8,25.0,194.53,3.8,5,HAULING_LOADED,FASTENED,45.1,HAUL_ROAD_SOUTH,SEVERE,94.8,76.7,NONE,TSK-1018
2026-09-20T09:03:00Z,CAT-797F-102,OP-102,14213.06,1777.1,81.0,8.1,212.89,3.8,5,HAULING_LOADED,FASTENED,41.6,RAMP_ACCESS_EAST,STEEP_INCLINE,93.0,77.6,NONE,TSK-1038
2026-09-20T09:03:00Z,CAT-6060-201,OP-103,5123.26,735.7,12.2,0.0,342.03,7.5,1,IDLE,FASTENED,17.3,STAGING_BAY_4,SEVERE,94.5,77.2,NONE,TSK-1005
2026-09-20T09:03:00Z,CAT-994K-301,OP-104,9863.86,1576.5,74.8,0.4,162.58,3.0,7,LOADING,FASTENED,7.0,PIT_FLOOR_BENCH_A,NORMAL,92.1,77.5,NONE,TSK-1004
2026-09-20T09:03:00Z,CAT-D11-401,OP-105,16483.06,1816.2,91.8,4.2,225.09,0.0,1,DOZING,FASTENED,19.6,STAGING_BAY_4,MUDDY,97.4,79.6,NONE,TSK-1002
2026-09-20T09:03:45Z,CAT-797F-101,OP-101,8423.58,1803.9,74.2,20.1,195.61,3.8,5,HAULING_LOADED,FASTENED,35.7,HAUL_ROAD_SOUTH,SEVERE,94.9,76.8,NONE,TSK-1018
2026-09-20T09:03:45Z,CAT-797F-102,OP-102,14213.08,1751.8,90.8,19.7,214.07,3.8,5,HAULING_LOADED,FASTENED,23.4,RAMP_ACCESS_EAST,STEEP_INCLINE,93.2,77.7,NONE,TSK-1038
2026-09-20T09:03:45Z,CAT-6060-201,OP-103,5123.27,1870.6,81.0,2.6,343.48,7.5,2,EXCAVATING,FASTENED,14.4,PIT_FLOOR_BENCH_A,SEVERE,94.7,77.3,NONE,TSK-1005
2026-09-20T09:03:45Z,CAT-994K-301,OP-104,9863.88,1694.5,68.0,0.4,163.15,3.0,7,LOADING,FASTENED,6.3,PIT_FLOOR_BENCH_A,NORMAL,92.1,77.5,NONE,TSK-1004
2026-09-20T09:03:45Z,CAT-D11-401,OP-105,16483.08,1840.5,86.4,4.9,226.01,0.0,1,DOZING,FASTENED,9.4,STAGING_BAY_4,MUDDY,97.4,79.6,NONE,TSK-1002
2026-09-20T09:04:30Z,CAT-797F-101,OP-101,8423.59,1912.6,75.4,28.0,196.69,3.8,5,HAULING_LOADED,FASTENED,36.8,HAUL_ROAD_SOUTH,SEVERE,94.9,76.8,NONE,TSK-1018
2026-09-20T09:04:30Z,CAT-797F-102,OP-102,14213.09,1874.1,93.6,20.2,215.25,3.8,5,HAULING_LOADED,FASTENED,39.4,RAMP_ACCESS_EAST,STEEP_INCLINE,93.3,77.9,NONE,TSK-1038
2026-09-20T09:04:30Z,CAT-6060-201,OP-103,5123.29,1940.6,91.8,2.3,344.92,7.5,2,EXCAVATING,FASTENED,19.9,PIT_FLOOR_BENCH_A,SEVERE,95.0,77.5,NONE,TSK-1005
2026-09-20T09:04:30Z,CAT-994K-301,OP-104,9863.89,1550.5,67.2,0.7,163.72,3.0,7,LOADING,FASTENED,7.9,PIT_FLOOR_BENCH_A,NORMAL,92.0,77.5,NONE,TSK-1004
2026-09-20T09:04:30Z,CAT-D11-401,OP-105,16483.09,1819.7,86.2,5.0,226.93,0.0,1,DOZING,FASTENED,11.3,STAGING_BAY_4,MUDDY,97.4,79.6,NONE,TSK-1002
2026-09-20T09:05:15Z,CAT-797F-101,OP-101,8423.6,1777.2,86.8,25.5,197.77,3.8,5,HAULING_LOADED,FASTENED,37.4,HAUL_ROAD_SOUTH,SEVERE,95.2,77.0,NONE,TSK-1018
2026-09-20T09:05:15Z,CAT-797F-102,OP-102,14213.1,1793.6,85.9,9.9,216.43,3.8,5,HAULING_LOADED,FASTENED,25.7,RAMP_ACCESS_EAST,STEEP_INCLINE,93.4,78.0,NONE,TSK-1038
2026-09-20T09:05:15Z,CAT-6060-201,OP-103,5123.3,2027.0,86.4,4.8,346.36,7.5,2,EXCAVATING,FASTENED,18.3,PIT_FLOOR_BENCH_A,SEVERE,95.2,77.6,NONE,TSK-1005
2026-09-20T09:05:15Z,CAT-994K-301,OP-104,9863.9,1533.4,67.9,0.9,164.29,3.0,7,LOADING,FASTENED,8.6,PIT_FLOOR_BENCH_A,NORMAL,92.0,77.4,NONE,TSK-1004
2026-09-20T09:05:15Z,CAT-D11-401,OP-105,16483.1,1944.4,80.5,1.1,227.85,0.0,1,DOZING,FASTENED,19.9,STAGING_BAY_4,MUDDY,97.3,79.6,NONE,TSK-1002
2026-09-20T09:06:00Z,CAT-797F-101,OP-101,8423.61,1834.8,90.1,24.3,198.84,3.8,5,HAULING_LOADED,FASTENED,27.0,HAUL_ROAD_SOUTH,SEVERE,95.4,77.2,NONE,TSK-1018
2026-09-20T09:06:00Z,CAT-797F-102,OP-102,14213.11,1270.3,38.1,1.4,216.99,3.8,5,DUMPING,FASTENED,9.8,OVERBURDEN_DUMP_WEST,STEEP_INCLINE,92.9,77.7,NONE,TSK-1038
2026-09-20T09:06:00Z,CAT-6060-201,OP-103,5123.31,2011.0,76.3,1.8,347.81,7.5,2,EXCAVATING,FASTENED,16.9,PIT_FLOOR_BENCH_A,SEVERE,95.3,77.6,NONE,TSK-1005
2026-09-20T09:06:00Z,CAT-994K-301,OP-104,9863.91,1511.3,56.8,0.7,164.86,3.0,7,LOADING,FASTENED,10.2,PIT_FLOOR_BENCH_A,NORMAL,91.8,77.3,NONE,TSK-1004
2026-09-20T09:06:00Z,CAT-D11-401,OP-105,16483.11,1820.9,76.5,3.9,228.77,0.0,1,DOZING,FASTENED,12.4,STAGING_BAY_4,MUDDY,97.3,79.5,NONE,TSK-1002
2026-09-20T09:06:45Z,CAT-797F-101,OP-101,8423.63,1744.1,77.0,19.6,199.92,3.8,5,HAULING_LOADED,FASTENED,32.6,HAUL_ROAD_SOUTH,SEVERE,95.5,77.2,NONE,TSK-1018
2026-09-20T09:06:45Z,CAT-797F-102,OP-102,14213.13,1176.1,44.5,0.7,217.56,3.8,5,DUMPING,FASTENED,13.8,OVERBURDEN_DUMP_WEST,STEEP_INCLINE,92.5,77.5,NONE,TSK-1038
2026-09-20T09:06:45Z,CAT-6060-201,OP-103,5123.32,1800.3,83.4,3.0,349.25,7.5,2,EXCAVATING,FASTENED,18.3,PIT_FLOOR_BENCH_A,SEVERE,95.4,77.7,NONE,TSK-1005
2026-09-20T09:06:45Z,CAT-994K-301,OP-104,9863.93,1695.9,70.9,0.0,165.42,3.0,7,LOADING,FASTENED,7.9,PIT_FLOOR_BENCH_A,NORMAL,91.8,77.3,NONE,TSK-1004
2026-09-20T09:06:45Z,CAT-D11-401,OP-105,16483.13,1977.7,92.5,3.4,229.69,0.0,1,DOZING,FASTENED,10.1,STAGING_BAY_4,MUDDY,97.4,79.6,NONE,TSK-1002
2026-09-20T09:07:30Z,CAT-797F-101,OP-101,8423.64,1815.9,81.1,20.7,201.0,3.8,5,HAULING_LOADED,FASTENED,37.0,HAUL_ROAD_SOUTH,SEVERE,95.6,77.3,NONE,TSK-1018
2026-09-20T09:07:30Z,CAT-797F-102,OP-102,14213.14,1138.3,39.5,0.9,218.12,3.8,5,DUMPING,FASTENED,7.9,OVERBURDEN_DUMP_WEST,STEEP_INCLINE,92.1,77.2,NONE,TSK-1038
2026-09-20T09:07:30Z,CAT-6060-201,OP-103,5123.34,1900.2,88.8,3.0,350.69,7.5,2,EXCAVATING,FASTENED,21.0,PIT_FLOOR_BENCH_A,SEVERE,95.6,77.8,NONE,TSK-1005
2026-09-20T09:07:30Z,CAT-994K-301,OP-104,9863.94,703.0,11.8,0.0,165.59,3.8,7,IDLE,FASTENED,27.8,STAGING_BAY_4,NORMAL,91.2,76.8,NONE,TSK-1004
2026-09-20T09:07:30Z,CAT-D11-401,OP-105,16483.14,2015.5,93.9,1.5,230.61,0.0,1,DOZING,FASTENED,21.0,STAGING_BAY_4,MUDDY,97.5,79.6,NONE,TSK-1002
2026-09-20T09:08:15Z,CAT-797F-101,OP-101,8423.65,1939.3,87.4,25.4,202.08,3.8,5,HAULING_LOADED,FASTENED,29.8,HAUL_ROAD_SOUTH,SEVERE,95.8,77.4,NONE,TSK-1018
2026-09-20T09:08:15Z,CAT-797F-102,OP-102,14213.15,1518.5,49.7,31.4,218.89,3.8,6,HAULING_EMPTY,FASTENED,30.1,RAMP_ACCESS_EAST,STEEP_INCLINE,91.9,77.1,NONE,TSK-1038
2026-09-20T09:08:15Z,CAT-6060-201,OP-103,5123.35,2026.4,81.9,3.8,352.14,7.5,2,EXCAVATING,FASTENED,8.4,PIT_FLOOR_BENCH_A,SEVERE,95.7,77.9,NONE,TSK-1005
2026-09-20T09:08:15Z,CAT-994K-301,OP-104,9863.95,688.9,13.6,0.0,165.75,4.5,7,IDLE,FASTENED,27.2,STAGING_BAY_4,NORMAL,90.6,76.4,NONE,TSK-1004
2026-09-20T09:08:15Z,CAT-D11-401,OP-105,16483.15,1824.2,86.0,3.7,231.52,0.0,1,DOZING,FASTENED,10.3,STAGING_BAY_4,MUDDY,97.5,79.6,NONE,TSK-1002
2026-09-20T09:09:00Z,CAT-797F-101,OP-101,8423.66,1877.9,79.7,24.8,203.16,3.8,5,HAULING_LOADED,FASTENED,47.3,HAUL_ROAD_SOUTH,SEVERE,95.8,77.5,NONE,TSK-1018
2026-09-20T09:09:00Z,CAT-797F-102,OP-102,14213.16,1791.2,59.5,26.9,219.66,3.8,6,HAULING_EMPTY,FASTENED,36.1,RAMP_ACCESS_EAST,MODERATE,91.8,77.0,NONE,TSK-1042
2026-09-20T09:09:00Z,CAT-6060-201,OP-103,5123.36,1900.2,85.1,4.5,353.58,7.5,2,EXCAVATING,FASTENED,16.2,PIT_FLOOR_BENCH_A,SEVERE,95.9,78.0,NONE,TSK-1005
2026-09-20T09:09:00Z,CAT-994K-301,OP-104,9863.96,725.1,15.5,0.0,165.91,5.2,7,IDLE,FASTENED,26.2,STAGING_BAY_4,NORMAL,90.1,76.0,NONE,TSK-1004
2026-09-20T09:09:00Z,CAT-D11-401,OP-105,16483.16,1921.8,90.2,4.3,232.44,0.0,1,DOZING,FASTENED,11.8,STAGING_BAY_4,MUDDY,97.5,79.7,NONE,TSK-1002
2026-09-20T09:09:45Z,CAT-797F-101,OP-101,8423.68,1874.8,72.1,18.1,204.23,3.8,5,HAULING_LOADED,FASTENED,33.8,HAUL_ROAD_SOUTH,SEVERE,95.8,77.5,NONE,TSK-1018
2026-09-20T09:09:45Z,CAT-797F-102,OP-102,14213.18,1747.6,50.4,31.3,220.43,3.8,6,HAULING_EMPTY,FASTENED,31.5,RAMP_ACCESS_EAST,MODERATE,91.5,76.8,NONE,TSK-1042
2026-09-20T09:09:45Z,CAT-6060-201,OP-103,5123.37,1802.9,78.5,1.5,355.03,7.5,2,EXCAVATING,FASTENED,14.8,PIT_FLOOR_BENCH_A,SEVERE,95.9,78.0,NONE,TSK-1005
2026-09-20T09:09:45Z,CAT-994K-301,OP-104,9863.98,686.6,13.4,0.0,166.07,6.0,7,IDLE,FASTENED,17.0,STAGING_BAY_4,NORMAL,89.6,75.6,NONE,TSK-1004
2026-09-20T09:09:45Z,CAT-D11-401,OP-105,16483.18,1827.8,92.1,2.6,233.36,0.0,1,DOZING,FASTENED,16.8,STAGING_BAY_4,MUDDY,97.6,79.7,NONE,TSK-1002
2026-09-20T09:10:30Z,CAT-797F-101,OP-101,8423.69,1741.5,77.9,20.7,205.31,3.8,5,HAULING_LOADED,FASTENED,27.7,HAUL_ROAD_SOUTH,SEVERE,95.9,77.6,NONE,TSK-1018
2026-09-20T09:10:30Z,CAT-797F-102,OP-102,14213.19,1687.4,51.6,35.8,221.2,3.8,6,HAULING_EMPTY,FASTENED,25.3,RAMP_ACCESS_EAST,MODERATE,91.3,76.7,NONE,TSK-1042
2026-09-20T09:10:30Z,CAT-6060-201,OP-103,5123.39,1975.5,75.1,3.3,356.47,7.5,2,EXCAVATING,FASTENED,21.8,PIT_FLOOR_BENCH_A,SEVERE,95.9,78.0,NONE,TSK-1005
2026-09-20T09:10:30Z,CAT-994K-301,OP-104,9863.99,711.3,10.0,0.0,166.24,6.8,7,IDLE,FASTENED,22.4,STAGING_BAY_4,NORMAL,89.1,75.2,NONE,TSK-1004
2026-09-20T09:10:30Z,CAT-D11-401,OP-105,16483.19,1978.4,92.7,2.9,234.28,0.0,1,DOZING,FASTENED,12.7,STAGING_BAY_4,MUDDY,97.7,79.8,NONE,TSK-1002
2026-09-20T09:11:15Z,CAT-797F-101,OP-101,8423.7,1379.8,45.1,3.0,205.83,3.8,5,DUMPING,FASTENED,11.5,OVERBURDEN_DUMP_WEST,SEVERE,95.5,77.3,NONE,TSK-1018
2026-09-20T09:11:15Z,CAT-797F-102,OP-102,14213.2,1518.3,49.1,29.8,221.96,3.8,6,HAULING_EMPTY,FASTENED,25.3,RAMP_ACCESS_EAST,MODERATE,91.2,76.6,NONE,TSK-1042
2026-09-20T09:11:15Z,CAT-6060-201,OP-103,5123.4,1959.5,88.8,4.6,357.91,7.5,2,EXCAVATING,FASTENED,9.9,PIT_FLOOR_BENCH_A,SEVERE,96.1,78.1,NONE,TSK-1005
2026-09-20T09:11:15Z,CAT-994K-301,OP-104,9864.0,1887.9,77.0,21.6,167.17,6.8,7,HAULING_LOADED,FASTENED,39.2,RAMP_ACCESS_EAST,NORMAL,89.4,75.4,NONE,TSK-1004
2026-09-20T09:11:15Z,CAT-D11-401,OP-105,16483.2,1904.5,87.5,1.0,235.2,0.0,1,DOZING,FASTENED,16.9,STAGING_BAY_4,MUDDY,97.7,79.8,NONE,TSK-1002
2026-09-20T09:12:00Z,CAT-797F-101,OP-101,8423.71,1277.5,46.0,3.1,206.34,3.8,5,DUMPING,FASTENED,12.0,OVERBURDEN_DUMP_WEST,SEVERE,95.2,77.1,NONE,TSK-1018
2026-09-20T09:12:00Z,CAT-797F-102,OP-102,14213.21,1574.7,51.7,36.9,222.73,3.8,6,HAULING_EMPTY,FASTENED,48.2,RAMP_ACCESS_EAST,MODERATE,91.0,76.4,NONE,TSK-1042
2026-09-20T09:12:00Z,CAT-6060-201,OP-103,5123.41,739.2,15.1,0.0,358.19,8.2,2,IDLE,FASTENED,26.7,STAGING_BAY_4,SEVERE,95.4,77.6,NONE,TSK-1005
2026-09-20T09:12:00Z,CAT-994K-301,OP-104,9864.01,1773.5,75.9,17.8,168.11,6.8,7,HAULING_LOADED,FASTENED,34.6,RAMP_ACCESS_EAST,NORMAL,89.6,75.5,NONE,TSK-1004
2026-09-20T09:12:00Z,CAT-D11-401,OP-105,16483.21,2007.0,84.6,1.5,236.12,0.0,1,DOZING,FASTENED,19.2,STAGING_BAY_4,MUDDY,97.6,79.8,NONE,TSK-1002
2026-09-20T09:12:45Z,CAT-797F-101,OP-101,8423.73,1253.6,46.0,1.0,206.86,3.8,5,DUMPING,FASTENED,9.8,OVERBURDEN_DUMP_WEST,SEVERE,95.0,77.0,NONE,TSK-1018
2026-09-20T09:12:45Z,CAT-797F-102,OP-102,14213.23,1712.0,46.8,27.7,223.5,3.8,6,HAULING_EMPTY,FASTENED,46.9,RAMP_ACCESS_EAST,MODERATE,90.8,76.3,NONE,TSK-1042
2026-09-20T09:12:45Z,CAT-6060-201,OP-103,5123.42,685.4,12.6,0.0,358.46,9.0,2,IDLE,FASTENED,24.0,STAGING_BAY_4,SEVERE,94.7,77.1,NONE,TSK-1005
2026-09-20T09:12:45Z,CAT-994K-301,OP-104,9864.03,1932.2,90.1,25.6,169.04,6.8,7,HAULING_LOADED,FASTENED,26.2,RAMP_ACCESS_EAST,NORMAL,90.0,75.8,NONE,TSK-1004
2026-09-20T09:12:45Z,CAT-D11-401,OP-105,16483.23,1892.9,92.1,1.5,237.04,0.0,1,DOZING,FASTENED,9.9,STAGING_BAY_4,MUDDY,97.7,79.8,NONE,TSK-1002
2026-09-20T09:13:30Z,CAT-797F-101,OP-101,8423.74,1125.3,43.1,2.9,207.38,3.8,5,DUMPING,FASTENED,13.5,OVERBURDEN_DUMP_WEST,SEVERE,94.7,76.7,NONE,TSK-1018
2026-09-20T09:13:30Z,CAT-797F-102,OP-102,14213.24,1692.2,54.9,30.6,224.27,3.8,6,HAULING_EMPTY,FASTENED,45.7,RAMP_ACCESS_EAST,MODERATE,90.7,76.2,NONE,TSK-1042
2026-09-20T09:13:30Z,CAT-6060-201,OP-103,5123.44,702.9,13.9,0.0,358.74,9.8,2,IDLE,FASTENED,21.9,STAGING_BAY_4,SEVERE,94.2,76.7,NONE,TSK-1005
2026-09-20T09:13:30Z,CAT-994K-301,OP-104,9864.04,1902.1,76.5,17.4,169.97,6.8,7,HAULING_LOADED,FASTENED,22.5,RAMP_ACCESS_EAST,NORMAL,90.3,75.9,NONE,TSK-1004
2026-09-20T09:13:30Z,CAT-D11-401,OP-105,16483.24,1972.2,92.8,4.0,237.96,0.0,1,DOZING,FASTENED,9.6,STAGING_BAY_4,MUDDY,97.8,79.9,NONE,TSK-1002
2026-09-20T09:14:15Z,CAT-797F-101,OP-101,8423.75,1500.5,43.2,33.4,208.08,3.8,6,HAULING_EMPTY,FASTENED,50.0,RAMP_ACCESS_EAST,SEVERE,94.5,76.6,NONE,TSK-1018
2026-09-20T09:14:15Z,CAT-797F-102,OP-102,14213.25,1602.3,49.3,35.9,225.04,3.8,6,HAULING_EMPTY,FASTENED,48.3,RAMP_ACCESS_EAST,MODERATE,90.6,76.1,NONE,TSK-1042
2026-09-20T09:14:15Z,CAT-6060-201,OP-103,5123.45,716.1,11.3,0.0,359.01,10.5,2,IDLE,FASTENED,19.5,STAGING_BAY_4,SEVERE,93.6,76.3,NONE,TSK-1005
2026-09-20T09:14:15Z,CAT-994K-301,OP-104,9864.05,1815.2,74.9,27.8,170.91,6.8,7,HAULING_LOADED,FASTENED,43.4,RAMP_ACCESS_EAST,NORMAL,90.4,76.0,NONE,TSK-1004
2026-09-20T09:14:15Z,CAT-D11-401,OP-105,16483.25,1886.7,86.4,1.6,238.87,0.0,1,DOZING,FASTENED,17.3,STAGING_BAY_4,MUDDY,97.7,79.9,NONE,TSK-1002
2026-09-20T09:15:00Z,CAT-797F-101,OP-101,8423.76,1691.6,48.2,41.3,208.78,3.8,6,HAULING_EMPTY,FASTENED,26.1,RAMP_ACCESS_EAST,NORMAL,94.0,76.4,NONE,TSK-1022
2026-09-20T09:15:00Z,CAT-797F-102,OP-102,14213.26,1726.1,51.6,38.5,225.81,3.8,6,HAULING_EMPTY,FASTENED,38.3,RAMP_ACCESS_EAST,MODERATE,90.5,76.0,NONE,TSK-1042
2026-09-20T09:15:00Z,CAT-6060-201,OP-103,5123.46,702.6,15.9,0.0,359.29,11.2,2,IDLE,FASTENED,18.7,STAGING_BAY_4,SEVERE,93.1,75.9,NONE,TSK-1005
2026-09-20T09:15:00Z,CAT-994K-301,OP-104,9864.06,1752.7,86.7,26.1,171.84,6.8,7,HAULING_LOADED,FASTENED,39.6,RAMP_ACCESS_EAST,NORMAL,90.7,76.2,NONE,TSK-1004
2026-09-20T09:15:00Z,CAT-D11-401,OP-105,16483.26,2009.6,78.4,3.0,239.79,0.0,1,DOZING,FASTENED,13.5,STAGING_BAY_4,MUDDY,97.6,79.8,NONE,TSK-1002
2026-09-20T09:15:45Z,CAT-797F-101,OP-101,8423.78,1771.5,61.8,33.6,209.48,3.8,6,HAULING_EMPTY,FASTENED,33.1,RAMP_ACCESS_EAST,NORMAL,93.7,76.4,NONE,TSK-1022
2026-09-20T09:15:45Z,CAT-797F-102,OP-102,14213.28,1816.9,57.2,30.8,226.58,3.8,6,HAULING_EMPTY,FASTENED,39.4,RAMP_ACCESS_EAST,MODERATE,90.4,76.0,NONE,TSK-1042
2026-09-20T09:15:45Z,CAT-6060-201,OP-103,5123.47,721.8,11.2,0.0,359.56,12.0,2,IDLE,FASTENED,26.0,STAGING_BAY_4,SEVERE,92.6,75.5,NONE,TSK-1005
2026-09-20T09:15:45Z,CAT-994K-301,OP-104,9864.08,1732.7,87.0,23.3,172.78,6.8,7,HAULING_LOADED,FASTENED,42.5,RAMP_ACCESS_EAST,NORMAL,91.0,76.4,NONE,TSK-1004
2026-09-20T09:15:45Z,CAT-D11-401,OP-105,16483.28,1962.9,83.7,1.7,240.71,0.0,1,DOZING,FASTENED,9.9,STAGING_BAY_4,MUDDY,97.6,79.8,NONE,TSK-1002
2026-09-20T09:16:30Z,CAT-797F-101,OP-101,8423.79,1546.3,46.4,37.1,210.19,3.8,6,HAULING_EMPTY,FASTENED,46.3,RAMP_ACCESS_EAST,NORMAL,93.3,76.2,NONE,TSK-1022
2026-09-20T09:16:30Z,CAT-797F-102,OP-102,14213.29,1289.9,47.8,0.9,227.14,3.8,6,SPOTTING,FASTENED,13.6,CRUSHER_FEED_1,MODERATE,90.3,75.9,NONE,TSK-1042
2026-09-20T09:16:30Z,CAT-6060-201,OP-103,5123.49,685.8,15.8,0.0,359.84,12.8,2,IDLE,FASTENED,16.5,STAGING_BAY_4,SEVERE,92.2,75.1,NONE,TSK-1005
2026-09-20T09:16:30Z,CAT-994K-301,OP-104,9864.09,1945.1,85.0,23.4,173.71,6.8,7,HAULING_LOADED,FASTENED,47.2,RAMP_ACCESS_EAST,NORMAL,91.2,76.5,NONE,TSK-1004
2026-09-20T09:16:30Z,CAT-D11-401,OP-105,16483.29,1871.2,75.6,2.0,241.63,0.0,1,DOZING,FASTENED,14.8,STAGING_BAY_4,MUDDY,97.5,79.7,NONE,TSK-1002
2026-09-20T09:17:15Z,CAT-797F-101,OP-101,8423.8,1708.9,49.5,36.1,210.89,3.8,6,HAULING_EMPTY,FASTENED,48.2,RAMP_ACCESS_EAST,NORMAL,93.0,76.1,NONE,TSK-1022
2026-09-20T09:17:15Z,CAT-797F-102,OP-102,14213.3,1317.8,45.8,2.3,227.7,3.8,6,SPOTTING,FASTENED,8.6,CRUSHER_FEED_1,MODERATE,90.1,75.7,NONE,TSK-1042
2026-09-20T09:17:15Z,CAT-6060-201,OP-103,5123.5,702.0,10.7,0.0,360.11,13.5,2,IDLE,FASTENED,15.2,STAGING_BAY_4,SEVERE,91.8,74.7,NONE,TSK-1005
2026-09-20T09:17:15Z,CAT-994K-301,OP-104,9864.1,1867.2,82.2,16.3,174.65,6.8,7,HAULING_LOADED,FASTENED,36.0,RAMP_ACCESS_EAST,NORMAL,91.4,76.7,NONE,TSK-1004
2026-09-20T09:17:15Z,CAT-D11-401,OP-105,16483.3,1832.1,89.2,4.2,242.55,0.0,1,DOZING,FASTENED,10.5,STAGING_BAY_4,MUDDY,97.5,79.7,NONE,TSK-1002
2026-09-20T09:18:00Z,CAT-797F-101,OP-101,8423.81,1638.8,53.4,25.7,211.59,3.8,6,HAULING_EMPTY,FASTENED,24.1,RAMP_ACCESS_EAST,NORMAL,92.7,76.0,NONE,TSK-1022
2026-09-20T09:18:00Z,CAT-797F-102,OP-102,14213.31,1693.9,55.4,0.7,228.42,3.8,6,LOADING,FASTENED,8.7,PIT_FLOOR_BENCH_B,MODERATE,90.1,75.7,NONE,TSK-1042
2026-09-20T09:18:00Z,CAT-6060-201,OP-103,5123.51,709.3,13.1,0.0,360.39,14.2,2,IDLE,FASTENED,22.2,STAGING_BAY_4,SEVERE,91.5,74.4,NONE,TSK-1005
2026-09-20T09:18:00Z,CAT-994K-301,OP-104,9864.11,1897.5,74.5,25.4,175.58,6.8,7,HAULING_LOADED,FASTENED,47.0,RAMP_ACCESS_EAST,NORMAL,91.5,76.7,NONE,TSK-1004
2026-09-20T09:18:00Z,CAT-D11-401,OP-105,16483.31,1804.2,86.4,1.7,243.47,0.0,1,DOZING,FASTENED,15.8,STAGING_BAY_4,MUDDY,97.5,79.7,NONE,TSK-1002
2026-09-20T09:18:45Z,CAT-797F-101,OP-101,8423.83,1541.2,46.1,26.8,212.3,3.8,6,HAULING_EMPTY,FASTENED,40.6,RAMP_ACCESS_EAST,NORMAL,92.3,75.9,NONE,TSK-1022
2026-09-20T09:18:45Z,CAT-797F-102,OP-102,14213.33,1460.5,74.6,0.6,229.14,3.8,6,LOADING,FASTENED,7.8,PIT_FLOOR_BENCH_B,MODERATE,90.3,75.8,NONE,TSK-1042
2026-09-20T09:18:45Z,CAT-6060-201,OP-103,5123.52,1824.5,75.9,4.8,361.83,14.2,3,EXCAVATING,FASTENED,20.7,PIT_FLOOR_BENCH_A,SEVERE,91.8,74.6,NONE,TSK-1005
2026-09-20T09:18:45Z,CAT-994K-301,OP-104,9864.13,1833.5,74.8,22.1,176.52,6.8,7,HAULING_LOADED,FASTENED,28.8,RAMP_ACCESS_EAST,NORMAL,91.6,76.8,NONE,TSK-1004
2026-09-20T09:18:45Z,CAT-D11-401,OP-105,16483.31,0.0,0.0,0.0,243.47,0.0,1,STOPPED,FASTENED,25.8,STAGING_BAY_4,MUDDY,96.6,79.1,NONE,TSK-1002
2026-09-20T09:19:30Z,CAT-797F-101,OP-101,8423.84,1762.3,46.7,27.3,213.0,3.8,6,HAULING_EMPTY,FASTENED,31.9,RAMP_ACCESS_EAST,NORMAL,92.0,75.8,NONE,TSK-1022
2026-09-20T09:19:30Z,CAT-797F-102,OP-102,14213.34,1737.2,67.0,0.3,229.86,3.8,6,LOADING,FASTENED,7.8,PIT_FLOOR_BENCH_B,MODERATE,90.4,75.8,NONE,TSK-1042
2026-09-20T09:19:30Z,CAT-6060-201,OP-103,5123.54,1936.7,76.4,2.0,363.28,14.2,3,EXCAVATING,FASTENED,13.3,PIT_FLOOR_BENCH_A,SEVERE,92.2,74.8,NONE,TSK-1005
2026-09-20T09:19:30Z,CAT-994K-301,OP-104,9864.14,1800.0,73.7,19.2,177.45,6.8,7,HAULING_LOADED,FASTENED,31.9,RAMP_ACCESS_EAST,NORMAL,91.6,76.8,NONE,TSK-1004
2026-09-20T09:19:30Z,CAT-D11-401,OP-105,16483.31,0.0,0.0,0.0,243.47,0.0,1,STOPPED,FASTENED,25.7,STAGING_BAY_4,MUDDY,95.7,78.4,NONE,TSK-1002
2026-09-20T09:20:15Z,CAT-797F-101,OP-101,8423.85,1734.5,61.9,36.2,213.7,3.8,6,HAULING_EMPTY,FASTENED,28.4,RAMP_ACCESS_EAST,NORMAL,91.9,75.8,NONE,TSK-1022
2026-09-20T09:20:15Z,CAT-797F-102,OP-102,14213.35,1647.2,71.4,0.7,230.57,3.8,6,LOADING,FASTENED,8.1,PIT_FLOOR_BENCH_B,MODERATE,90.5,75.9,NONE,TSK-1042
2026-09-20T09:20:15Z,CAT-6060-201,OP-103,5123.55,2047.7,83.2,1.1,364.72,14.2,3,EXCAVATING,FASTENED,16.5,PIT_FLOOR_BENCH_A,SEVERE,92.6,75.0,NONE,TSK-1005
2026-09-20T09:20:15Z,CAT-994K-301,OP-104,9864.15,1731.2,74.2,22.9,178.38,6.8,7,HAULING_LOADED,FASTENED,21.8,RAMP_ACCESS_EAST,NORMAL,91.7,76.9,NONE,TSK-1004
2026-09-20T09:20:15Z,CAT-D11-401,OP-105,16483.31,0.0,0.0,0.0,243.47,0.0,1,STOPPED,FASTENED,22.3,STAGING_BAY_4,MUDDY,94.9,77.8,NONE,TSK-1002
2026-09-20T09:21:00Z,CAT-797F-101,OP-101,8423.86,1587.4,59.4,28.0,214.41,3.8,6,HAULING_EMPTY,FASTENED,22.3,RAMP_ACCESS_EAST,NORMAL,91.8,75.8,NONE,TSK-1022
2026-09-20T09:21:00Z,CAT-797F-102,OP-102,14213.36,1740.6,62.6,0.1,231.29,3.8,6,LOADING,FASTENED,10.6,PIT_FLOOR_BENCH_B,MODERATE,90.5,75.9,NONE,TSK-1042
2026-09-20T09:21:00Z,CAT-6060-201,OP-103,5123.56,1968.5,80.8,4.3,366.16,14.2,3,EXCAVATING,FASTENED,14.9,PIT_FLOOR_BENCH_A,SEVERE,92.9,75.2,NONE,TSK-1005
2026-09-20T09:21:00Z,CAT-994K-301,OP-104,9864.16,1875.1,89.3,22.9,179.32,6.8,7,HAULING_LOADED,FASTENED,37.0,RAMP_ACCESS_EAST,NORMAL,91.9,77.1,NONE,TSK-1004
2026-09-20T09:21:00Z,CAT-D11-401,OP-105,16483.31,0.0,0.0,0.0,243.47,0.0,1,STOPPED,FASTENED,18.4,STAGING_BAY_4,MUDDY,94.1,77.2,NONE,TSK-1002
2026-09-20T09:21:45Z,CAT-797F-101,OP-101,8423.88,1624.7,48.9,37.0,215.11,3.8,6,HAULING_EMPTY,FASTENED,53.9,RAMP_ACCESS_EAST,NORMAL,91.6,75.7,NONE,TSK-1022
2026-09-20T09:21:45Z,CAT-797F-102,OP-102,14213.38,1848.1,77.2,24.6,232.47,3.8,6,HAULING_LOADED,FASTENED,40.0,HAUL_ROAD_SOUTH,MODERATE,90.7,76.0,NONE,TSK-1042
2026-09-20T09:21:45Z,CAT-6060-201,OP-103,5123.57,1792.8,85.8,2.1,367.61,14.2,3,EXCAVATING,FASTENED,20.9,PIT_FLOOR_BENCH_A,SEVERE,93.3,75.4,NONE,TSK-1005
2026-09-20T09:21:45Z,CAT-994K-301,OP-104,9864.18,1662.0,58.7,1.2,179.89,6.8,8,LOADING,FASTENED,10.0,PIT_FLOOR_BENCH_B,NORMAL,91.8,77.0,NONE,TSK-1004
2026-09-20T09:21:45Z,CAT-D11-401,OP-105,16483.31,0.0,0.0,0.0,243.47,0.0,1,STOPPED,FASTENED,20.5,STAGING_BAY_4,MUDDY,93.4,76.6,NONE,TSK-1002
2026-09-20T09:22:30Z,CAT-797F-101,OP-101,8423.89,1801.3,59.6,38.2,215.81,3.8,6,HAULING_EMPTY,FASTENED,32.1,RAMP_ACCESS_EAST,NORMAL,91.5,75.7,NONE,TSK-1022
2026-09-20T09:22:30Z,CAT-797F-102,OP-102,14213.39,1936.9,80.1,19.9,233.65,3.8,6,HAULING_LOADED,FASTENED,22.5,HAUL_ROAD_SOUTH,MODERATE,90.9,76.2,NONE,TSK-1042
2026-09-20T09:22:30Z,CAT-6060-201,OP-103,5123.59,1969.0,93.0,1.7,369.05,14.2,3,EXCAVATING,FASTENED,8.8,PIT_FLOOR_BENCH_A,SEVERE,93.7,75.7,NONE,TSK-1005
2026-09-20T09:22:30Z,CAT-994K-301,OP-104,9864.19,1616.2,64.9,1.0,180.46,6.8,8,LOADING,FASTENED,10.8,PIT_FLOOR_BENCH_B,NORMAL,91.7,76.9,NONE,TSK-1004
2026-09-20T09:22:30Z,CAT-D11-401,OP-105,16483.33,1893.9,84.8,5.0,244.39,0.0,2,DOZING,FASTENED,20.4,STAGING_BAY_4,MUDDY,93.7,76.8,NONE,TSK-1002
2026-09-20T09:23:15Z,CAT-797F-101,OP-101,8423.9,1629.8,54.3,39.9,216.52,3.8,6,HAULING_EMPTY,FASTENED,46.6,RAMP_ACCESS_EAST,NORMAL,91.3,75.6,NONE,TSK-1022
2026-09-20T09:23:15Z,CAT-797F-102,OP-102,14213.4,1875.6,87.0,19.1,234.83,3.8,6,HAULING_LOADED,FASTENED,40.7,HAUL_ROAD_SOUTH,MODERATE,91.2,76.4,NONE,TSK-1042
2026-09-20T09:23:15Z,CAT-6060-201,OP-103,5123.6,1997.0,91.7,3.1,370.49,14.2,3,EXCAVATING,FASTENED,16.5,PIT_FLOOR_BENCH_A,SEVERE,94.1,76.0,NONE,TSK-1005
2026-09-20T09:23:15Z,CAT-994K-301,OP-104,9864.2,1739.4,68.5,1.1,181.02,6.8,8,LOADING,FASTENED,8.6,PIT_FLOOR_BENCH_B,NORMAL,91.7,76.9,NONE,TSK-1004
2026-09-20T09:23:15Z,CAT-D11-401,OP-105,16483.34,1772.5,90.9,3.1,245.31,0.0,2,DOZING,FASTENED,21.3,STAGING_BAY_4,MUDDY,94.1,77.0,NONE,TSK-1002
2026-09-20T09:24:00Z,CAT-797F-101,OP-101,8423.91,1147.7,47.5,1.4,217.03,3.8,6,SPOTTING,FASTENED,11.6,CRUSHER_FEED_1,NORMAL,91.1,75.5,NONE,TSK-1022
2026-09-20T09:24:00Z,CAT-797F-102,OP-102,14213.41,1912.7,89.2,19.6,236.01,3.8,6,HAULING_LOADED,FASTENED,33.5,HAUL_ROAD_SOUTH,MODERATE,91.4,76.6,NONE,TSK-1042
2026-09-20T09:24:00Z,CAT-6060-201,OP-103,5123.61,1750.7,87.0,2.6,371.94,14.2,3,EXCAVATING,FASTENED,20.9,PIT_FLOOR_BENCH_A,SEVERE,94.4,76.2,NONE,TSK-1005
2026-09-20T09:24:00Z,CAT-994K-301,OP-104,9864.21,1737.7,65.3,1.1,181.59,6.8,8,LOADING,FASTENED,10.7,PIT_FLOOR_BENCH_B,NORMAL,91.7,76.9,NONE,TSK-1004
2026-09-20T09:24:00Z,CAT-D11-401,OP-105,16483.35,2004.5,76.1,1.0,246.22,0.0,2,DOZING,FASTENED,14.4,STAGING_BAY_4,MUDDY,94.3,77.0,NONE,TSK-1002
2026-09-20T09:24:45Z,CAT-797F-101,OP-101,8423.93,1130.0,37.6,2.5,217.55,3.8,6,SPOTTING,FASTENED,9.5,CRUSHER_FEED_1,NORMAL,90.8,75.3,NONE,TSK-1022
2026-09-20T09:24:45Z,CAT-797F-102,OP-102,14213.43,1807.7,76.0,22.6,237.19,3.8,6,HAULING_LOADED,FASTENED,45.2,HAUL_ROAD_SOUTH,MODERATE,91.5,76.6,NONE,TSK-1042
2026-09-20T09:24:45Z,CAT-6060-201,OP-103,5123.62,2023.9,75.1,4.1,373.38,14.2,3,EXCAVATING,FASTENED,11.5,PIT_FLOOR_BENCH_A,SEVERE,94.5,76.2,NONE,TSK-1005
2026-09-20T09:24:45Z,CAT-994K-301,OP-104,9864.23,1562.3,62.3,1.1,182.16,6.8,8,LOADING,FASTENED,8.7,PIT_FLOOR_BENCH_B,NORMAL,91.6,76.9,NONE,TSK-1004
2026-09-20T09:24:45Z,CAT-D11-401,OP-105,16483.36,2046.8,87.5,2.8,247.14,0.0,2,DOZING,FASTENED,10.0,STAGING_BAY_4,MUDDY,94.5,77.2,NONE,TSK-1002
2026-09-20T09:25:30Z,CAT-797F-101,OP-101,8423.94,1101.6,46.1,2.4,218.06,3.8,6,SPOTTING,FASTENED,7.3,CRUSHER_FEED_1,NORMAL,90.6,75.3,NONE,TSK-1022
2026-09-20T09:25:30Z,CAT-797F-102,OP-102,14213.44,1733.4,80.4,20.1,238.36,3.8,6,HAULING_LOADED,FASTENED,20.9,HAUL_ROAD_SOUTH,MODERATE,91.7,76.8,NONE,TSK-1042
2026-09-20T09:25:30Z,CAT-6060-201,OP-103,5123.64,2034.5,93.2,4.9,374.83,14.2,3,EXCAVATING,FASTENED,9.7,PIT_FLOOR_BENCH_A,SEVERE,94.8,76.5,NONE,TSK-1005
2026-09-20T09:25:30Z,CAT-994K-301,OP-104,9864.24,1675.3,70.6,0.5,182.73,6.8,8,LOADING,FASTENED,9.6,PIT_FLOOR_BENCH_B,NORMAL,91.6,76.9,NONE,TSK-1004
2026-09-20T09:25:30Z,CAT-D11-401,OP-105,16483.38,1997.7,77.5,4.8,248.06,0.0,2,DOZING,FASTENED,19.1,STAGING_BAY_4,MUDDY,94.7,77.2,NONE,TSK-1002
2026-09-20T09:26:15Z,CAT-797F-101,OP-101,8423.95,1680.2,59.7,0.8,218.72,3.8,6,LOADING,FASTENED,7.7,PIT_FLOOR_BENCH_A,NORMAL,90.6,75.3,NONE,TSK-1022
2026-09-20T09:26:15Z,CAT-797F-102,OP-102,14213.45,1884.4,80.7,19.6,239.54,3.8,6,HAULING_LOADED,FASTENED,33.6,HAUL_ROAD_SOUTH,MODERATE,91.8,76.9,NONE,TSK-1042
2026-09-20T09:26:15Z,CAT-6060-201,OP-103,5123.65,1824.3,77.9,3.0,376.27,14.2,3,EXCAVATING,FASTENED,11.5,PIT_FLOOR_BENCH_A,SEVERE,94.9,76.6,NONE,TSK-1005
2026-09-20T09:26:15Z,CAT-994K-301,OP-104,9864.25,1709.3,74.9,0.3,183.3,6.8,8,LOADING,FASTENED,10.1,PIT_FLOOR_BENCH_B,NORMAL,91.7,76.9,NONE,TSK-1004
2026-09-20T09:26:15Z,CAT-D11-401,OP-105,16483.39,1961.9,90.4,3.8,248.98,0.0,2,DOZING,FASTENED,15.0,STAGING_BAY_4,MUDDY,95.0,77.4,NONE,TSK-1002
2026-09-20T09:27:00Z,CAT-797F-101,OP-101,8423.96,1747.8,66.8,0.8,219.38,3.8,6,LOADING,FASTENED,7.1,PIT_FLOOR_BENCH_A,NORMAL,90.6,75.3,NONE,TSK-1022
2026-09-20T09:27:00Z,CAT-797F-102,OP-102,14213.46,1709.6,91.8,27.6,240.72,3.8,6,HAULING_LOADED,FASTENED,31.9,HAUL_ROAD_SOUTH,MODERATE,92.0,77.1,NONE,TSK-1042
2026-09-20T09:27:00Z,CAT-6060-201,OP-103,5123.66,1777.3,76.0,2.6,377.71,14.2,3,EXCAVATING,FASTENED,12.3,PIT_FLOOR_BENCH_A,SEVERE,95.0,76.7,NONE,TSK-1005
2026-09-20T09:27:00Z,CAT-994K-301,OP-104,9864.26,1519.4,61.7,0.6,183.87,6.8,8,LOADING,FASTENED,8.5,PIT_FLOOR_BENCH_B,NORMAL,91.6,76.9,NONE,TSK-1004
2026-09-20T09:27:00Z,CAT-D11-401,OP-105,16483.4,1841.3,80.1,2.1,249.9,0.0,2,DOZING,FASTENED,12.9,STAGING_BAY_4,MUDDY,95.1,77.5,NONE,TSK-1002
2026-09-20T09:27:45Z,CAT-797F-101,OP-101,8423.98,1546.0,56.0,0.0,220.03,3.8,6,LOADING,FASTENED,6.3,PIT_FLOOR_BENCH_A,NORMAL,90.6,75.3,NONE,TSK-1022
2026-09-20T09:27:45Z,CAT-797F-102,OP-102,14213.48,1753.0,81.4,27.4,241.9,3.8,6,HAULING_LOADED,FASTENED,22.8,HAUL_ROAD_SOUTH,MODERATE,92.2,77.2,NONE,TSK-1042
2026-09-20T09:27:45Z,CAT-6060-201,OP-103,5123.67,2034.5,81.9,2.2,379.16,14.2,3,EXCAVATING,FASTENED,9.4,PIT_FLOOR_BENCH_A,SEVERE,95.2,76.8,NONE,TSK-1005
2026-09-20T09:27:45Z,CAT-994K-301,OP-104,9864.28,1615.5,72.2,0.4,184.44,6.8,8,LOADING,FASTENED,9.7,PIT_FLOOR_BENCH_B,NORMAL,91.6,76.9,NONE,TSK-1004
2026-09-20T09:27:45Z,CAT-D11-401,OP-105,16483.41,1983.6,85.0,2.5,250.82,0.0,2,DOZING,FASTENED,17.1,STAGING_BAY_4,MUDDY,95.3,77.6,NONE,TSK-1002
2026-09-20T09:28:30Z,CAT-797F-101,OP-101,8423.99,1565.2,72.7,0.2,220.69,3.8,6,LOADING,FASTENED,9.7,PIT_FLOOR_BENCH_A,NORMAL,90.7,75.4,NONE,TSK-1022
2026-09-20T09:28:30Z,CAT-797F-102,OP-102,14213.49,1846.6,90.2,24.2,243.08,3.8,6,HAULING_LOADED,FASTENED,25.3,HAUL_ROAD_SOUTH,MODERATE,92.4,77.3,NONE,TSK-1042
2026-09-20T09:28:30Z,CAT-6060-201,OP-103,5123.69,2027.7,76.4,3.2,380.6,14.2,3,EXCAVATING,FASTENED,12.8,PIT_FLOOR_BENCH_A,SEVERE,95.3,76.9,NONE,TSK-1005
2026-09-20T09:28:30Z,CAT-994K-301,OP-104,9864.29,1746.9,59.0,0.9,185.01,6.8,8,LOADING,FASTENED,6.2,PIT_FLOOR_BENCH_B,NORMAL,91.5,76.9,NONE,TSK-1004
2026-09-20T09:28:30Z,CAT-D11-401,OP-105,16483.43,1915.1,79.8,4.5,251.74,0.0,2,DOZING,FASTENED,19.9,STAGING_BAY_4,MUDDY,95.4,77.6,NONE,TSK-1002
2026-09-20T09:29:15Z,CAT-797F-101,OP-101,8424.0,1742.5,72.9,0.5,221.34,3.8,6,LOADING,FASTENED,9.6,PIT_FLOOR_BENCH_A,NORMAL,90.8,75.5,NONE,TSK-1022
2026-09-20T09:29:15Z,CAT-797F-102,OP-102,14213.5,1716.9,80.4,27.6,244.26,3.8,6,HAULING_LOADED,FASTENED,34.1,HAUL_ROAD_SOUTH,MODERATE,92.4,77.4,NONE,TSK-1042
2026-09-20T09:29:15Z,CAT-6060-201,OP-103,5123.7,1929.7,88.2,1.5,382.04,14.2,3,EXCAVATING,FASTENED,8.6,PIT_FLOOR_BENCH_A,SEVERE,95.5,77.0,NONE,TSK-1005
2026-09-20T09:29:15Z,CAT-994K-301,OP-104,9864.3,1903.6,81.9,22.7,185.94,6.8,8,HAULING_LOADED,FASTENED,34.4,RAMP_ACCESS_EAST,NORMAL,91.7,77.0,NONE,TSK-1004
2026-09-20T09:29:15Z,CAT-D11-401,OP-105,16483.44,1881.3,84.7,3.2,252.66,0.0,2,DOZING,FASTENED,13.5,STAGING_BAY_4,MUDDY,95.6,77.7,NONE,TSK-1002
2026-09-20T09:30:00Z,CAT-797F-101,OP-101,8424.01,1512.1,55.1,0.7,222.0,3.8,6,LOADING,FASTENED,9.0,PIT_FLOOR_BENCH_A,NORMAL,90.7,75.5,NONE,TSK-1022
2026-09-20T09:30:00Z,CAT-797F-102,OP-102,14213.51,1932.2,82.3,22.3,245.44,3.8,6,HAULING_LOADED,FASTENED,40.2,HAUL_ROAD_SOUTH,MODERATE,92.5,77.5,NONE,TSK-1042
2026-09-20T09:30:00Z,CAT-6060-201,OP-103,5123.71,2005.7,80.6,2.1,383.49,14.2,3,EXCAVATING,FASTENED,9.7,PIT_FLOOR_BENCH_A,SEVERE,95.6,77.1,NONE,TSK-1005
2026-09-20T09:30:00Z,CAT-994K-301,OP-104,9864.31,1833.4,77.8,24.0,186.87,6.8,8,HAULING_LOADED,FASTENED,46.4,RAMP_ACCESS_EAST,NORMAL,91.8,77.0,NONE,TSK-1004
2026-09-20T09:30:00Z,CAT-D11-401,OP-105,16483.45,1789.9,91.6,1.2,253.57,0.0,2,DOZING,FASTENED,21.7,STAGING_BAY_4,MUDDY,95.8,77.9,NONE,TSK-1002
2026-09-20T09:30:45Z,CAT-797F-101,OP-101,8424.03,1729.0,85.0,23.9,223.08,3.8,6,HAULING_LOADED,FASTENED,47.2,RAMP_ACCESS_EAST,NORMAL,91.0,75.7,NONE,TSK-1022
2026-09-20T09:30:45Z,CAT-797F-102,OP-102,14213.53,1936.6,89.7,19.3,246.62,3.8,6,HAULING_LOADED,FASTENED,23.7,HAUL_ROAD_SOUTH,MODERATE,92.7,77.6,NONE,TSK-1042
2026-09-20T09:30:45Z,CAT-6060-201,OP-103,5123.72,1838.5,93.7,3.5,384.93,14.2,3,EXCAVATING,FASTENED,8.1,PIT_FLOOR_BENCH_A,SEVERE,95.8,77.3,NONE,TSK-1005
2026-09-20T09:30:45Z,CAT-994K-301,OP-104,9864.33,1882.6,77.6,19.2,187.81,6.8,8,HAULING_LOADED,FASTENED,20.4,RAMP_ACCESS_EAST,NORMAL,91.9,77.1,NONE,TSK-1004
2026-09-20T09:30:45Z,CAT-D11-401,OP-105,16483.46,723.4,14.1,0.0,253.75,0.8,2,IDLE,FASTENED,27.2,STAGING_BAY_4,MUDDY,95.1,77.4,NONE,TSK-1002
2026-09-20T09:31:30Z,CAT-797F-101,OP-101,8424.04,1856.6,84.1,18.6,224.16,3.8,6,HAULING_LOADED,FASTENED,32.4,RAMP_ACCESS_EAST,NORMAL,91.2,75.9,NONE,TSK-1022
2026-09-20T09:31:30Z,CAT-797F-102,OP-102,14213.54,1751.0,84.6,26.7,247.79,3.8,6,HAULING_LOADED,FASTENED,31.1,HAUL_ROAD_SOUTH,MODERATE,92.8,77.7,NONE,TSK-1042
2026-09-20T09:31:30Z,CAT-6060-201,OP-103,5123.74,1968.9,83.2,1.6,386.38,14.2,3,EXCAVATING,FASTENED,14.7,PIT_FLOOR_BENCH_A,SEVERE,95.9,77.4,NONE,TSK-1005
2026-09-20T09:31:30Z,CAT-994K-301,OP-104,9864.34,1814.8,88.3,18.2,188.74,6.8,8,HAULING_LOADED,FASTENED,36.0,RAMP_ACCESS_EAST,NORMAL,92.1,77.3,NONE,TSK-1004
2026-09-20T09:31:30Z,CAT-D11-401,OP-105,16483.48,690.8,11.7,0.0,253.92,1.5,2,IDLE,FASTENED,18.3,STAGING_BAY_4,MUDDY,94.5,76.9,NONE,TSK-1002
2026-09-20T09:32:15Z,CAT-797F-101,OP-101,8424.05,1904.4,85.7,18.3,225.23,3.8,6,HAULING_LOADED,FASTENED,24.0,RAMP_ACCESS_EAST,NORMAL,91.4,76.1,NONE,TSK-1022
2026-09-20T09:32:15Z,CAT-797F-102,OP-102,14213.55,1813.8,84.9,21.0,248.97,3.8,6,HAULING_LOADED,FASTENED,40.3,HAUL_ROAD_SOUTH,MODERATE,92.9,77.8,NONE,TSK-1042
2026-09-20T09:32:15Z,CAT-6060-201,OP-103,5123.75,1975.1,75.2,1.4,387.82,14.2,3,EXCAVATING,FASTENED,13.4,PIT_FLOOR_BENCH_A,SEVERE,95.9,77.4,NONE,TSK-1005
2026-09-20T09:32:15Z,CAT-994K-301,OP-104,9864.35,1703.4,88.6,27.7,189.68,6.8,8,HAULING_LOADED,FASTENED,23.7,RAMP_ACCESS_EAST,NORMAL,92.3,77.4,NONE,TSK-1004
2026-09-20T09:32:15Z,CAT-D11-401,OP-105,16483.49,696.1,15.6,0.0,254.1,2.2,2,IDLE,FASTENED,22.4,STAGING_BAY_4,MUDDY,93.9,76.5,NONE,TSK-1002
2026-09-20T09:33:00Z,CAT-797F-101,OP-101,8424.06,1702.3,87.8,22.8,226.31,3.8,6,HAULING_LOADED,FASTENED,42.9,RAMP_ACCESS_EAST,NORMAL,91.7,76.3,NONE,TSK-1022
2026-09-20T09:33:00Z,CAT-797F-102,OP-102,14213.56,1721.2,74.8,25.5,250.15,3.8,6,HAULING_LOADED,FASTENED,45.0,HAUL_ROAD_SOUTH,MODERATE,92.8,77.8,NONE,TSK-1042
2026-09-20T09:33:00Z,CAT-6060-201,OP-103,5123.76,1823.1,85.3,2.1,389.26,14.2,3,EXCAVATING,FASTENED,15.6,PIT_FLOOR_BENCH_A,SEVERE,96.1,77.5,NONE,TSK-1005
2026-09-20T09:33:00Z,CAT-994K-301,OP-104,9864.36,1711.1,82.9,17.3,190.61,6.8,8,HAULING_LOADED,FASTENED,44.8,RAMP_ACCESS_EAST,NORMAL,92.4,77.5,NONE,TSK-1004
2026-09-20T09:33:00Z,CAT-D11-401,OP-105,16483.5,1757.2,83.1,1.6,255.02,2.2,3,DOZING,FASTENED,17.2,STAGING_BAY_4,MUDDY,94.2,76.6,NONE,TSK-1002
2026-09-20T09:33:45Z,CAT-797F-101,OP-101,8424.08,1919.7,79.7,27.1,227.39,3.8,6,HAULING_LOADED,FASTENED,43.0,RAMP_ACCESS_EAST,NORMAL,91.8,76.4,NONE,TSK-1022
2026-09-20T09:33:45Z,CAT-797F-102,OP-102,14213.58,1377.4,35.6,3.1,250.72,3.8,6,DUMPING,FASTENED,8.6,OVERBURDEN_DUMP_WEST,MODERATE,92.4,77.5,NONE,TSK-1042
2026-09-20T09:33:45Z,CAT-6060-201,OP-103,5123.77,1850.1,81.8,4.7,390.71,14.2,3,EXCAVATING,FASTENED,9.2,PIT_FLOOR_BENCH_A,SEVERE,96.1,77.6,NONE,TSK-1005
2026-09-20T09:33:45Z,CAT-994K-301,OP-104,9864.38,1737.8,80.6,20.2,191.55,6.8,8,HAULING_LOADED,FASTENED,25.1,RAMP_ACCESS_EAST,NORMAL,92.4,77.6,NONE,TSK-1004
2026-09-20T09:33:45Z,CAT-D11-401,OP-105,16483.51,2017.9,88.1,3.5,255.94,2.2,3,DOZING,FASTENED,12.0,STAGING_BAY_4,MUDDY,94.5,76.8,NONE,TSK-1002
2026-09-20T09:34:30Z,CAT-797F-101,OP-101,8424.09,1767.8,82.0,20.6,228.47,3.8,6,HAULING_LOADED,FASTENED,27.4,RAMP_ACCESS_EAST,NORMAL,91.9,76.5,NONE,TSK-1022
2026-09-20T09:34:30Z,CAT-797F-102,OP-102,14213.59,1323.6,44.6,2.8,251.28,3.8,6,DUMPING,FASTENED,13.8,OVERBURDEN_DUMP_WEST,MODERATE,92.0,77.3,NONE,TSK-1042
2026-09-20T09:34:30Z,CAT-6060-201,OP-103,5123.79,1794.0,77.8,2.8,392.15,14.2,3,EXCAVATING,FASTENED,19.2,PIT_FLOOR_BENCH_A,SEVERE,96.2,77.7,NONE,TSK-1005
2026-09-20T09:34:30Z,CAT-994K-301,OP-104,9864.39,1903.7,74.3,21.3,192.48,6.8,8,HAULING_LOADED,FASTENED,40.3,RAMP_ACCESS_EAST,NORMAL,92.4,77.6,NONE,TSK-1004
2026-09-20T09:34:30Z,CAT-D11-401,OP-105,16483.53,1846.9,77.4,4.1,256.86,2.2,3,DOZING,FASTENED,12.9,STAGING_BAY_4,MUDDY,94.6,76.9,NONE,TSK-1002
2026-09-20T09:35:15Z,CAT-797F-101,OP-101,8424.1,1820.3,91.5,23.5,229.55,3.8,6,HAULING_LOADED,FASTENED,37.8,RAMP_ACCESS_EAST,NORMAL,92.2,76.8,NONE,TSK-1022
2026-09-20T09:35:15Z,CAT-797F-102,OP-102,14213.6,1364.3,46.7,1.5,251.84,3.8,6,DUMPING,FASTENED,10.6,OVERBURDEN_DUMP_WEST,MODERATE,91.8,77.1,NONE,TSK-1042
2026-09-20T09:35:15Z,CAT-6060-201,OP-103,5123.8,1897.8,85.2,1.9,393.59,14.2,3,EXCAVATING,FASTENED,9.2,PIT_FLOOR_BENCH_A,SEVERE,96.3,77.8,NONE,TSK-1005
2026-09-20T09:35:15Z,CAT-994K-301,OP-104,9864.4,1831.7,87.5,26.1,193.42,6.8,8,HAULING_LOADED,FASTENED,26.1,RAMP_ACCESS_EAST,NORMAL,92.6,77.7,NONE,TSK-1004
2026-09-20T09:35:15Z,CAT-D11-401,OP-105,16483.54,1858.5,78.9,4.4,257.77,2.2,3,DOZING,FASTENED,13.1,STAGING_BAY_4,MUDDY,94.8,77.0,NONE,TSK-1002
2026-09-20T09:36:00Z,CAT-797F-101,OP-101,8424.11,1733.4,74.2,27.4,230.62,3.8,6,HAULING_LOADED,FASTENED,30.1,RAMP_ACCESS_EAST,NORMAL,92.2,76.8,NONE,TSK-1022
2026-09-20T09:36:00Z,CAT-797F-102,OP-102,14213.61,1647.3,58.7,33.7,252.61,3.8,7,HAULING_EMPTY,FASTENED,52.7,HAUL_ROAD_SOUTH,MODERATE,91.6,77.0,NONE,TSK-1042
2026-09-20T09:36:00Z,CAT-6060-201,OP-103,5123.81,1813.2,79.3,4.0,395.04,14.2,3,EXCAVATING,FASTENED,9.6,PIT_FLOOR_BENCH_A,SEVERE,96.3,77.8,NONE,TSK-1005
2026-09-20T09:36:00Z,CAT-994K-301,OP-104,9864.41,1735.8,86.7,24.7,194.35,6.8,8,HAULING_LOADED,FASTENED,31.9,RAMP_ACCESS_EAST,NORMAL,92.7,77.8,NONE,TSK-1004
2026-09-20T09:36:00Z,CAT-D11-401,OP-105,16483.55,1781.8,86.1,2.9,258.69,2.2,3,DOZING,FASTENED,16.3,STAGING_BAY_4,MUDDY,95.0,77.1,NONE,TSK-1002
2026-09-20T09:36:45Z,CAT-797F-101,OP-101,8424.13,1736.7,74.8,19.1,231.7,3.8,6,HAULING_LOADED,FASTENED,20.3,RAMP_ACCESS_EAST,NORMAL,92.2,76.9,NONE,TSK-1022
2026-09-20T09:36:45Z,CAT-797F-102,OP-102,14213.63,1633.3,57.3,32.2,253.38,3.8,7,HAULING_EMPTY,FASTENED,26.6,HAUL_ROAD_SOUTH,MODERATE,91.5,76.9,NONE,TSK-1052
2026-09-20T09:36:45Z,CAT-6060-201,OP-103,5123.82,2034.6,83.9,3.9,396.48,14.2,3,EXCAVATING,FASTENED,14.2,PIT_FLOOR_BENCH_A,SEVERE,96.4,77.9,NONE,TSK-1005
2026-09-20T09:36:45Z,CAT-994K-301,OP-104,9864.43,1703.3,74.2,16.8,195.28,6.8,8,HAULING_LOADED,FASTENED,38.0,RAMP_ACCESS_EAST,NORMAL,92.7,77.8,NONE,TSK-1004
2026-09-20T09:36:45Z,CAT-D11-401,OP-105,16483.56,1802.1,78.0,2.6,259.61,2.2,3,DOZING,FASTENED,13.9,STAGING_BAY_4,MUDDY,95.1,77.2,NONE,TSK-1002
2026-09-20T09:37:30Z,CAT-797F-101,OP-101,8424.14,1813.6,86.2,19.2,232.78,3.8,6,HAULING_LOADED,FASTENED,36.0,RAMP_ACCESS_EAST,NORMAL,92.3,77.0,NONE,TSK-1022
2026-09-20T09:37:30Z,CAT-797F-102,OP-102,14213.64,1572.7,60.6,28.8,254.15,3.8,7,HAULING_EMPTY,FASTENED,25.0,HAUL_ROAD_SOUTH,MODERATE,91.4,76.9,NONE,TSK-1052
2026-09-20T09:37:30Z,CAT-6060-201,OP-103,5123.84,2035.3,89.1,2.6,397.93,14.2,3,EXCAVATING,FASTENED,8.8,PIT_FLOOR_BENCH_A,SEVERE,96.5,78.0,NONE,TSK-1005
2026-09-20T09:37:30Z,CAT-994K-301,OP-104,9864.44,1905.6,91.5,23.6,196.22,6.8,8,HAULING_LOADED,FASTENED,22.2,RAMP_ACCESS_EAST,NORMAL,92.9,78.0,NONE,TSK-1004
2026-09-20T09:37:30Z,CAT-D11-401,OP-105,16483.58,1893.2,87.4,2.6,260.53,2.2,3,DOZING,FASTENED,13.3,STAGING_BAY_4,MUDDY,95.3,77.3,NONE,TSK-1002
2026-09-20T09:38:15Z,CAT-797F-101,OP-101,8424.15,1792.9,80.5,19.4,233.86,3.8,6,HAULING_LOADED,FASTENED,22.9,RAMP_ACCESS_EAST,NORMAL,92.4,77.1,NONE,TSK-1022
2026-09-20T09:38:15Z,CAT-797F-102,OP-102,14213.65,1749.2,48.7,28.2,254.92,3.8,7,HAULING_EMPTY,FASTENED,27.4,HAUL_ROAD_SOUTH,MODERATE,91.2,76.7,NONE,TSK-1052
2026-09-20T09:38:15Z,CAT-6060-201,OP-103,5123.85,1813.6,75.2,4.6,399.37,14.2,3,EXCAVATING,FASTENED,10.6,PIT_FLOOR_BENCH_A,SEVERE,96.5,78.0,NONE,TSK-1005
2026-09-20T09:38:15Z,CAT-994K-301,OP-104,9864.45,1932.3,76.8,17.1,197.15,6.8,8,HAULING_LOADED,FASTENED,36.0,RAMP_ACCESS_EAST,NORMAL,92.8,78.0,NONE,TSK-1004
2026-09-20T09:38:15Z,CAT-D11-401,OP-105,16483.59,2045.9,84.2,1.2,261.45,2.2,3,DOZING,FASTENED,9.3,STAGING_BAY_4,MUDDY,95.5,77.4,NONE,TSK-1002
2026-09-20T09:39:00Z,CAT-797F-101,OP-101,8424.16,1945.1,87.0,28.0,234.94,3.8,6,HAULING_LOADED,FASTENED,34.0,RAMP_ACCESS_EAST,NORMAL,92.6,77.2,NONE,TSK-1022
2026-09-20T09:39:00Z,CAT-797F-102,OP-102,14213.66,1625.0,49.1,26.3,255.69,3.8,7,HAULING_EMPTY,FASTENED,44.3,HAUL_ROAD_SOUTH,MODERATE,91.0,76.6,NONE,TSK-1052
2026-09-20T09:39:00Z,CAT-6060-201,OP-103,5123.86,2019.0,84.6,3.0,400.81,14.2,3,EXCAVATING,FASTENED,18.9,PIT_FLOOR_BENCH_A,SEVERE,96.5,78.1,NONE,TSK-1005
2026-09-20T09:39:00Z,CAT-994K-301,OP-104,9864.46,1498.4,68.6,0.1,197.72,6.8,9,LOADING,FASTENED,9.1,PIT_FLOOR_BENCH_B,NORMAL,92.7,77.9,NONE,TSK-1004
2026-09-20T09:39:00Z,CAT-D11-401,OP-105,16483.6,1819.5,79.1,3.7,262.37,2.2,3,DOZING,FASTENED,10.0,STAGING_BAY_4,MUDDY,95.6,77.5,NONE,TSK-1002
2026-09-20T09:39:45Z,CAT-797F-101,OP-101,8424.18,1948.4,82.0,28.4,236.02,3.8,6,HAULING_LOADED,FASTENED,37.0,RAMP_ACCESS_EAST,NORMAL,92.6,77.3,NONE,TSK-1022
2026-09-20T09:39:45Z,CAT-797F-102,OP-102,14213.68,1746.0,50.9,26.3,256.46,3.8,7,HAULING_EMPTY,FASTENED,31.6,HAUL_ROAD_SOUTH,MODERATE,90.9,76.4,NONE,TSK-1052
2026-09-20T09:39:45Z,CAT-6060-201,OP-103,5123.87,2032.0,75.8,3.9,402.26,14.2,3,EXCAVATING,FASTENED,17.6,PIT_FLOOR_BENCH_A,SEVERE,96.5,78.1,NONE,TSK-1005
2026-09-20T09:39:45Z,CAT-994K-301,OP-104,9864.48,1749.1,67.1,1.1,198.29,6.8,9,LOADING,FASTENED,8.8,PIT_FLOOR_BENCH_B,NORMAL,92.6,77.9,NONE,TSK-1004
2026-09-20T09:39:45Z,CAT-D11-401,OP-105,16483.61,1779.2,75.3,4.1,263.29,2.2,3,DOZING,FASTENED,12.3,STAGING_BAY_4,MUDDY,95.6,77.5,NONE,TSK-1002
2026-09-20T09:40:30Z,CAT-797F-101,OP-101,8424.19,1239.7,39.3,1.0,236.53,3.8,6,DUMPING,FASTENED,8.7,OVERBURDEN_DUMP_WEST,NORMAL,92.2,77.1,NONE,TSK-1022
2026-09-20T09:40:30Z,CAT-797F-102,OP-102,14213.69,1684.5,49.1,25.2,257.22,3.8,7,HAULING_EMPTY,FASTENED,45.5,HAUL_ROAD_SOUTH,MODERATE,90.7,76.3,NONE,TSK-1052
2026-09-20T09:40:30Z,CAT-6060-201,OP-103,5123.89,2045.8,93.6,4.1,403.7,14.2,3,EXCAVATING,FASTENED,14.2,PIT_FLOOR_BENCH_A,SEVERE,96.7,78.2,NONE,TSK-1005
2026-09-20T09:40:30Z,CAT-994K-301,OP-104,9864.49,1741.5,64.8,0.4,198.86,6.8,9,LOADING,FASTENED,7.4,PIT_FLOOR_BENCH_B,NORMAL,92.5,77.8,NONE,TSK-1004
2026-09-20T09:40:30Z,CAT-D11-401,OP-105,16483.63,1935.9,87.9,2.8,264.21,2.2,3,DOZING,FASTENED,15.2,STAGING_BAY_4,MUDDY,95.8,77.6,NONE,TSK-1002
2026-09-20T09:41:15Z,CAT-797F-101,OP-101,8424.2,1187.8,33.3,1.6,237.05,3.8,6,DUMPING,FASTENED,9.9,OVERBURDEN_DUMP_WEST,NORMAL,91.8,76.8,NONE,TSK-1022
2026-09-20T09:41:15Z,CAT-797F-102,OP-102,14213.7,1817.2,42.9,41.1,257.99,3.8,7,HAULING_EMPTY,FASTENED,23.9,HAUL_ROAD_SOUTH,MODERATE,90.5,76.1,NONE,TSK-1052
2026-09-20T09:41:15Z,CAT-6060-201,OP-103,5123.9,1959.9,85.7,1.6,405.14,14.2,3,EXCAVATING,FASTENED,9.5,PIT_FLOOR_BENCH_A,SEVERE,96.7,78.3,NONE,TSK-1005
2026-09-20T09:41:15Z,CAT-994K-301,OP-104,9864.5,1706.1,59.5,1.0,199.43,6.8,9,LOADING,FASTENED,9.3,PIT_FLOOR_BENCH_B,NORMAL,92.3,77.7,NONE,TSK-1004
2026-09-20T09:41:15Z,CAT-D11-401,OP-105,16483.64,1890.5,85.2,4.3,265.12,2.2,3,DOZING,FASTENED,9.5,STAGING_BAY_4,MUDDY,95.9,77.7,NONE,TSK-1002
2026-09-20T09:42:00Z,CAT-797F-101,OP-101,8424.21,1130.3,47.4,1.6,237.56,3.8,6,DUMPING,FASTENED,9.7,OVERBURDEN_DUMP_WEST,NORMAL,91.5,76.6,NONE,TSK-1022
2026-09-20T09:42:00Z,CAT-797F-102,OP-102,14213.71,1520.6,48.8,34.6,258.76,3.8,7,HAULING_EMPTY,FASTENED,29.0,HAUL_ROAD_SOUTH,MODERATE,90.4,76.0,NONE,TSK-1052
2026-09-20T09:42:00Z,CAT-6060-201,OP-103,5123.91,1784.3,83.6,3.2,406.59,14.2,3,EXCAVATING,FASTENED,21.3,PIT_FLOOR_BENCH_A,SEVERE,96.8,78.4,NONE,TSK-1005
2026-09-20T09:42:00Z,CAT-994K-301,OP-104,9864.51,1730.9,62.2,0.5,200.0,6.8,9,LOADING,FASTENED,8.4,PIT_FLOOR_BENCH_A,NORMAL,92.2,77.6,NONE,TSK-1004
2026-09-20T09:42:00Z,CAT-D11-401,OP-105,16483.65,696.2,13.8,0.0,265.3,3.0,3,IDLE,FASTENED,15.2,STAGING_BAY_4,MUDDY,95.2,77.3,NONE,TSK-1002
2026-09-20T09:42:45Z,CAT-797F-101,OP-101,8424.23,1644.5,50.4,27.7,238.27,3.8,7,HAULING_EMPTY,FASTENED,51.5,RAMP_ACCESS_EAST,NORMAL,91.3,76.5,NONE,TSK-1022
2026-09-20T09:42:45Z,CAT-797F-102,OP-102,14213.73,1517.2,59.9,31.5,259.53,3.8,7,HAULING_EMPTY,FASTENED,53.8,HAUL_ROAD_SOUTH,MODERATE,90.4,76.0,NONE,TSK-1052
2026-09-20T09:42:45Z,CAT-6060-201,OP-103,5123.92,1809.6,92.9,2.9,408.03,14.2,3,EXCAVATING,FASTENED,15.5,PIT_FLOOR_BENCH_A,SEVERE,96.9,78.5,NONE,TSK-1005
2026-09-20T09:42:45Z,CAT-994K-301,OP-104,9864.53,1581.0,73.3,0.7,200.57,6.8,9,LOADING,FASTENED,10.1,PIT_FLOOR_BENCH_A,NORMAL,92.2,77.6,NONE,TSK-1004
2026-09-20T09:42:45Z,CAT-D11-401,OP-105,16483.66,733.6,11.2,0.0,265.47,3.8,3,IDLE,FASTENED,24.1,STAGING_BAY_4,MUDDY,94.6,76.8,NONE,TSK-1002
2026-09-20T09:43:30Z,CAT-797F-101,OP-101,8424.24,1546.3,55.3,38.4,238.97,3.8,7,HAULING_EMPTY,FASTENED,46.2,RAMP_ACCESS_EAST,MUDDY,91.5,76.4,NONE,TSK-1030
2026-09-20T09:43:30Z,CAT-797F-102,OP-102,14213.74,1104.0,46.3,3.0,260.09,3.8,7,SPOTTING,FASTENED,10.2,CRUSHER_FEED_1,MODERATE,90.2,75.9,NONE,TSK-1052
2026-09-20T09:43:30Z,CAT-6060-201,OP-103,5123.94,1987.6,87.8,2.1,409.48,14.2,3,EXCAVATING,FASTENED,18.1,PIT_FLOOR_BENCH_A,SEVERE,97.0,78.6,NONE,TSK-1005
2026-09-20T09:43:30Z,CAT-994K-301,OP-104,9864.54,1707.2,67.7,0.8,201.13,6.8,9,LOADING,FASTENED,8.9,PIT_FLOOR_BENCH_A,NORMAL,92.2,77.6,NONE,TSK-1004
2026-09-20T09:43:30Z,CAT-D11-401,OP-105,16483.68,724.7,11.1,0.0,265.65,4.5,3,IDLE,FASTENED,23.8,STAGING_BAY_4,MUDDY,94.0,76.3,NONE,TSK-1002
2026-09-20T09:44:15Z,CAT-797F-101,OP-101,8424.25,1692.3,46.3,27.7,239.67,3.8,7,HAULING_EMPTY,FASTENED,28.3,RAMP_ACCESS_EAST,MUDDY,91.5,76.3,NONE,TSK-1030
2026-09-20T09:44:15Z,CAT-797F-102,OP-102,14213.75,1367.4,37.9,1.5,260.66,3.8,7,SPOTTING,FASTENED,8.8,CRUSHER_FEED_1,MODERATE,90.0,75.7,NONE,TSK-1052
2026-09-20T09:44:15Z,CAT-6060-201,OP-103,5123.95,1995.7,77.4,3.0,410.92,14.2,3,EXCAVATING,FASTENED,22.0,PIT_FLOOR_BENCH_A,SEVERE,96.9,78.6,NONE,TSK-1005
2026-09-20T09:44:15Z,CAT-994K-301,OP-104,9864.55,1698.5,63.5,1.2,201.7,6.8,9,LOADING,FASTENED,7.7,PIT_FLOOR_BENCH_A,NORMAL,92.1,77.5,NONE,TSK-1004
2026-09-20T09:44:15Z,CAT-D11-401,OP-105,16483.69,707.5,12.2,0.0,265.82,5.2,3,IDLE,FASTENED,21.7,STAGING_BAY_4,MUDDY,93.4,75.9,NONE,TSK-1002
2026-09-20T09:45:00Z,CAT-797F-101,OP-101,8424.26,1639.5,47.7,35.5,240.38,3.8,7,HAULING_EMPTY,FASTENED,44.4,RAMP_ACCESS_EAST,MUDDY,91.6,76.1,NONE,TSK-1030
2026-09-20T09:45:00Z,CAT-797F-102,OP-102,14213.76,1296.6,47.0,2.9,261.22,3.8,7,SPOTTING,FASTENED,7.2,CRUSHER_FEED_1,MODERATE,89.9,75.6,NONE,TSK-1052
2026-09-20T09:45:00Z,CAT-6060-201,OP-103,5123.96,719.0,13.7,0.0,411.19,15.0,3,IDLE,FASTENED,19.8,STAGING_BAY_4,SEVERE,96.2,78.0,NONE,TSK-1005
2026-09-20T09:45:00Z,CAT-994K-301,OP-104,9864.56,1675.5,73.5,0.1,202.27,6.8,9,LOADING,FASTENED,8.2,PIT_FLOOR_BENCH_A,NORMAL,92.1,77.5,NONE,TSK-1004
2026-09-20T09:45:00Z,CAT-D11-401,OP-105,16483.7,682.0,11.7,0.0,266.0,6.0,3,IDLE,FASTENED,19.9,STAGING_BAY_4,MUDDY,92.9,75.5,NONE,TSK-1002
2026-09-20T09:45:45Z,CAT-797F-101,OP-101,8424.28,1645.5,49.6,27.4,241.08,3.8,7,HAULING_EMPTY,FASTENED,37.5,RAMP_ACCESS_EAST,MUDDY,91.6,76.0,NONE,TSK-1030
2026-09-20T09:45:45Z,CAT-797F-102,OP-102,14213.78,1722.4,67.9,0.9,261.94,3.8,7,LOADING,FASTENED,8.0,PIT_FLOOR_BENCH_B,MODERATE,90.0,75.6,NONE,TSK-1052
2026-09-20T09:45:45Z,CAT-6060-201,OP-103,5123.97,726.9,13.0,0.0,411.47,15.8,3,IDLE,FASTENED,17.7,STAGING_BAY_4,SEVERE,95.5,77.5,NONE,TSK-1005
2026-09-20T09:45:45Z,CAT-994K-301,OP-104,9864.58,1542.2,73.1,1.1,202.84,6.8,9,LOADING,FASTENED,9.4,PIT_FLOOR_BENCH_A,NORMAL,92.1,77.5,NONE,TSK-1004
2026-09-20T09:45:45Z,CAT-D11-401,OP-105,16483.71,734.5,10.2,0.0,266.17,6.8,3,IDLE,FASTENED,14.4,STAGING_BAY_4,MUDDY,92.5,75.1,NONE,TSK-1002
2026-09-20T09:46:30Z,CAT-797F-101,OP-101,8424.29,1769.0,52.4,37.0,241.78,3.8,7,HAULING_EMPTY,FASTENED,32.5,RAMP_ACCESS_EAST,MUDDY,91.7,76.0,NONE,TSK-1030
2026-09-20T09:46:30Z,CAT-797F-102,OP-102,14213.79,1621.7,63.6,0.7,262.66,3.8,7,LOADING,FASTENED,8.0,PIT_FLOOR_BENCH_B,MODERATE,90.1,75.7,NONE,TSK-1052
2026-09-20T09:46:30Z,CAT-6060-201,OP-103,5123.99,703.6,10.3,0.0,411.74,16.5,3,IDLE,FASTENED,27.0,STAGING_BAY_4,SEVERE,94.8,77.0,NONE,TSK-1005
2026-09-20T09:46:30Z,CAT-994K-301,OP-104,9864.59,1731.8,62.8,0.9,203.41,6.8,9,LOADING,FASTENED,8.0,PIT_FLOOR_BENCH_A,NORMAL,92.0,77.4,NONE,TSK-1004
2026-09-20T09:46:30Z,CAT-D11-401,OP-105,16483.73,1779.9,90.2,3.0,267.09,6.8,4,DOZING,FASTENED,16.8,STAGING_BAY_4,MUDDY,92.9,75.4,NONE,TSK-1002
2026-09-20T09:47:15Z,CAT-797F-101,OP-101,8424.3,1769.8,54.5,28.6,242.48,3.8,7,HAULING_EMPTY,FASTENED,40.2,RAMP_ACCESS_EAST,MUDDY,91.9,75.9,NONE,TSK-1030
2026-09-20T09:47:15Z,CAT-797F-102,OP-102,14213.8,1511.1,56.9,0.5,263.37,3.8,7,LOADING,FASTENED,9.1,PIT_FLOOR_BENCH_B,MODERATE,90.1,75.6,NONE,TSK-1052
2026-09-20T09:47:15Z,CAT-6060-201,OP-103,5124.0,1921.5,75.5,3.9,413.19,16.5,4,EXCAVATING,FASTENED,21.8,PIT_FLOOR_BENCH_A,SEVERE,94.9,77.1,NONE,TSK-1005
2026-09-20T09:47:15Z,CAT-994K-301,OP-104,9864.6,1863.1,76.4,18.4,204.34,6.8,9,HAULING_LOADED,FASTENED,43.5,HAUL_ROAD_NORTH,NORMAL,92.0,77.5,NONE,TSK-1004
2026-09-20T09:47:15Z,CAT-D11-401,OP-105,16483.74,1992.1,82.2,2.0,268.01,6.8,4,DOZING,FASTENED,8.7,STAGING_BAY_4,MUDDY,93.2,75.6,NONE,TSK-1002
2026-09-20T09:48:00Z,CAT-797F-101,OP-101,8424.31,1546.0,42.5,41.2,243.19,3.8,7,HAULING_EMPTY,FASTENED,50.6,RAMP_ACCESS_EAST,MUDDY,91.8,75.7,NONE,TSK-1030
2026-09-20T09:48:00Z,CAT-797F-102,OP-102,14213.81,1728.2,57.5,0.2,264.09,3.8,7,LOADING,FASTENED,7.3,PIT_FLOOR_BENCH_B,MODERATE,90.1,75.6,NONE,TSK-1052
2026-09-20T09:48:00Z,CAT-6060-201,OP-103,5124.01,1773.2,91.0,4.7,414.63,16.5,4,EXCAVATING,FASTENED,10.9,PIT_FLOOR_BENCH_A,SEVERE,95.1,77.3,NONE,TSK-1005
2026-09-20T09:48:00Z,CAT-994K-301,OP-104,9864.61,1898.9,80.3,22.1,205.28,6.8,9,HAULING_LOADED,FASTENED,37.5,HAUL_ROAD_NORTH,NORMAL,92.1,77.5,NONE,TSK-1004
2026-09-20T09:48:00Z,CAT-D11-401,OP-105,16483.75,1876.0,91.9,3.5,268.93,6.8,4,DOZING,FASTENED,14.3,STAGING_BAY_4,MUDDY,93.6,75.8,NONE,TSK-1002
2026-09-20T09:48:45Z,CAT-797F-101,OP-101,8424.33,1595.6,60.1,35.5,243.89,3.8,7,HAULING_EMPTY,FASTENED,42.8,RAMP_ACCESS_EAST,MUDDY,92.0,75.7,NONE,TSK-1030
2026-09-20T09:48:45Z,CAT-797F-102,OP-102,14213.83,1485.2,61.9,0.4,264.81,3.8,7,LOADING,FASTENED,11.0,PIT_FLOOR_BENCH_B,MODERATE,90.1,75.6,NONE,TSK-1052
2026-09-20T09:48:45Z,CAT-6060-201,OP-103,5124.02,1751.5,84.9,2.0,416.08,16.5,4,EXCAVATING,FASTENED,9.7,PIT_FLOOR_BENCH_A,SEVERE,95.3,77.4,NONE,TSK-1005
2026-09-20T09:48:45Z,CAT-994K-301,OP-104,9864.63,1834.0,82.4,25.5,206.21,6.8,9,HAULING_LOADED,FASTENED,26.1,HAUL_ROAD_NORTH,NORMAL,92.2,77.6,NONE,TSK-1004
2026-09-20T09:48:45Z,CAT-D11-401,OP-105,16483.76,2019.6,75.6,1.6,269.85,6.8,4,DOZING,FASTENED,9.2,STAGING_BAY_4,MUDDY,93.8,76.0,NONE,TSK-1002
2026-09-20T09:49:30Z,CAT-797F-101,OP-101,8424.34,1540.5,47.5,27.5,244.59,3.8,7,HAULING_EMPTY,FASTENED,25.0,RAMP_ACCESS_EAST,MUDDY,92.0,75.6,NONE,TSK-1030
2026-09-20T09:49:30Z,CAT-797F-102,OP-102,14213.84,1645.6,64.3,1.0,265.53,3.8,7,LOADING,FASTENED,8.2,PIT_FLOOR_BENCH_B,MODERATE,90.2,75.7,NONE,TSK-1052
2026-09-20T09:49:30Z,CAT-6060-201,OP-103,5124.04,2026.7,79.8,1.8,417.52,16.5,4,EXCAVATING,FASTENED,19.8,PIT_FLOOR_BENCH_A,SEVERE,95.4,77.5,NONE,TSK-1005
2026-09-20T09:49:30Z,CAT-994K-301,OP-104,9864.64,1940.5,74.1,25.9,207.15,6.8,9,HAULING_LOADED,FASTENED,36.5,HAUL_ROAD_NORTH,NORMAL,92.3,77.6,NONE,TSK-1004
2026-09-20T09:49:30Z,CAT-D11-401,OP-105,16483.78,1811.7,88.7,2.7,270.77,6.8,4,DOZING,FASTENED,14.2,STAGING_BAY_4,MUDDY,94.2,76.2,NONE,TSK-1002
2026-09-20T09:50:15Z,CAT-797F-101,OP-101,8424.35,1586.9,48.4,25.9,245.3,3.8,7,HAULING_EMPTY,FASTENED,34.6,RAMP_ACCESS_EAST,MUDDY,92.0,75.5,NONE,TSK-1030
2026-09-20T09:50:15Z,CAT-797F-102,OP-102,14213.85,1555.9,73.0,1.0,266.24,3.8,7,LOADING,FASTENED,8.2,PIT_FLOOR_BENCH_B,MODERATE,90.3,75.8,NONE,TSK-1052
2026-09-20T09:50:15Z,CAT-6060-201,OP-103,5124.05,2037.4,79.8,2.6,418.96,16.5,4,EXCAVATING,FASTENED,16.5,PIT_FLOOR_BENCH_A,SEVERE,95.5,77.5,NONE,TSK-1005
2026-09-20T09:50:15Z,CAT-994K-301,OP-104,9864.65,1937.6,82.6,21.0,208.08,6.8,9,HAULING_LOADED,FASTENED,23.2,HAUL_ROAD_NORTH,NORMAL,92.4,77.7,NONE,TSK-1004
2026-09-20T09:50:15Z,CAT-D11-401,OP-105,16483.79,1878.8,78.5,2.0,271.69,6.8,4,DOZING,FASTENED,11.0,STAGING_BAY_4,MUDDY,94.4,76.3,NONE,TSK-1002
2026-09-20T09:51:00Z,CAT-797F-101,OP-101,8424.36,1318.3,34.0,1.4,245.81,3.8,7,SPOTTING,FASTENED,6.6,CRUSHER_FEED_1,MUDDY,91.9,75.3,NONE,TSK-1030
2026-09-20T09:51:00Z,CAT-797F-102,OP-102,14213.86,1898.8,90.0,23.0,267.42,3.8,7,HAULING_LOADED,FASTENED,30.8,RAMP_ACCESS_EAST,MODERATE,90.7,76.0,NONE,TSK-1052
2026-09-20T09:51:00Z,CAT-6060-201,OP-103,5124.06,1908.2,77.0,2.1,420.41,16.5,4,EXCAVATING,FASTENED,16.5,PIT_FLOOR_BENCH_A,SEVERE,95.6,77.6,NONE,TSK-1005
2026-09-20T09:51:00Z,CAT-994K-301,OP-104,9864.66,1915.0,73.5,27.2,209.02,6.8,9,HAULING_LOADED,FASTENED,31.8,HAUL_ROAD_NORTH,NORMAL,92.4,77.7,NONE,TSK-1004
2026-09-20T09:51:00Z,CAT-D11-401,OP-105,16483.8,1845.3,81.1,1.8,272.61,6.8,4,DOZING,FASTENED,19.2,STAGING_BAY_4,MUDDY,94.6,76.4,NONE,TSK-1002
2026-09-20T09:51:45Z,CAT-797F-101,OP-101,8424.38,1377.3,38.7,0.8,246.33,3.8,7,SPOTTING,FASTENED,7.8,CRUSHER_FEED_1,MUDDY,91.8,75.2,NONE,TSK-1030
2026-09-20T09:51:45Z,CAT-797F-102,OP-102,14213.88,1795.7,83.5,19.6,268.6,3.8,7,HAULING_LOADED,FASTENED,38.0,RAMP_ACCESS_EAST,MODERATE,90.9,76.2,NONE,TSK-1052
2026-09-20T09:51:45Z,CAT-6060-201,OP-103,5124.07,2046.4,92.3,2.1,421.85,16.5,4,EXCAVATING,FASTENED,19.8,PIT_FLOOR_BENCH_A,SEVERE,95.8,77.7,NONE,TSK-1005
2026-09-20T09:51:45Z,CAT-994K-301,OP-104,9864.68,1924.0,90.4,16.5,209.95,6.8,9,HAULING_LOADED,FASTENED,38.1,HAUL_ROAD_NORTH,NORMAL,92.5,77.9,NONE,TSK-1004
2026-09-20T09:51:45Z,CAT-D11-401,OP-105,16483.81,1778.5,90.2,3.9,273.52,6.8,4,DOZING,FASTENED,11.8,STAGING_BAY_4,MUDDY,94.8,76.6,NONE,TSK-1002
2026-09-20T09:52:30Z,CAT-797F-101,OP-101,8424.39,1616.9,61.3,0.7,246.98,3.8,7,LOADING,FASTENED,8.0,PIT_FLOOR_BENCH_A,MUDDY,92.0,75.2,NONE,TSK-1030
2026-09-20T09:52:30Z,CAT-797F-102,OP-102,14213.89,1813.6,89.0,28.1,269.78,3.8,7,HAULING_LOADED,FASTENED,23.4,RAMP_ACCESS_EAST,MODERATE,91.2,76.4,NONE,TSK-1052
2026-09-20T09:52:30Z,CAT-6060-201,OP-103,5124.09,1935.4,75.6,1.2,423.29,16.5,4,EXCAVATING,FASTENED,8.1,PIT_FLOOR_BENCH_A,SEVERE,95.8,77.7,NONE,TSK-1005
2026-09-20T09:52:30Z,CAT-994K-301,OP-104,9864.69,1780.7,85.8,21.4,210.88,6.8,9,HAULING_LOADED,FASTENED,24.8,HAUL_ROAD_NORTH,NORMAL,92.7,78.0,NONE,TSK-1004
2026-09-20T09:52:30Z,CAT-D11-401,OP-105,16483.83,2020.7,82.0,4.6,274.44,6.8,4,DOZING,FASTENED,21.9,STAGING_BAY_4,MUDDY,95.0,76.7,NONE,TSK-1002
2026-09-20T09:53:15Z,CAT-797F-101,OP-101,8424.4,1710.4,60.2,0.9,247.64,3.8,7,LOADING,FASTENED,6.6,PIT_FLOOR_BENCH_A,MUDDY,92.1,75.2,NONE,TSK-1030
2026-09-20T09:53:15Z,CAT-797F-102,OP-102,14213.9,1718.8,78.6,23.7,270.96,3.8,7,HAULING_LOADED,FASTENED,42.7,RAMP_ACCESS_EAST,MODERATE,91.4,76.5,NONE,TSK-1052
2026-09-20T09:53:15Z,CAT-6060-201,OP-103,5124.1,1801.1,77.6,2.8,424.74,16.5,4,EXCAVATING,FASTENED,9.8,PIT_FLOOR_BENCH_A,SEVERE,95.9,77.8,NONE,TSK-1005
2026-09-20T09:53:15Z,CAT-994K-301,OP-104,9864.7,1888.3,89.8,28.1,211.82,6.8,9,HAULING_LOADED,FASTENED,31.6,HAUL_ROAD_NORTH,NORMAL,92.8,78.1,NONE,TSK-1004
2026-09-20T09:53:15Z,CAT-D11-401,OP-105,16483.84,1786.7,85.0,3.3,275.36,6.8,4,DOZING,FASTENED,17.3,STAGING_BAY_4,MUDDY,95.2,76.9,NONE,TSK-1002
2026-09-20T09:54:00Z,CAT-797F-101,OP-101,8424.41,1546.6,69.6,0.3,248.3,3.8,7,LOADING,FASTENED,7.3,PIT_FLOOR_BENCH_A,MUDDY,92.4,75.3,NONE,TSK-1030
2026-09-20T09:54:00Z,CAT-797F-102,OP-102,14213.91,1720.7,83.2,26.9,272.14,3.8,7,HAULING_LOADED,FASTENED,38.5,RAMP_ACCESS_EAST,MODERATE,91.5,76.6,NONE,TSK-1052
2026-09-20T09:54:00Z,CAT-6060-201,OP-103,5124.11,1811.8,76.5,4.9,426.18,16.5,4,EXCAVATING,FASTENED,8.8,PIT_FLOOR_BENCH_A,SEVERE,95.9,77.8,NONE,TSK-1005
2026-09-20T09:54:00Z,CAT-994K-301,OP-104,9864.71,1754.0,88.4,18.3,212.75,6.8,9,HAULING_LOADED,FASTENED,22.9,HAUL_ROAD_NORTH,NORMAL,92.9,78.2,NONE,TSK-1004
2026-09-20T09:54:00Z,CAT-D11-401,OP-105,16483.85,1927.2,85.0,4.4,276.28,6.8,4,DOZING,FASTENED,18.6,STAGING_BAY_4,MUDDY,95.4,77.0,NONE,TSK-1002
2026-09-20T09:54:45Z,CAT-797F-101,OP-101,8424.43,1586.2,58.1,0.6,248.95,3.8,7,LOADING,FASTENED,10.6,PIT_FLOOR_BENCH_A,MUDDY,92.5,75.3,NONE,TSK-1030
2026-09-20T09:54:45Z,CAT-797F-102,OP-102,14213.93,1790.9,91.5,26.8,273.32,3.8,7,HAULING_LOADED,FASTENED,34.4,RAMP_ACCESS_EAST,MODERATE,91.8,76.8,NONE,TSK-1052
2026-09-20T09:54:45Z,CAT-6060-201,OP-103,5124.12,1806.4,80.3,1.7,427.63,16.5,4,EXCAVATING,FASTENED,12.3,PIT_FLOOR_BENCH_A,SEVERE,96.0,77.8,NONE,TSK-1005
2026-09-20T09:54:45Z,CAT-994K-301,OP-104,9864.73,1862.1,74.9,27.0,213.69,6.8,9,HAULING_LOADED,FASTENED,40.9,HAUL_ROAD_NORTH,NORMAL,92.9,78.2,NONE,TSK-1004
2026-09-20T09:54:45Z,CAT-D11-401,OP-105,16483.86,2018.2,78.6,1.1,277.2,6.8,4,DOZING,FASTENED,17.3,STAGING_BAY_4,MUDDY,95.5,77.1,NONE,TSK-1002
2026-09-20T09:55:30Z,CAT-797F-101,OP-101,8424.44,1529.7,73.5,0.1,249.61,3.8,7,LOADING,FASTENED,8.2,PIT_FLOOR_BENCH_A,MUDDY,92.8,75.4,NONE,TSK-1030
2026-09-20T09:55:30Z,CAT-797F-102,OP-102,14213.94,1825.5,82.2,16.7,274.5,3.8,7,HAULING_LOADED,FASTENED,27.6,RAMP_ACCESS_EAST,MODERATE,91.9,76.9,NONE,TSK-1052
2026-09-20T09:55:30Z,CAT-6060-201,OP-103,5124.14,1944.6,88.9,2.7,429.07,16.5,4,EXCAVATING,FASTENED,12.1,PIT_FLOOR_BENCH_A,SEVERE,96.1,78.0,NONE,TSK-1005
2026-09-20T09:55:30Z,CAT-994K-301,OP-104,9864.74,1848.5,82.6,22.2,214.62,6.8,9,HAULING_LOADED,FASTENED,32.1,HAUL_ROAD_NORTH,NORMAL,93.0,78.2,NONE,TSK-1004
2026-09-20T09:55:30Z,CAT-D11-401,OP-105,16483.88,1815.9,76.0,1.1,278.12,6.8,4,DOZING,FASTENED,11.7,STAGING_BAY_4,MUDDY,95.5,77.2,NONE,TSK-1002
2026-09-20T09:56:15Z,CAT-797F-101,OP-101,8424.45,1480.3,59.5,0.7,250.27,3.8,7,LOADING,FASTENED,9.6,PIT_FLOOR_BENCH_A,MUDDY,92.8,75.4,NONE,TSK-1030
2026-09-20T09:56:15Z,CAT-797F-102,OP-102,14213.95,1725.3,86.7,27.0,275.67,3.8,7,HAULING_LOADED,FASTENED,27.5,RAMP_ACCESS_EAST,MODERATE,92.1,77.1,NONE,TSK-1052
2026-09-20T09:56:15Z,CAT-6060-201,OP-103,5124.15,1985.7,81.6,2.2,430.51,16.5,4,EXCAVATING,FASTENED,16.3,PIT_FLOOR_BENCH_A,SEVERE,96.2,78.0,NONE,TSK-1005
2026-09-20T09:56:15Z,CAT-994K-301,OP-104,9864.75,1705.8,68.8,0.2,215.19,6.8,10,LOADING,FASTENED,9.4,PIT_FLOOR_BENCH_B,NORMAL,92.8,78.2,NONE,TSK-1004
2026-09-20T09:56:15Z,CAT-D11-401,OP-105,16483.89,1849.6,83.6,4.8,279.04,6.8,4,DOZING,FASTENED,17.3,STAGING_BAY_4,MUDDY,95.7,77.3,NONE,TSK-1002
2026-09-20T09:57:00Z,CAT-797F-101,OP-101,8424.46,1456.2,74.5,1.1,250.92,3.8,7,LOADING,FASTENED,6.9,PIT_FLOOR_BENCH_A,MUDDY,93.1,75.6,NONE,TSK-1030
2026-09-20T09:57:00Z,CAT-797F-102,OP-102,14213.96,1702.4,79.0,21.9,276.85,3.8,7,HAULING_LOADED,FASTENED,20.0,RAMP_ACCESS_EAST,MODERATE,92.2,77.2,NONE,TSK-1052
2026-09-20T09:57:00Z,CAT-6060-201,OP-103,5124.16,1891.8,75.9,1.1,431.96,16.5,4,EXCAVATING,FASTENED,17.5,PIT_FLOOR_BENCH_A,SEVERE,96.2,78.0,NONE,TSK-1005
2026-09-20T09:57:00Z,CAT-994K-301,OP-104,9864.76,1518.5,65.1,0.9,215.76,6.8,10,LOADING,FASTENED,9.9,PIT_FLOOR_BENCH_B,NORMAL,92.7,78.1,NONE,TSK-1004
2026-09-20T09:57:00Z,CAT-D11-401,OP-105,16483.9,1991.2,81.4,3.0,279.96,6.8,4,DOZING,FASTENED,12.9,STAGING_BAY_4,MUDDY,95.8,77.4,NONE,TSK-1002
2026-09-20T09:57:45Z,CAT-797F-101,OP-101,8424.48,1791.1,72.3,20.4,252.0,3.8,7,HAULING_LOADED,FASTENED,39.9,HAUL_ROAD_SOUTH,MUDDY,93.3,75.7,NONE,TSK-1030
2026-09-20T09:57:45Z,CAT-797F-102,OP-102,14213.98,1893.6,89.1,27.3,278.03,3.8,7,HAULING_LOADED,FASTENED,36.7,RAMP_ACCESS_EAST,MODERATE,92.4,77.3,NONE,TSK-1052
2026-09-20T09:57:45Z,CAT-6060-201,OP-103,5124.17,1955.7,88.8,1.1,433.4,16.5,4,EXCAVATING,FASTENED,21.7,PIT_FLOOR_BENCH_A,SEVERE,96.3,78.1,NONE,TSK-1005
2026-09-20T09:57:45Z,CAT-994K-301,OP-104,9864.78,1647.8,57.8,0.6,216.33,6.8,10,LOADING,FASTENED,7.2,PIT_FLOOR_BENCH_B,NORMAL,92.5,77.9,NONE,TSK-1004
2026-09-20T09:57:45Z,CAT-D11-401,OP-105,16483.91,2042.0,81.8,4.0,280.87,6.8,4,DOZING,FASTENED,10.7,STAGING_BAY_4,MUDDY,95.9,77.4,NONE,TSK-1002
2026-09-20T09:58:30Z,CAT-797F-101,OP-101,8424.49,1859.7,91.3,27.0,253.08,3.8,7,HAULING_LOADED,FASTENED,39.0,HAUL_ROAD_SOUTH,MUDDY,93.7,75.9,NONE,TSK-1030
2026-09-20T09:58:30Z,CAT-797F-102,OP-102,14213.99,1812.3,91.2,22.6,279.21,3.8,7,HAULING_LOADED,FASTENED,27.4,RAMP_ACCESS_EAST,MODERATE,92.6,77.5,NONE,TSK-1052
2026-09-20T09:58:30Z,CAT-6060-201,OP-103,5124.19,2016.4,82.4,2.7,434.84,16.5,4,EXCAVATING,FASTENED,21.9,PIT_FLOOR_BENCH_A,SEVERE,96.4,78.2,NONE,TSK-1005
2026-09-20T09:58:30Z,CAT-994K-301,OP-104,9864.79,1462.3,65.4,0.4,216.9,6.8,10,LOADING,FASTENED,9.1,PIT_FLOOR_BENCH_B,NORMAL,92.4,77.9,NONE,TSK-1004
2026-09-20T09:58:30Z,CAT-D11-401,OP-105,16483.93,1886.5,93.4,4.2,281.79,6.8,4,DOZING,FASTENED,12.0,STAGING_BAY_4,MUDDY,96.1,77.6,NONE,TSK-1002
2026-09-20T09:59:15Z,CAT-797F-101,OP-101,8424.5,1824.7,85.7,21.8,254.16,3.8,7,HAULING_LOADED,FASTENED,24.2,HAUL_ROAD_SOUTH,MUDDY,94.0,76.1,NONE,TSK-1030
2026-09-20T09:59:15Z,CAT-797F-102,OP-102,14214.0,1855.9,85.3,19.8,280.39,3.8,7,HAULING_LOADED,FASTENED,28.1,RAMP_ACCESS_EAST,MODERATE,92.7,77.6,NONE,TSK-1052
2026-09-20T09:59:15Z,CAT-6060-201,OP-103,5124.2,1754.7,75.8,2.1,436.29,16.5,4,EXCAVATING,FASTENED,16.3,PIT_FLOOR_BENCH_A,SEVERE,96.4,78.2,NONE,TSK-1005
2026-09-20T09:59:15Z,CAT-994K-301,OP-104,9864.8,1541.7,63.6,0.8,217.47,6.8,10,LOADING,FASTENED,6.0,PIT_FLOOR_BENCH_B,NORMAL,92.3,77.8,NONE,TSK-1004
2026-09-20T09:59:15Z,CAT-D11-401,OP-105,16483.94,1855.1,80.4,4.4,282.71,6.8,4,DOZING,FASTENED,17.3,STAGING_BAY_4,MUDDY,96.1,77.7,NONE,TSK-1002
2026-09-20T10:00:00Z,CAT-797F-101,OP-101,8424.51,1738.8,73.7,19.4,255.23,3.8,7,HAULING_LOADED,FASTENED,47.9,HAUL_ROAD_SOUTH,MUDDY,94.1,76.2,NONE,TSK-1030
2026-09-20T10:00:00Z,CAT-797F-102,OP-102,14214.01,1846.3,73.6,18.7,281.57,3.8,7,HAULING_LOADED,FASTENED,33.2,RAMP_ACCESS_EAST,MODERATE,92.6,77.6,NONE,TSK-1052
2026-09-20T10:00:00Z,CAT-6060-201,OP-103,5124.21,1993.5,87.1,2.7,437.73,16.5,4,EXCAVATING,FASTENED,21.5,PIT_FLOOR_BENCH_A,SEVERE,96.5,78.3,NONE,TSK-1005
2026-09-20T10:00:00Z,CAT-994K-301,OP-104,9864.81,1528.4,61.0,0.4,218.03,6.8,10,LOADING,FASTENED,8.8,PIT_FLOOR_BENCH_B,NORMAL,92.1,77.7,NONE,TSK-1004
2026-09-20T10:00:00Z,CAT-D11-401,OP-105,16483.95,1846.7,86.0,3.7,283.63,6.8,4,DOZING,FASTENED,10.8,STAGING_BAY_4,MUDDY,96.2,77.8,NONE,TSK-1002
2026-09-20T10:00:45Z,CAT-797F-101,OP-101,8424.53,1838.6,78.0,17.1,256.31,3.8,7,HAULING_LOADED,FASTENED,35.9,HAUL_ROAD_SOUTH,MUDDY,94.3,76.3,NONE,TSK-1030
2026-09-20T10:00:45Z,CAT-797F-102,OP-102,14214.03,1836.5,79.5,26.9,282.75,3.8,7,HAULING_LOADED,FASTENED,32.2,RAMP_ACCESS_EAST,MODERATE,92.7,77.7,NONE,TSK-1052
2026-09-20T10:00:45Z,CAT-6060-201,OP-103,5124.22,1882.6,81.0,4.7,439.18,16.5,4,EXCAVATING,FASTENED,18.0,PIT_FLOOR_BENCH_A,SEVERE,96.5,78.3,NONE,TSK-1005
2026-09-20T10:00:45Z,CAT-994K-301,OP-104,9864.83,1576.2,63.2,0.0,218.6,6.8,10,LOADING,FASTENED,8.8,PIT_FLOOR_BENCH_B,NORMAL,92.0,77.6,NONE,TSK-1004
2026-09-20T10:00:45Z,CAT-D11-401,OP-105,16483.96,1876.3,89.4,3.5,284.55,6.8,4,DOZING,FASTENED,12.2,STAGING_BAY_4,MUDDY,96.4,77.9,NONE,TSK-1002
2026-09-20T10:01:30Z,CAT-797F-101,OP-101,8424.54,1828.1,74.5,22.8,257.39,3.8,7,HAULING_LOADED,FASTENED,35.8,HAUL_ROAD_SOUTH,MUDDY,94.5,76.4,NONE,TSK-1030
2026-09-20T10:01:30Z,CAT-797F-102,OP-102,14214.04,1888.8,79.9,21.0,283.93,3.8,7,HAULING_LOADED,FASTENED,20.2,RAMP_ACCESS_EAST,MODERATE,92.7,77.7,NONE,TSK-1052
2026-09-20T10:01:30Z,CAT-6060-201,OP-103,5124.24,2012.5,83.7,1.2,440.62,16.5,4,EXCAVATING,FASTENED,8.8,PIT_FLOOR_BENCH_A,SEVERE,96.6,78.4,NONE,TSK-1005
2026-09-20T10:01:30Z,CAT-994K-301,OP-104,9864.84,1619.6,68.8,1.0,219.17,6.8,10,LOADING,FASTENED,6.6,PIT_FLOOR_BENCH_B,NORMAL,92.0,77.6,NONE,TSK-1004
2026-09-20T10:01:30Z,CAT-D11-401,OP-105,16483.98,1903.2,88.6,3.8,285.47,6.8,4,DOZING,FASTENED,15.2,STAGING_BAY_4,MUDDY,96.5,78.0,NONE,TSK-1002
2026-09-20T10:02:15Z,CAT-797F-101,OP-101,8424.55,1734.1,89.9,24.0,258.47,3.8,7,HAULING_LOADED,FASTENED,24.3,HAUL_ROAD_SOUTH,MUDDY,94.7,76.6,NONE,TSK-1030
2026-09-20T10:02:15Z,CAT-797F-102,OP-102,14214.05,1879.8,90.7,26.1,285.1,3.8,7,HAULING_LOADED,FASTENED,37.5,RAMP_ACCESS_EAST,MODERATE,92.9,77.9,NONE,TSK-1052
2026-09-20T10:02:15Z,CAT-6060-201,OP-103,5124.25,1905.9,79.7,1.4,442.06,16.5,4,EXCAVATING,FASTENED,8.3,PIT_FLOOR_BENCH_A,SEVERE,96.6,78.4,NONE,TSK-1005
2026-09-20T10:02:15Z,CAT-994K-301,OP-104,9864.85,1727.8,61.0,0.6,219.74,6.8,10,LOADING,FASTENED,6.9,PIT_FLOOR_BENCH_B,NORMAL,91.9,77.5,NONE,TSK-1004
2026-09-20T10:02:15Z,CAT-D11-401,OP-105,16483.99,2004.3,79.9,3.5,286.39,6.8,4,DOZING,FASTENED,14.1,STAGING_BAY_4,MUDDY,96.5,78.1,NONE,TSK-1002
2026-09-20T10:03:00Z,CAT-797F-101,OP-101,8424.56,1736.6,72.4,17.8,259.55,3.8,7,HAULING_LOADED,FASTENED,40.8,HAUL_ROAD_SOUTH,MUDDY,94.8,76.6,NONE,TSK-1030
2026-09-20T10:03:00Z,CAT-797F-102,OP-102,14214.06,1827.9,86.0,18.5,286.28,3.8,7,HAULING_LOADED,FASTENED,33.5,RAMP_ACCESS_EAST,MODERATE,93.0,77.9,NONE,TSK-1052
2026-09-20T10:03:00Z,CAT-6060-201,OP-103,5124.26,1780.0,86.2,2.5,443.51,16.5,4,EXCAVATING,FASTENED,11.9,PIT_FLOOR_BENCH_A,SEVERE,96.6,78.5,NONE,TSK-1005
2026-09-20T10:03:00Z,CAT-994K-301,OP-104,9864.86,1589.2,71.3,0.2,220.31,6.8,10,LOADING,FASTENED,7.4,PIT_FLOOR_BENCH_B,NORMAL,91.9,77.5,NONE,TSK-1004
2026-09-20T10:03:00Z,CAT-D11-401,OP-105,16484.0,1840.8,87.3,4.6,287.31,6.8,4,DOZING,FASTENED,16.7,STAGING_BAY_4,MUDDY,96.6,78.2,NONE,TSK-1002
2026-09-20T10:03:45Z,CAT-797F-101,OP-101,8424.58,1940.7,81.4,25.0,260.62,3.8,7,HAULING_LOADED,FASTENED,27.8,HAUL_ROAD_SOUTH,MUDDY,95.0,76.8,NONE,TSK-1030
2026-09-20T10:03:45Z,CAT-797F-102,OP-102,14214.08,1240.2,45.8,1.1,286.85,3.8,7,DUMPING,FASTENED,13.3,OVERBURDEN_DUMP_WEST,MODERATE,92.6,77.7,NONE,TSK-1052
2026-09-20T10:03:45Z,CAT-6060-201,OP-103,5124.27,1903.9,78.3,1.6,444.95,16.5,4,EXCAVATING,FASTENED,17.2,PIT_FLOOR_BENCH_A,SEVERE,96.6,78.5,NONE,TSK-1005
2026-09-20T10:03:45Z,CAT-994K-301,OP-104,9864.88,1707.6,57.8,0.9,220.88,6.8,10,LOADING,FASTENED,9.3,PIT_FLOOR_BENCH_B,NORMAL,91.7,77.4,NONE,TSK-1004
2026-09-20T10:03:45Z,CAT-D11-401,OP-105,16484.01,1770.5,90.9,2.9,288.22,6.8,4,DOZING,FASTENED,21.5,STAGING_BAY_4,MUDDY,96.7,78.3,NONE,TSK-1002
2026-09-20T10:04:30Z,CAT-797F-101,OP-101,8424.59,1877.1,82.1,24.2,261.7,3.8,7,HAULING_LOADED,FASTENED,27.3,HAUL_ROAD_SOUTH,MUDDY,95.1,76.9,NONE,TSK-1030
2026-09-20T10:04:30Z,CAT-797F-102,OP-102,14214.09,1264.9,41.3,2.1,287.41,3.8,7,DUMPING,FASTENED,12.7,OVERBURDEN_DUMP_WEST,MODERATE,92.2,77.5,NONE,TSK-1052
2026-09-20T10:04:30Z,CAT-6060-201,OP-103,5124.29,1758.9,88.9,1.9,446.39,16.5,4,EXCAVATING,FASTENED,17.3,PIT_FLOOR_BENCH_A,SEVERE,96.7,78.5,NONE,TSK-1005
2026-09-20T10:04:30Z,CAT-994K-301,OP-104,9864.89,1481.6,72.6,0.9,221.45,6.8,10,LOADING,FASTENED,7.9,PIT_FLOOR_BENCH_A,NORMAL,91.8,77.4,NONE,TSK-1004
2026-09-20T10:04:30Z,CAT-D11-401,OP-105,16484.03,2026.7,76.2,2.0,289.14,6.8,4,DOZING,FASTENED,8.5,STAGING_BAY_4,MUDDY,96.7,78.3,NONE,TSK-1002
2026-09-20T10:05:15Z,CAT-797F-101,OP-101,8424.6,1793.6,84.6,16.4,262.78,3.8,7,HAULING_LOADED,FASTENED,24.9,HAUL_ROAD_SOUTH,MUDDY,95.3,77.0,NONE,TSK-1030
2026-09-20T10:05:15Z,CAT-797F-102,OP-102,14214.1,1225.9,34.1,2.2,287.97,3.8,7,DUMPING,FASTENED,10.7,OVERBURDEN_DUMP_WEST,MODERATE,91.8,77.2,NONE,TSK-1052
2026-09-20T10:05:15Z,CAT-6060-201,OP-103,5124.3,1897.3,87.9,1.9,447.84,16.5,4,EXCAVATING,FASTENED,18.4,PIT_FLOOR_BENCH_A,SEVERE,96.8,78.6,NONE,TSK-1005
2026-09-20T10:05:15Z,CAT-994K-301,OP-104,9864.9,1687.0,56.7,0.0,222.02,6.8,10,LOADING,FASTENED,10.8,PIT_FLOOR_BENCH_A,NORMAL,91.6,77.3,NONE,TSK-1004
2026-09-20T10:05:15Z,CAT-D11-401,OP-105,16484.04,1760.0,77.7,1.0,290.06,6.8,4,DOZING,FASTENED,18.8,STAGING_BAY_4,MUDDY,96.7,78.3,NONE,TSK-1002
2026-09-20T10:06:00Z,CAT-797F-101,OP-101,8424.61,1785.2,85.6,28.0,263.86,3.8,7,HAULING_LOADED,FASTENED,40.4,HAUL_ROAD_SOUTH,MUDDY,95.5,77.1,NONE,TSK-1030
2026-09-20T10:06:00Z,CAT-797F-102,OP-102,14214.11,1153.2,35.3,2.7,288.54,3.8,7,DUMPING,FASTENED,10.3,OVERBURDEN_DUMP_WEST,MODERATE,91.4,76.9,NONE,TSK-1052
2026-09-20T10:06:00Z,CAT-6060-201,OP-103,5124.31,2019.9,91.2,4.2,449.28,16.5,4,EXCAVATING,FASTENED,14.1,PIT_FLOOR_BENCH_A,SEVERE,96.9,78.7,NONE,TSK-1005
2026-09-20T10:06:00Z,CAT-994K-301,OP-104,9864.91,1620.7,57.5,0.6,222.58,6.8,10,LOADING,FASTENED,6.5,PIT_FLOOR_BENCH_A,NORMAL,91.5,77.2,NONE,TSK-1004
2026-09-20T10:06:00Z,CAT-D11-401,OP-105,16484.05,1765.4,85.3,1.1,290.98,6.8,4,DOZING,FASTENED,19.5,STAGING_BAY_4,MUDDY,96.7,78.3,NONE,TSK-1002
2026-09-20T10:06:45Z,CAT-797F-101,OP-101,8424.63,1797.6,79.2,26.9,264.94,3.8,7,HAULING_LOADED,FASTENED,24.4,HAUL_ROAD_SOUTH,MUDDY,95.6,77.2,NONE,TSK-1030
2026-09-20T10:06:45Z,CAT-797F-102,OP-102,14214.13,1798.2,52.0,31.0,289.31,3.8,8,HAULING_EMPTY,FASTENED,23.9,RAMP_ACCESS_EAST,MODERATE,91.2,76.8,NONE,TSK-1052
2026-09-20T10:06:45Z,CAT-6060-201,OP-103,5124.32,1783.3,83.9,4.7,450.73,16.5,4,EXCAVATING,FASTENED,11.7,PIT_FLOOR_BENCH_A,SEVERE,97.0,78.8,NONE,TSK-1005
2026-09-20T10:06:45Z,CAT-994K-301,OP-104,9864.93,1528.3,61.7,0.9,223.15,6.8,10,LOADING,FASTENED,6.7,PIT_FLOOR_BENCH_A,NORMAL,91.4,77.1,NONE,TSK-1004
2026-09-20T10:06:45Z,CAT-D11-401,OP-105,16484.06,1970.2,92.6,3.7,291.9,6.8,4,DOZING,FASTENED,20.3,STAGING_BAY_4,MUDDY,96.9,78.5,NONE,TSK-1002
2026-09-20T10:07:30Z,CAT-797F-101,OP-101,8424.64,1937.0,90.1,24.8,266.02,3.8,7,HAULING_LOADED,FASTENED,41.4,HAUL_ROAD_SOUTH,MUDDY,95.8,77.4,NONE,TSK-1030
2026-09-20T10:07:30Z,CAT-797F-102,OP-102,14214.14,1813.9,61.0,34.5,290.08,3.8,8,HAULING_EMPTY,FASTENED,42.2,RAMP_ACCESS_EAST,NORMAL,91.2,76.7,NONE,TSK-1053
2026-09-20T10:07:30Z,CAT-6060-201,OP-103,5124.34,1915.4,93.0,2.1,452.17,16.5,4,EXCAVATING,FASTENED,8.6,PIT_FLOOR_BENCH_A,SEVERE,97.1,78.9,NONE,TSK-1005
2026-09-20T10:07:30Z,CAT-994K-301,OP-104,9864.94,1645.1,63.6,0.4,223.72,6.8,10,LOADING,FASTENED,10.2,PIT_FLOOR_BENCH_A,NORMAL,91.4,77.0,NONE,TSK-1004
2026-09-20T10:07:30Z,CAT-D11-401,OP-105,16484.08,1756.4,76.1,4.1,292.82,6.8,4,DOZING,FASTENED,19.4,STAGING_BAY_4,MUDDY,96.8,78.5,NONE,TSK-1002
2026-09-20T10:08:15Z,CAT-797F-101,OP-101,8424.65,1870.5,86.8,22.9,267.09,3.8,7,HAULING_LOADED,FASTENED,21.5,HAUL_ROAD_SOUTH,MUDDY,95.9,77.5,NONE,TSK-1030
2026-09-20T10:08:15Z,CAT-797F-102,OP-102,14214.15,1722.5,50.6,31.5,290.84,3.8,8,HAULING_EMPTY,FASTENED,26.5,RAMP_ACCESS_EAST,NORMAL,91.0,76.6,NONE,TSK-1053
2026-09-20T10:08:15Z,CAT-6060-201,OP-103,5124.35,2019.1,93.7,2.5,453.61,16.5,4,EXCAVATING,FASTENED,10.7,PIT_FLOOR_BENCH_A,SEVERE,97.2,79.0,NONE,TSK-1005
2026-09-20T10:08:15Z,CAT-994K-301,OP-104,9864.95,1573.9,70.1,1.0,224.29,6.8,10,LOADING,FASTENED,8.7,PIT_FLOOR_BENCH_A,NORMAL,91.4,77.1,NONE,TSK-1004
2026-09-20T10:08:15Z,CAT-D11-401,OP-105,16484.09,1990.5,91.6,2.0,293.74,6.8,4,DOZING,FASTENED,8.8,STAGING_BAY_4,MUDDY,96.9,78.6,NONE,TSK-1002
2026-09-20T10:09:00Z,CAT-797F-101,OP-101,8424.66,1770.6,78.3,23.5,268.17,3.8,7,HAULING_LOADED,FASTENED,44.9,HAUL_ROAD_SOUTH,MUDDY,96.0,77.6,NONE,TSK-1030
2026-09-20T10:09:00Z,CAT-797F-102,OP-102,14214.16,1541.5,50.0,35.5,291.61,3.8,8,HAULING_EMPTY,FASTENED,43.7,RAMP_ACCESS_EAST,NORMAL,90.8,76.4,NONE,TSK-1053
2026-09-20T10:09:00Z,CAT-6060-201,OP-103,5124.36,2031.5,78.9,3.8,455.06,16.5,4,EXCAVATING,FASTENED,19.4,PIT_FLOOR_BENCH_A,SEVERE,97.2,78.9,NONE,TSK-1005
2026-09-20T10:09:00Z,CAT-994K-301,OP-104,9864.96,1583.1,61.1,0.4,224.86,6.8,10,LOADING,FASTENED,8.8,PIT_FLOOR_BENCH_A,NORMAL,91.4,77.0,NONE,TSK-1004
2026-09-20T10:09:00Z,CAT-D11-401,OP-105,16484.1,1823.3,92.0,2.3,294.66,6.8,4,DOZING,FASTENED,15.6,STAGING_BAY_4,MUDDY,97.0,78.7,NONE,TSK-1002
2026-09-20T10:09:45Z,CAT-797F-101,OP-101,8424.68,1802.7,91.0,22.1,269.25,3.8,7,HAULING_LOADED,FASTENED,22.2,HAUL_ROAD_SOUTH,MUDDY,96.2,77.7,NONE,TSK-1030
2026-09-20T10:09:45Z,CAT-797F-102,OP-102,14214.18,1769.3,52.4,29.3,292.38,3.8,8,HAULING_EMPTY,FASTENED,40.2,RAMP_ACCESS_EAST,NORMAL,90.7,76.3,NONE,TSK-1053
2026-09-20T10:09:45Z,CAT-6060-201,OP-103,5124.37,1967.5,90.0,1.1,456.5,16.5,4,EXCAVATING,FASTENED,11.3,PIT_FLOOR_BENCH_A,SEVERE,97.2,79.0,NONE,TSK-1005
2026-09-20T10:09:45Z,CAT-994K-301,OP-104,9864.98,1735.9,55.4,1.0,225.43,6.8,10,LOADING,FASTENED,7.4,PIT_FLOOR_BENCH_A,NORMAL,91.2,76.9,NONE,TSK-1004
2026-09-20T10:09:45Z,CAT-D11-401,OP-105,16484.11,1840.1,93.3,1.2,295.57,6.8,4,DOZING,FASTENED,20.0,STAGING_BAY_4,MUDDY,97.2,78.8,ENG-TEMP-HIGH-01,TSK-1002
2026-09-20T10:10:30Z,CAT-797F-101,OP-101,8424.69,1207.7,32.7,1.1,269.77,3.8,7,DUMPING,FASTENED,7.9,OVERBURDEN_DUMP_WEST,MUDDY,95.7,77.4,NONE,TSK-1030
2026-09-20T10:10:30Z,CAT-797F-102,OP-102,14214.19,1516.7,48.1,33.5,293.15,3.8,8,HAULING_EMPTY,FASTENED,33.5,RAMP_ACCESS_EAST,NORMAL,90.6,76.2,NONE,TSK-1053
2026-09-20T10:10:30Z,CAT-6060-201,OP-103,5124.39,1993.1,86.2,4.0,457.94,16.5,4,EXCAVATING,FASTENED,12.8,PIT_FLOOR_BENCH_B,SEVERE,97.3,79.1,NONE,TSK-1005
2026-09-20T10:10:30Z,CAT-994K-301,OP-104,9864.99,1578.3,69.6,0.9,226.0,6.8,10,LOADING,FASTENED,6.3,PIT_FLOOR_BENCH_A,NORMAL,91.3,76.9,NONE,TSK-1004
2026-09-20T10:10:30Z,CAT-D11-401,OP-105,16484.13,1866.4,88.7,3.7,296.49,6.8,4,DOZING,FASTENED,20.0,STAGING_BAY_4,MUDDY,97.2,78.9,NONE,TSK-1002
2026-09-20T10:11:15Z,CAT-797F-101,OP-101,8424.7,1260.3,41.1,1.9,270.28,3.8,7,DUMPING,FASTENED,7.7,OVERBURDEN_DUMP_WEST,MUDDY,95.3,77.1,NONE,TSK-1030
2026-09-20T10:11:15Z,CAT-797F-102,OP-102,14214.2,1738.6,60.5,26.3,293.92,3.8,8,HAULING_EMPTY,FASTENED,22.5,RAMP_ACCESS_EAST,NORMAL,90.6,76.2,NONE,TSK-1053
2026-09-20T10:11:15Z,CAT-6060-201,OP-103,5124.4,2035.3,76.6,2.0,459.39,16.5,4,EXCAVATING,FASTENED,15.6,PIT_FLOOR_BENCH_B,SEVERE,97.2,79.0,NONE,TSK-1005
2026-09-20T10:11:15Z,CAT-994K-301,OP-104,9865.0,1647.8,70.6,1.0,226.57,6.8,10,LOADING,FASTENED,9.0,PIT_FLOOR_BENCH_B,NORMAL,91.3,76.9,NONE,TSK-1004
2026-09-20T10:11:15Z,CAT-D11-401,OP-105,16484.14,1920.5,81.1,2.1,297.41,6.8,4,DOZING,FASTENED,10.5,STAGING_BAY_4,MUDDY,97.2,78.9,NONE,TSK-1002
2026-09-20T10:12:00Z,CAT-797F-101,OP-101,8424.71,1230.6,47.5,1.8,270.8,3.8,7,DUMPING,FASTENED,12.8,OVERBURDEN_DUMP_WEST,MUDDY,95.1,77.0,NONE,TSK-1030
2026-09-20T10:12:00Z,CAT-797F-102,OP-102,14214.21,1518.7,60.8,28.8,294.69,3.8,8,HAULING_EMPTY,FASTENED,42.1,RAMP_ACCESS_EAST,NORMAL,90.6,76.2,NONE,TSK-1053
2026-09-20T10:12:00Z,CAT-6060-201,OP-103,5124.41,1769.2,78.4,4.1,460.83,16.5,4,EXCAVATING,FASTENED,11.9,PIT_FLOOR_BENCH_B,SEVERE,97.1,79.0,NONE,TSK-1005
2026-09-20T10:12:00Z,CAT-994K-301,OP-104,9865.01,1639.1,57.9,0.7,227.13,6.8,10,LOADING,FASTENED,6.2,PIT_FLOOR_BENCH_B,NORMAL,91.2,76.8,NONE,TSK-1004
2026-09-20T10:12:00Z,CAT-D11-401,OP-105,16484.15,1761.6,88.0,4.4,298.33,6.8,4,DOZING,FASTENED,16.1,STAGING_BAY_4,MUDDY,97.3,78.9,NONE,TSK-1002
2026-09-20T10:12:45Z,CAT-797F-101,OP-101,8424.73,1117.0,43.4,1.2,271.31,3.8,7,DUMPING,FASTENED,8.4,OVERBURDEN_DUMP_WEST,MUDDY,94.8,76.8,NONE,TSK-1030
2026-09-20T10:12:45Z,CAT-797F-102,OP-102,14214.23,1774.4,49.1,36.6,295.46,3.8,8,HAULING_EMPTY,FASTENED,41.8,RAMP_ACCESS_EAST,NORMAL,90.4,76.0,NONE,TSK-1053
2026-09-20T10:12:45Z,CAT-6060-201,OP-103,5124.42,1773.2,83.4,3.0,462.28,16.5,4,EXCAVATING,FASTENED,11.3,PIT_FLOOR_BENCH_B,SEVERE,97.1,79.0,NONE,TSK-1005
2026-09-20T10:12:45Z,CAT-994K-301,OP-104,9865.03,1696.8,63.3,0.8,227.7,6.8,10,LOADING,FASTENED,10.4,PIT_FLOOR_BENCH_B,NORMAL,91.2,76.8,NONE,TSK-1004
2026-09-20T10:12:45Z,CAT-D11-401,OP-105,16484.16,1848.0,90.0,2.3,299.25,6.8,4,DOZING,FASTENED,13.7,STAGING_BAY_4,MUDDY,97.3,79.0,NONE,TSK-1002
2026-09-20T10:13:30Z,CAT-797F-101,OP-101,8424.74,1551.3,42.9,40.3,272.02,3.8,8,HAULING_EMPTY,FASTENED,52.1,HAUL_ROAD_NORTH,MUDDY,94.5,76.6,NONE,TSK-1030
2026-09-20T10:13:30Z,CAT-797F-102,OP-102,14214.24,1694.9,58.2,32.9,296.23,3.8,8,HAULING_EMPTY,FASTENED,47.8,RAMP_ACCESS_EAST,NORMAL,90.4,76.0,NONE,TSK-1053
2026-09-20T10:13:30Z,CAT-6060-201,OP-103,5124.44,1924.4,81.5,1.9,463.72,16.5,4,EXCAVATING,FASTENED,19.6,PIT_FLOOR_BENCH_B,SEVERE,97.1,79.0,NONE,TSK-1005
2026-09-20T10:13:30Z,CAT-994K-301,OP-104,9865.04,1564.3,75.0,0.1,228.27,6.8,10,LOADING,FASTENED,6.4,PIT_FLOOR_BENCH_B,NORMAL,91.3,76.9,NONE,TSK-1004
2026-09-20T10:13:30Z,CAT-D11-401,OP-105,16484.18,1817.4,84.6,3.3,300.17,6.8,4,DOZING,FASTENED,15.7,STAGING_BAY_4,MUDDY,97.3,79.0,NONE,TSK-1002
2026-09-20T10:14:15Z,CAT-797F-101,OP-101,8424.75,1771.2,52.6,24.9,272.72,3.8,8,HAULING_EMPTY,FASTENED,37.6,HAUL_ROAD_NORTH,NORMAL,94.1,76.5,NONE,TSK-1032
2026-09-20T10:14:15Z,CAT-797F-102,OP-102,14214.25,1188.7,35.1,2.1,296.79,3.8,8,SPOTTING,FASTENED,13.3,CRUSHER_FEED_1,NORMAL,90.1,75.8,NONE,TSK-1053
2026-09-20T10:14:15Z,CAT-6060-201,OP-103,5124.45,1989.7,93.6,1.9,465.16,16.5,4,EXCAVATING,FASTENED,12.4,PIT_FLOOR_BENCH_B,SEVERE,97.2,79.1,NONE,TSK-1005
2026-09-20T10:14:15Z,CAT-994K-301,OP-104,9865.05,1583.5,74.2,0.5,228.84,6.8,10,LOADING,FASTENED,6.4,PIT_FLOOR_BENCH_B,NORMAL,91.4,76.9,NONE,TSK-1004
2026-09-20T10:14:15Z,CAT-D11-401,OP-105,16484.19,1772.9,81.9,2.9,301.09,6.8,4,DOZING,FASTENED,11.2,STAGING_BAY_4,MUDDY,97.3,79.0,NONE,TSK-1002
2026-09-20T10:15:00Z,CAT-797F-101,OP-101,8424.76,1764.9,61.7,40.2,273.42,3.8,8,HAULING_EMPTY,FASTENED,30.1,HAUL_ROAD_NORTH,NORMAL,93.8,76.4,NONE,TSK-1032
2026-09-20T10:15:00Z,CAT-797F-102,OP-102,14214.26,1288.7,42.7,2.1,297.35,3.8,8,SPOTTING,FASTENED,12.5,CRUSHER_FEED_1,NORMAL,89.9,75.6,NONE,TSK-1053
2026-09-20T10:15:00Z,CAT-6060-201,OP-103,5124.46,1785.4,82.8,3.0,466.61,16.5,4,EXCAVATING,FASTENED,10.1,PIT_FLOOR_BENCH_B,SEVERE,97.2,79.1,NONE,TSK-1005
2026-09-20T10:15:00Z,CAT-994K-301,OP-104,9865.06,1509.4,58.6,0.5,229.41,6.8,10,LOADING,FASTENED,6.8,PIT_FLOOR_BENCH_B,NORMAL,91.3,76.8,NONE,TSK-1004
2026-09-20T10:15:00Z,CAT-D11-401,OP-105,16484.2,1979.7,88.5,2.9,302.01,6.8,4,DOZING,FASTENED,9.4,STAGING_BAY_4,MUDDY,97.3,79.1,NONE,TSK-1002
2026-09-20T10:15:45Z,CAT-797F-101,OP-101,8424.78,1507.7,45.3,25.3,274.12,3.8,8,HAULING_EMPTY,FASTENED,39.0,HAUL_ROAD_NORTH,NORMAL,93.4,76.3,NONE,TSK-1032
2026-09-20T10:15:45Z,CAT-797F-102,OP-102,14214.28,1208.7,38.8,0.8,297.92,3.8,8,SPOTTING,FASTENED,11.7,CRUSHER_FEED_1,NORMAL,89.7,75.5,NONE,TSK-1053
2026-09-20T10:15:45Z,CAT-6060-201,OP-103,5124.47,1838.0,81.4,4.3,468.05,16.5,4,EXCAVATING,FASTENED,12.7,PIT_FLOOR_BENCH_B,SEVERE,97.2,79.1,NONE,TSK-1005
2026-09-20T10:15:45Z,CAT-994K-301,OP-104,9865.08,1735.0,73.2,0.8,229.98,6.8,10,LOADING,FASTENED,9.7,PIT_FLOOR_BENCH_B,NORMAL,91.4,76.9,NONE,TSK-1004
2026-09-20T10:15:45Z,CAT-D11-401,OP-105,16484.21,1977.3,88.3,3.9,302.92,6.8,4,DOZING,FASTENED,18.1,STAGING_BAY_4,MUDDY,97.4,79.1,NONE,TSK-1002
2026-09-20T10:16:30Z,CAT-797F-101,OP-101,8424.79,1663.0,45.0,24.1,274.83,3.8,8,HAULING_EMPTY,FASTENED,41.6,HAUL_ROAD_NORTH,NORMAL,93.0,76.1,NONE,TSK-1032
2026-09-20T10:16:30Z,CAT-797F-102,OP-102,14214.29,1546.1,58.5,0.9,298.63,3.8,8,LOADING,FASTENED,7.4,PIT_FLOOR_BENCH_B,NORMAL,89.8,75.5,NONE,TSK-1053
2026-09-20T10:16:30Z,CAT-6060-201,OP-103,5124.49,1819.7,84.4,1.2,469.49,16.5,4,EXCAVATING,FASTENED,15.2,PIT_FLOOR_BENCH_B,SEVERE,97.2,79.1,NONE,TSK-1005
2026-09-20T10:16:30Z,CAT-994K-301,OP-104,9865.09,1728.4,60.7,0.5,230.55,6.8,10,LOADING,FASTENED,9.8,PIT_FLOOR_BENCH_B,NORMAL,91.3,76.8,NONE,TSK-1004
2026-09-20T10:16:30Z,CAT-D11-401,OP-105,16484.23,1879.2,80.3,4.5,303.84,6.8,4,DOZING,FASTENED,12.4,STAGING_BAY_4,MUDDY,97.3,79.1,NONE,TSK-1002
2026-09-20T10:17:15Z,CAT-797F-101,OP-101,8424.8,1592.1,51.7,27.9,275.53,3.8,8,HAULING_EMPTY,FASTENED,27.6,HAUL_ROAD_NORTH,NORMAL,92.7,76.0,NONE,TSK-1032
2026-09-20T10:17:15Z,CAT-797F-102,OP-102,14214.3,1527.8,67.1,0.1,299.35,3.8,8,LOADING,FASTENED,7.2,PIT_FLOOR_BENCH_B,NORMAL,89.9,75.5,NONE,TSK-1053
2026-09-20T10:17:15Z,CAT-6060-201,OP-103,5124.5,1778.8,85.5,3.0,470.94,16.5,4,EXCAVATING,FASTENED,10.4,PIT_FLOOR_BENCH_B,SEVERE,97.2,79.2,ENG-TEMP-HIGH-01,TSK-1005
2026-09-20T10:17:15Z,CAT-994K-301,OP-104,9865.1,1717.2,65.8,0.2,231.12,6.8,10,LOADING,FASTENED,8.4,PIT_FLOOR_BENCH_B,NORMAL,91.3,76.8,NONE,TSK-1004
2026-09-20T10:17:15Z,CAT-D11-401,OP-105,16484.24,1860.9,80.4,4.8,304.76,6.8,4,DOZING,FASTENED,14.0,STAGING_BAY_4,MUDDY,97.3,79.1,NONE,TSK-1002
2026-09-20T10:18:00Z,CAT-797F-101,OP-101,8424.81,1645.2,60.4,36.5,276.23,3.8,8,HAULING_EMPTY,FASTENED,52.3,HAUL_ROAD_NORTH,NORMAL,92.5,76.0,NONE,TSK-1032
2026-09-20T10:18:00Z,CAT-797F-102,OP-102,14214.31,1716.7,64.9,0.1,300.07,3.8,8,LOADING,FASTENED,6.7,PIT_FLOOR_BENCH_B,NORMAL,90.0,75.6,NONE,TSK-1053
2026-09-20T10:18:00Z,CAT-6060-201,OP-103,5124.51,1950.6,93.4,4.2,472.38,16.5,4,EXCAVATING,FASTENED,18.4,PIT_FLOOR_BENCH_B,SEVERE,97.3,79.3,NONE,TSK-1005
2026-09-20T10:18:00Z,CAT-994K-301,OP-104,9865.11,1497.0,61.7,0.5,231.68,6.8,10,LOADING,FASTENED,9.7,PIT_FLOOR_BENCH_B,NORMAL,91.2,76.8,NONE,TSK-1004
2026-09-20T10:18:00Z,CAT-D11-401,OP-105,16484.25,1772.2,88.1,4.6,305.68,6.8,4,DOZING,FASTENED,8.5,STAGING_BAY_4,MUDDY,97.3,79.2,NONE,TSK-1002
2026-09-20T10:18:45Z,CAT-797F-101,OP-101,8424.83,1666.8,45.8,33.8,276.94,3.8,8,HAULING_EMPTY,FASTENED,49.6,HAUL_ROAD_NORTH,NORMAL,92.2,75.9,NONE,TSK-1032
2026-09-20T10:18:45Z,CAT-797F-102,OP-102,14214.33,1734.8,67.5,0.3,300.79,3.8,8,LOADING,FASTENED,8.9,PIT_FLOOR_BENCH_B,NORMAL,90.1,75.6,NONE,TSK-1053
2026-09-20T10:18:45Z,CAT-6060-201,OP-103,5124.52,1816.1,78.7,2.9,473.83,16.5,4,EXCAVATING,FASTENED,14.8,PIT_FLOOR_BENCH_B,SEVERE,97.3,79.2,NONE,TSK-1005
2026-09-20T10:18:45Z,CAT-994K-301,OP-104,9865.13,1451.0,56.3,0.7,232.25,6.8,10,LOADING,FASTENED,7.0,PIT_FLOOR_BENCH_A,NORMAL,91.1,76.7,NONE,TSK-1004
2026-09-20T10:18:45Z,CAT-D11-401,OP-105,16484.26,1875.4,80.0,2.5,306.6,6.8,4,DOZING,FASTENED,16.2,STAGING_BAY_4,MUDDY,97.3,79.1,NONE,TSK-1002
2026-09-20T10:19:30Z,CAT-797F-101,OP-101,8424.84,1710.2,45.6,29.3,277.64,3.8,8,HAULING_EMPTY,FASTENED,29.7,HAUL_ROAD_NORTH,NORMAL,91.9,75.7,NONE,TSK-1032
2026-09-20T10:19:30Z,CAT-797F-102,OP-102,14214.34,1595.5,70.9,0.5,301.5,3.8,8,LOADING,FASTENED,7.8,PIT_FLOOR_BENCH_B,NORMAL,90.3,75.7,NONE,TSK-1053
2026-09-20T10:19:30Z,CAT-6060-201,OP-103,5124.54,1779.0,77.1,4.5,475.27,16.5,4,EXCAVATING,FASTENED,18.6,PIT_FLOOR_BENCH_B,SEVERE,97.2,79.2,NONE,TSK-1005
2026-09-20T10:19:30Z,CAT-994K-301,OP-104,9865.14,1547.6,68.2,0.1,232.82,6.8,10,LOADING,FASTENED,8.3,PIT_FLOOR_BENCH_A,NORMAL,91.2,76.7,NONE,TSK-1004
2026-09-20T10:19:30Z,CAT-D11-401,OP-105,16484.28,1784.1,88.2,3.8,307.52,6.8,4,DOZING,FASTENED,18.8,STAGING_BAY_4,MUDDY,97.3,79.2,NONE,TSK-1002
2026-09-20T10:20:15Z,CAT-797F-101,OP-101,8424.85,1656.5,50.2,28.1,278.34,3.8,8,HAULING_EMPTY,FASTENED,31.6,HAUL_ROAD_NORTH,NORMAL,91.6,75.7,NONE,TSK-1032
2026-09-20T10:20:15Z,CAT-797F-102,OP-102,14214.35,1716.9,70.7,0.1,302.22,3.8,8,LOADING,FASTENED,9.9,PIT_FLOOR_BENCH_B,NORMAL,90.4,75.8,NONE,TSK-1053
2026-09-20T10:20:15Z,CAT-6060-201,OP-103,5124.55,1845.3,82.4,2.8,476.71,16.5,4,EXCAVATING,FASTENED,13.6,PIT_FLOOR_BENCH_B,SEVERE,97.2,79.2,NONE,TSK-1005
2026-09-20T10:20:15Z,CAT-994K-301,OP-104,9865.15,1668.5,61.8,1.0,233.39,6.8,10,LOADING,FASTENED,7.5,PIT_FLOOR_BENCH_A,NORMAL,91.1,76.6,NONE,TSK-1004
2026-09-20T10:20:15Z,CAT-D11-401,OP-105,16484.29,1921.8,78.2,1.8,308.44,6.8,4,DOZING,FASTENED,16.8,STAGING_BAY_4,MUDDY,97.3,79.2,NONE,TSK-1002
2026-09-20T10:21:00Z,CAT-797F-101,OP-101,8424.86,1605.5,54.1,24.3,279.05,3.8,8,HAULING_EMPTY,FASTENED,45.8,HAUL_ROAD_NORTH,NORMAL,91.5,75.6,NONE,TSK-1032
2026-09-20T10:21:00Z,CAT-797F-102,OP-102,14214.36,1477.1,69.1,1.1,302.94,3.8,8,LOADING,FASTENED,9.8,PIT_FLOOR_BENCH_B,NORMAL,90.5,75.9,NONE,TSK-1053
2026-09-20T10:21:00Z,CAT-6060-201,OP-103,5124.56,1858.6,78.8,1.6,478.16,16.5,4,EXCAVATING,FASTENED,15.5,PIT_FLOOR_BENCH_A,SEVERE,97.1,79.1,NONE,TSK-1005
2026-09-20T10:21:00Z,CAT-994K-301,OP-104,9865.16,1690.4,73.2,0.4,233.96,6.8,10,LOADING,FASTENED,7.1,PIT_FLOOR_BENCH_A,NORMAL,91.2,76.7,NONE,TSK-1004
2026-09-20T10:21:00Z,CAT-D11-401,OP-105,16484.3,2032.0,75.7,1.1,309.36,6.8,4,DOZING,FASTENED,21.2,STAGING_BAY_4,MUDDY,97.2,79.1,NONE,TSK-1002
2026-09-20T10:21:45Z,CAT-797F-101,OP-101,8424.88,1655.2,45.1,29.3,279.75,3.8,8,HAULING_EMPTY,FASTENED,29.6,HAUL_ROAD_NORTH,NORMAL,91.2,75.5,NONE,TSK-1032
2026-09-20T10:21:45Z,CAT-797F-102,OP-102,14214.38,1768.1,74.5,25.8,304.12,3.8,8,HAULING_LOADED,FASTENED,38.3,HAUL_ROAD_NORTH,NORMAL,90.7,76.0,NONE,TSK-1053
2026-09-20T10:21:45Z,CAT-6060-201,OP-103,5124.57,1972.2,80.1,1.3,479.6,16.5,4,EXCAVATING,FASTENED,9.0,PIT_FLOOR_BENCH_A,SEVERE,97.1,79.1,NONE,TSK-1005
2026-09-20T10:21:45Z,CAT-994K-301,OP-104,9865.18,1478.7,66.8,0.5,234.53,6.8,10,LOADING,FASTENED,10.2,PIT_FLOOR_BENCH_A,NORMAL,91.2,76.7,NONE,TSK-1004
2026-09-20T10:21:45Z,CAT-D11-401,OP-105,16484.31,1985.4,83.1,4.0,310.27,6.8,4,DOZING,FASTENED,12.2,STAGING_BAY_4,MUDDY,97.2,79.1,NONE,TSK-1002
2026-09-20T10:22:30Z,CAT-797F-101,OP-101,8424.89,1810.2,53.5,30.6,280.45,3.8,8,HAULING_EMPTY,FASTENED,36.2,HAUL_ROAD_NORTH,NORMAL,91.1,75.4,NONE,TSK-1032
2026-09-20T10:22:30Z,CAT-797F-102,OP-102,14214.39,1801.6,77.6,19.6,305.3,3.8,8,HAULING_LOADED,FASTENED,39.7,HAUL_ROAD_NORTH,NORMAL,90.8,76.1,NONE,TSK-1053
2026-09-20T10:22:30Z,CAT-6060-201,OP-103,5124.59,1864.7,93.9,3.9,481.04,16.5,4,EXCAVATING,FASTENED,21.3,PIT_FLOOR_BENCH_A,SEVERE,97.2,79.2,NONE,TSK-1005
2026-09-20T10:22:30Z,CAT-994K-301,OP-104,9865.19,1585.7,66.6,0.0,235.1,6.8,10,LOADING,FASTENED,9.9,PIT_FLOOR_BENCH_A,NORMAL,91.2,76.7,NONE,TSK-1004
2026-09-20T10:22:30Z,CAT-D11-401,OP-105,16484.33,1893.0,77.1,2.2,311.19,6.8,4,DOZING,FASTENED,10.0,STAGING_BAY_4,MUDDY,97.1,79.1,NONE,TSK-1002
2026-09-20T10:23:15Z,CAT-797F-101,OP-101,8424.9,1158.2,47.1,2.1,280.97,3.8,8,SPOTTING,FASTENED,7.1,CRUSHER_FEED_1,NORMAL,90.9,75.3,NONE,TSK-1032
2026-09-20T10:23:15Z,CAT-797F-102,OP-102,14214.4,1909.5,82.5,26.5,306.48,3.8,8,HAULING_LOADED,FASTENED,41.3,HAUL_ROAD_NORTH,NORMAL,91.0,76.2,NONE,TSK-1053
2026-09-20T10:23:15Z,CAT-6060-201,OP-103,5124.6,1898.0,82.8,4.0,482.49,16.5,4,EXCAVATING,FASTENED,19.7,PIT_FLOOR_BENCH_A,SEVERE,97.2,79.2,NONE,TSK-1005
2026-09-20T10:23:15Z,CAT-994K-301,OP-104,9865.2,1629.6,72.4,0.3,235.67,6.8,10,LOADING,FASTENED,7.0,PIT_FLOOR_BENCH_A,NORMAL,91.3,76.7,NONE,TSK-1004
2026-09-20T10:23:15Z,CAT-D11-401,OP-105,16484.34,1896.6,84.5,4.8,312.11,6.8,4,DOZING,FASTENED,11.3,STAGING_BAY_4,MUDDY,97.1,79.1,NONE,TSK-1002
2026-09-20T10:24:00Z,CAT-797F-101,OP-101,8424.91,1255.3,43.8,2.5,281.48,3.8,8,SPOTTING,FASTENED,13.4,CRUSHER_FEED_1,NORMAL,90.7,75.2,NONE,TSK-1032
2026-09-20T10:24:00Z,CAT-797F-102,OP-102,14214.41,1719.4,74.5,16.2,307.65,3.8,8,HAULING_LOADED,FASTENED,34.6,HAUL_ROAD_NORTH,NORMAL,91.2,76.3,NONE,TSK-1053
2026-09-20T10:24:00Z,CAT-6060-201,OP-103,5124.61,1809.2,91.5,1.5,483.93,16.5,4,EXCAVATING,FASTENED,20.4,PIT_FLOOR_BENCH_A,SEVERE,97.3,79.3,NONE,TSK-1005
2026-09-20T10:24:00Z,CAT-994K-301,OP-104,9865.21,1607.4,57.8,1.0,236.23,6.8,10,LOADING,FASTENED,8.1,PIT_FLOOR_BENCH_A,NORMAL,91.2,76.7,NONE,TSK-1004
2026-09-20T10:24:00Z,CAT-D11-401,OP-105,16484.35,1785.3,93.9,3.9,313.03,6.8,4,DOZING,FASTENED,20.3,STAGING_BAY_4,MUDDY,97.2,79.2,NONE,TSK-1002
2026-09-20T10:24:45Z,CAT-797F-101,OP-101,8424.93,1492.5,65.5,0.2,282.14,3.8,8,LOADING,FASTENED,9.1,PIT_FLOOR_BENCH_A,NORMAL,90.7,75.3,NONE,TSK-1032
2026-09-20T10:24:45Z,CAT-797F-102,OP-102,14214.43,1829.8,77.0,21.8,308.83,3.8,8,HAULING_LOADED,FASTENED,46.2,HAUL_ROAD_NORTH,NORMAL,91.3,76.4,NONE,TSK-1053
2026-09-20T10:24:45Z,CAT-6060-201,OP-103,5124.62,1966.0,91.2,1.5,485.38,16.5,4,EXCAVATING,FASTENED,15.3,PIT_FLOOR_BENCH_A,SEVERE,97.4,79.4,ENG-TEMP-HIGH-01,TSK-1005
2026-09-20T10:24:45Z,CAT-994K-301,OP-104,9865.23,1470.1,74.5,0.4,236.8,6.8,10,LOADING,FASTENED,6.9,PIT_FLOOR_BENCH_B,NORMAL,91.3,76.7,NONE,TSK-1004
2026-09-20T10:24:45Z,CAT-D11-401,OP-105,16484.36,1911.3,81.3,1.2,313.95,6.8,4,DOZING,FASTENED,14.6,STAGING_BAY_4,MUDDY,97.2,79.2,NONE,TSK-1002
2026-09-20T10:25:30Z,CAT-797F-101,OP-101,8424.94,1617.7,59.5,0.8,282.8,3.8,8,LOADING,FASTENED,10.6,PIT_FLOOR_BENCH_A,NORMAL,90.7,75.3,NONE,TSK-1032
2026-09-20T10:25:30Z,CAT-797F-102,OP-102,14214.44,1905.2,89.4,23.3,310.01,3.8,8,HAULING_LOADED,FASTENED,28.6,HAUL_ROAD_NORTH,NORMAL,91.5,76.6,NONE,TSK-1053
2026-09-20T10:25:30Z,CAT-6060-201,OP-103,5124.64,1871.0,79.8,3.2,486.82,16.5,4,EXCAVATING,FASTENED,17.2,PIT_FLOOR_BENCH_A,SEVERE,97.3,79.3,NONE,TSK-1005
2026-09-20T10:25:30Z,CAT-994K-301,OP-104,9865.24,1669.2,60.6,0.3,237.37,6.8,10,LOADING,FASTENED,6.5,PIT_FLOOR_BENCH_B,NORMAL,91.2,76.7,NONE,TSK-1004
2026-09-20T10:25:30Z,CAT-D11-401,OP-105,16484.38,1849.0,89.7,3.4,314.87,6.8,4,DOZING,FASTENED,11.9,STAGING_BAY_4,MUDDY,97.3,79.2,NONE,TSK-1002
2026-09-20T10:26:15Z,CAT-797F-101,OP-101,8424.95,1650.5,64.5,0.2,283.45,3.8,8,LOADING,FASTENED,9.9,PIT_FLOOR_BENCH_A,NORMAL,90.7,75.4,NONE,TSK-1032
2026-09-20T10:26:15Z,CAT-797F-102,OP-102,14214.45,1722.8,88.1,17.8,311.19,3.8,8,HAULING_LOADED,FASTENED,24.6,HAUL_ROAD_NORTH,NORMAL,91.8,76.8,NONE,TSK-1053
2026-09-20T10:26:15Z,CAT-6060-201,OP-103,5124.65,1847.0,92.0,1.2,488.26,16.5,4,EXCAVATING,FASTENED,15.2,PIT_FLOOR_BENCH_A,SEVERE,97.4,79.4,NONE,TSK-1005
2026-09-20T10:26:15Z,CAT-994K-301,OP-104,9865.25,1548.1,65.0,0.1,237.94,6.8,10,LOADING,FASTENED,8.8,PIT_FLOOR_BENCH_B,NORMAL,91.2,76.7,NONE,TSK-1004
2026-09-20T10:26:15Z,CAT-D11-401,OP-105,16484.39,1865.7,84.0,2.2,315.79,6.8,4,DOZING,FASTENED,15.3,STAGING_BAY_4,MUDDY,97.3,79.3,NONE,TSK-1002
2026-09-20T10:27:00Z,CAT-797F-101,OP-101,8424.96,1702.7,74.1,1.1,284.11,3.8,8,LOADING,FASTENED,10.2,PIT_FLOOR_BENCH_A,NORMAL,90.8,75.5,NONE,TSK-1032
2026-09-20T10:27:00Z,CAT-797F-102,OP-102,14214.46,1910.0,83.2,22.1,312.37,3.8,8,HAULING_LOADED,FASTENED,42.1,HAUL_ROAD_NORTH,NORMAL,91.9,76.9,NONE,TSK-1053
2026-09-20T10:27:00Z,CAT-6060-201,OP-103,5124.66,1917.4,83.3,2.4,489.71,16.5,4,EXCAVATING,FASTENED,8.4,PIT_FLOOR_BENCH_A,SEVERE,97.4,79.4,NONE,TSK-1005
2026-09-20T10:27:00Z,CAT-994K-301,OP-104,9865.26,1651.0,69.6,0.3,238.51,6.8,10,LOADING,FASTENED,8.8,PIT_FLOOR_BENCH_B,NORMAL,91.3,76.7,NONE,TSK-1004
2026-09-20T10:27:00Z,CAT-D11-401,OP-105,16484.4,2031.8,82.3,1.7,316.71,6.8,4,DOZING,FASTENED,18.5,STAGING_BAY_4,MUDDY,97.3,79.2,NONE,TSK-1002
2026-09-20T10:27:45Z,CAT-797F-101,OP-101,8424.98,1607.8,55.1,0.4,284.77,3.8,8,LOADING,FASTENED,6.5,PIT_FLOOR_BENCH_A,NORMAL,90.8,75.4,NONE,TSK-1032
2026-09-20T10:27:45Z,CAT-797F-102,OP-102,14214.48,1763.4,90.4,23.6,313.55,3.8,8,HAULING_LOADED,FASTENED,20.9,HAUL_ROAD_NORTH,NORMAL,92.1,77.1,NONE,TSK-1053
2026-09-20T10:27:45Z,CAT-6060-201,OP-103,5124.67,1893.6,75.8,3.8,491.15,16.5,4,EXCAVATING,FASTENED,11.5,PIT_FLOOR_BENCH_A,SEVERE,97.3,79.3,NONE,TSK-1005
2026-09-20T10:27:45Z,CAT-994K-301,OP-104,9865.28,1697.0,72.3,1.1,239.08,6.8,10,LOADING,FASTENED,11.0,PIT_FLOOR_BENCH_B,NORMAL,91.3,76.7,NONE,TSK-1004
2026-09-20T10:27:45Z,CAT-D11-401,OP-105,16484.41,1897.1,84.0,4.5,317.62,6.8,4,DOZING,FASTENED,18.5,STAGING_BAY_4,MUDDY,97.3,79.3,ENG-TEMP-HIGH-01,TSK-1002
2026-09-20T10:28:30Z,CAT-797F-101,OP-101,8424.99,1458.7,72.9,0.2,285.42,3.8,8,LOADING,FASTENED,9.7,PIT_FLOOR_BENCH_A,NORMAL,90.9,75.6,NONE,TSK-1032
2026-09-20T10:28:30Z,CAT-797F-102,OP-102,14214.49,1732.9,80.4,26.6,314.73,3.8,8,HAULING_LOADED,FASTENED,21.6,HAUL_ROAD_NORTH,NORMAL,92.2,77.2,NONE,TSK-1053
2026-09-20T10:28:30Z,CAT-6060-201,OP-103,5124.69,1768.7,76.9,3.2,492.59,16.5,4,EXCAVATING,FASTENED,21.8,PIT_FLOOR_BENCH_A,SEVERE,97.2,79.3,NONE,TSK-1005
2026-09-20T10:28:30Z,CAT-994K-301,OP-104,9865.29,1721.7,66.7,1.1,239.65,6.8,10,LOADING,FASTENED,8.6,PIT_FLOOR_BENCH_A,NORMAL,91.3,76.7,NONE,TSK-1004
2026-09-20T10:28:30Z,CAT-D11-401,OP-105,16484.43,1871.0,90.9,3.7,318.54,6.8,4,DOZING,FASTENED,8.9,STAGING_BAY_4,MUDDY,97.3,79.3,NONE,TSK-1002
2026-09-20T10:29:15Z,CAT-797F-101,OP-101,8425.0,1743.1,72.9,23.6,286.5,3.8,8,HAULING_LOADED,FASTENED,39.3,HAUL_ROAD_NORTH,NORMAL,91.0,75.7,NONE,TSK-1032
2026-09-20T10:29:15Z,CAT-797F-102,OP-102,14214.5,1858.8,88.8,27.8,315.91,3.8,8,HAULING_LOADED,FASTENED,28.7,HAUL_ROAD_NORTH,NORMAL,92.4,77.3,NONE,TSK-1053
2026-09-20T10:29:15Z,CAT-6060-201,OP-103,5124.7,1785.3,83.9,4.3,494.04,16.5,4,EXCAVATING,FASTENED,9.2,PIT_FLOOR_BENCH_A,SEVERE,97.2,79.3,NONE,TSK-1005
2026-09-20T10:29:15Z,CAT-994K-301,OP-104,9865.3,1725.4,58.7,0.1,240.22,6.8,10,LOADING,FASTENED,7.6,PIT_FLOOR_BENCH_A,NORMAL,91.2,76.7,NONE,TSK-1004
2026-09-20T10:29:15Z,CAT-D11-401,OP-105,16484.44,1756.0,78.2,1.0,319.46,6.8,4,DOZING,FASTENED,16.9,STAGING_BAY_4,MUDDY,97.3,79.3,NONE,TSK-1002
2026-09-20T10:30:00Z,CAT-797F-101,OP-101,8425.01,1935.8,78.2,24.5,287.58,3.8,8,HAULING_LOADED,FASTENED,46.4,HAUL_ROAD_NORTH,NORMAL,91.1,75.8,NONE,TSK-1032
2026-09-20T10:30:00Z,CAT-797F-102,OP-102,14214.51,1886.9,86.8,19.9,317.08,3.8,8,HAULING_LOADED,FASTENED,30.6,HAUL_ROAD_NORTH,NORMAL,92.5,77.5,NONE,TSK-1053
2026-09-20T10:30:00Z,CAT-6060-201,OP-103,5124.71,1833.7,85.7,2.7,495.48,16.5,4,EXCAVATING,FASTENED,19.7,PIT_FLOOR_BENCH_A,SEVERE,97.2,79.3,NONE,TSK-1005
2026-09-20T10:30:00Z,CAT-994K-301,OP-104,9865.31,1743.8,60.2,0.5,240.78,6.8,10,LOADING,FASTENED,6.5,PIT_FLOOR_BENCH_A,NORMAL,91.2,76.6,NONE,TSK-1004
2026-09-20T10:30:00Z,CAT-D11-401,OP-105,16484.45,1859.1,89.7,3.1,320.38,6.8,4,DOZING,FASTENED,19.6,STAGING_BAY_4,MUDDY,97.3,79.3,NONE,TSK-1002
2026-09-20T10:30:45Z,CAT-797F-101,OP-101,8425.03,1937.4,83.7,17.9,288.66,3.8,8,HAULING_LOADED,FASTENED,35.9,HAUL_ROAD_NORTH,NORMAL,91.3,76.0,NONE,TSK-1032
2026-09-20T10:30:45Z,CAT-797F-102,OP-102,14214.53,1808.5,84.9,24.5,318.26,3.8,8,HAULING_LOADED,FASTENED,28.1,HAUL_ROAD_NORTH,NORMAL,92.7,77.6,NONE,TSK-1053
2026-09-20T10:30:45Z,CAT-6060-201,OP-103,5124.72,2040.5,85.5,4.0,496.93,16.5,4,EXCAVATING,FASTENED,11.8,PIT_FLOOR_BENCH_A,SEVERE,97.2,79.3,NONE,TSK-1005
2026-09-20T10:30:45Z,CAT-994K-301,OP-104,9865.33,1515.5,60.2,1.1,241.35,6.8,10,LOADING,FASTENED,8.6,PIT_FLOOR_BENCH_A,NORMAL,91.1,76.6,NONE,TSK-1004
2026-09-20T10:30:45Z,CAT-D11-401,OP-105,16484.46,1892.6,83.9,2.3,321.3,6.8,4,DOZING,FASTENED,15.9,STAGING_BAY_4,MUDDY,97.3,79.3,NONE,TSK-1002
2026-09-20T10:31:30Z,CAT-797F-101,OP-101,8425.04,1780.6,74.1,20.5,289.73,3.8,8,HAULING_LOADED,FASTENED,45.2,HAUL_ROAD_NORTH,NORMAL,91.4,76.1,NONE,TSK-1032
2026-09-20T10:31:30Z,CAT-797F-102,OP-102,14214.54,1193.7,42.4,0.8,318.83,3.8,8,DUMPING,FASTENED,13.3,OVERBURDEN_DUMP_WEST,NORMAL,92.3,77.3,NONE,TSK-1053
2026-09-20T10:31:30Z,CAT-6060-201,OP-103,5124.74,1890.1,78.5,1.1,498.37,16.5,4,EXCAVATING,FASTENED,19.3,PIT_FLOOR_BENCH_A,SEVERE,97.2,79.3,NONE,TSK-1005
2026-09-20T10:31:30Z,CAT-994K-301,OP-104,9865.34,1580.5,63.0,1.0,241.92,6.8,10,LOADING,FASTENED,7.3,PIT_FLOOR_BENCH_A,NORMAL,91.1,76.5,NONE,TSK-1004
2026-09-20T10:31:30Z,CAT-D11-401,OP-105,16484.48,1851.4,87.9,2.2,322.22,6.8,4,DOZING,FASTENED,21.6,STAGING_BAY_4,MUDDY,97.4,79.4,NONE,TSK-1002
2026-09-20T10:32:15Z,CAT-797F-101,OP-101,8425.05,1925.2,82.1,21.3,290.81,3.8,8,HAULING_LOADED,FASTENED,41.7,HAUL_ROAD_NORTH,NORMAL,91.6,76.2,NONE,TSK-1032
2026-09-20T10:32:15Z,CAT-797F-102,OP-102,14214.55,1212.2,32.5,1.9,319.39,3.8,8,DUMPING,FASTENED,13.4,OVERBURDEN_DUMP_WEST,NORMAL,91.8,77.0,NONE,TSK-1053
2026-09-20T10:32:15Z,CAT-6060-201,OP-103,5124.75,2039.6,92.9,1.8,499.81,16.5,4,EXCAVATING,FASTENED,21.6,PIT_FLOOR_BENCH_A,SEVERE,97.3,79.4,NONE,TSK-1005
2026-09-20T10:32:15Z,CAT-994K-301,OP-104,9865.35,1549.9,74.2,1.2,242.49,6.8,10,LOADING,FASTENED,7.5,PIT_FLOOR_BENCH_A,NORMAL,91.2,76.6,NONE,TSK-1004
2026-09-20T10:32:15Z,CAT-D11-401,OP-105,16484.49,1990.4,83.7,1.7,323.14,6.8,4,DOZING,FASTENED,8.0,STAGING_BAY_4,MUDDY,97.3,79.4,NONE,TSK-1002
2026-09-20T10:33:00Z,CAT-797F-101,OP-101,8425.06,1775.3,73.6,19.0,291.89,3.8,8,HAULING_LOADED,FASTENED,25.7,HAUL_ROAD_NORTH,NORMAL,91.6,76.3,NONE,TSK-1032
2026-09-20T10:33:00Z,CAT-797F-102,OP-102,14214.56,1168.5,43.0,2.8,319.95,3.8,8,DUMPING,FASTENED,9.3,OVERBURDEN_DUMP_WEST,NORMAL,91.5,76.8,NONE,TSK-1053
2026-09-20T10:33:00Z,CAT-6060-201,OP-103,5124.76,1853.4,83.9,3.7,501.26,16.5,4,EXCAVATING,FASTENED,17.8,PIT_FLOOR_BENCH_A,SEVERE,97.3,79.4,NONE,TSK-1005
2026-09-20T10:33:00Z,CAT-994K-301,OP-104,9865.36,1796.9,78.4,27.7,243.42,6.8,10,HAULING_LOADED,FASTENED,31.2,HAUL_ROAD_NORTH,NORMAL,91.3,76.7,NONE,TSK-1004
2026-09-20T10:33:00Z,CAT-D11-401,OP-105,16484.5,1835.0,87.8,4.5,324.06,6.8,4,DOZING,FASTENED,16.4,STAGING_BAY_4,MUDDY,97.4,79.4,NONE,TSK-1002
2026-09-20T10:33:45Z,CAT-797F-101,OP-101,8425.08,1867.5,91.4,16.3,292.97,3.8,8,HAULING_LOADED,FASTENED,44.8,HAUL_ROAD_NORTH,NORMAL,91.9,76.5,NONE,TSK-1032
2026-09-20T10:33:45Z,CAT-797F-102,OP-102,14214.58,1165.8,37.8,1.9,320.52,3.8,8,DUMPING,FASTENED,6.5,OVERBURDEN_DUMP_WEST,NORMAL,91.2,76.6,NONE,TSK-1053
2026-09-20T10:33:45Z,CAT-6060-201,OP-103,5124.77,1900.0,75.8,2.2,502.7,16.5,4,EXCAVATING,FASTENED,9.3,PIT_FLOOR_BENCH_A,SEVERE,97.2,79.3,NONE,TSK-1005
2026-09-20T10:33:45Z,CAT-994K-301,OP-104,9865.38,1737.7,78.2,24.4,244.36,6.8,10,HAULING_LOADED,FASTENED,33.5,HAUL_ROAD_NORTH,NORMAL,91.5,76.8,NONE,TSK-1004
2026-09-20T10:33:45Z,CAT-D11-401,OP-105,16484.51,2036.5,78.4,2.6,324.97,6.8,4,DOZING,FASTENED,15.2,STAGING_BAY_4,MUDDY,97.3,79.4,NONE,TSK-1002
2026-09-20T10:34:30Z,CAT-797F-101,OP-101,8425.09,1786.6,86.7,24.2,294.05,3.8,8,HAULING_LOADED,FASTENED,31.3,HAUL_ROAD_NORTH,NORMAL,92.1,76.7,NONE,TSK-1032
2026-09-20T10:34:30Z,CAT-797F-102,OP-102,14214.59,1662.2,55.7,24.2,321.29,3.8,9,HAULING_EMPTY,FASTENED,43.6,RAMP_ACCESS_EAST,NORMAL,91.1,76.5,NONE,TSK-1053
2026-09-20T10:34:30Z,CAT-6060-201,OP-103,5124.79,1876.7,76.0,2.7,504.14,16.5,4,EXCAVATING,FASTENED,18.4,PIT_FLOOR_BENCH_A,SEVERE,97.1,79.3,NONE,TSK-1005
2026-09-20T10:34:30Z,CAT-994K-301,OP-104,9865.39,1927.1,82.0,25.8,245.29,6.8,10,HAULING_LOADED,FASTENED,39.9,HAUL_ROAD_NORTH,NORMAL,91.6,76.9,NONE,TSK-1004
2026-09-20T10:34:30Z,CAT-D11-401,OP-105,16484.53,2041.5,77.1,1.7,325.89,6.8,4,DOZING,FASTENED,13.9,STAGING_BAY_4,MUDDY,97.2,79.3,NONE,TSK-1002
2026-09-20T10:35:15Z,CAT-797F-101,OP-101,8425.1,1720.0,72.1,27.9,295.12,3.8,8,HAULING_LOADED,FASTENED,39.8,HAUL_ROAD_NORTH,NORMAL,92.1,76.7,NONE,TSK-1032
2026-09-20T10:35:15Z,CAT-797F-102,OP-102,14214.6,1664.8,54.3,39.3,322.06,3.8,9,HAULING_EMPTY,FASTENED,36.4,RAMP_ACCESS_EAST,SEVERE,91.2,76.4,NONE,TSK-1054
2026-09-20T10:35:15Z,CAT-6060-201,OP-103,5124.8,1762.0,91.5,2.8,505.59,16.5,4,EXCAVATING,FASTENED,8.7,PIT_FLOOR_BENCH_A,SEVERE,97.2,79.3,NONE,TSK-1005
2026-09-20T10:35:15Z,CAT-994K-301,OP-104,9865.4,1806.4,85.5,25.6,246.23,6.8,10,HAULING_LOADED,FASTENED,20.7,HAUL_ROAD_NORTH,NORMAL,91.8,77.0,NONE,TSK-1004
2026-09-20T10:35:15Z,CAT-D11-401,OP-105,16484.54,1838.0,82.9,2.8,326.81,6.8,4,DOZING,FASTENED,12.2,STAGING_BAY_4,MUDDY,97.2,79.3,NONE,TSK-1002
2026-09-20T10:36:00Z,CAT-797F-101,OP-101,8425.11,1883.0,82.6,21.0,296.2,3.8,8,HAULING_LOADED,FASTENED,24.9,HAUL_ROAD_NORTH,NORMAL,92.2,76.9,NONE,TSK-1032
2026-09-20T10:36:00Z,CAT-797F-102,OP-102,14214.61,1540.3,44.9,32.6,322.82,3.8,9,HAULING_EMPTY,FASTENED,51.5,RAMP_ACCESS_EAST,SEVERE,91.3,76.2,NONE,TSK-1054
2026-09-20T10:36:00Z,CAT-6060-201,OP-103,5124.81,1887.4,86.7,4.7,507.03,16.5,4,EXCAVATING,FASTENED,20.7,PIT_FLOOR_BENCH_A,SEVERE,97.2,79.3,NONE,TSK-1005
2026-09-20T10:36:00Z,CAT-994K-301,OP-104,9865.41,1842.3,72.8,20.1,247.16,6.8,10,HAULING_LOADED,FASTENED,21.1,HAUL_ROAD_NORTH,NORMAL,91.8,77.1,NONE,TSK-1004
2026-09-20T10:36:00Z,CAT-D11-401,OP-105,16484.55,1967.1,90.4,1.4,327.73,6.8,4,DOZING,FASTENED,15.2,STAGING_BAY_4,MUDDY,97.3,79.4,NONE,TSK-1002
2026-09-20T10:36:45Z,CAT-797F-101,OP-101,8425.13,1859.2,78.0,21.0,297.28,3.8,8,HAULING_LOADED,FASTENED,25.2,HAUL_ROAD_NORTH,NORMAL,92.3,76.9,NONE,TSK-1032
2026-09-20T10:36:45Z,CAT-797F-102,OP-102,14214.63,1730.9,56.9,25.4,323.59,3.8,9,HAULING_EMPTY,FASTENED,52.1,RAMP_ACCESS_EAST,SEVERE,91.4,76.2,NONE,TSK-1054
2026-09-20T10:36:45Z,CAT-6060-201,OP-103,5124.82,1988.1,85.8,5.0,508.48,16.5,4,EXCAVATING,FASTENED,16.6,PIT_FLOOR_BENCH_A,SEVERE,97.3,79.4,NONE,TSK-1005
2026-09-20T10:36:45Z,CAT-994K-301,OP-104,9865.43,1873.6,73.0,23.2,248.1,6.8,10,HAULING_LOADED,FASTENED,26.0,HAUL_ROAD_NORTH,NORMAL,91.9,77.1,NONE,TSK-1004
2026-09-20T10:36:45Z,CAT-D11-401,OP-105,16484.56,1833.1,87.8,3.4,328.65,6.8,4,DOZING,FASTENED,20.7,STAGING_BAY_4,MUDDY,97.3,79.4,NONE,TSK-1002
2026-09-20T10:37:30Z,CAT-797F-101,OP-101,8425.14,1801.8,72.4,21.2,298.36,3.8,8,HAULING_LOADED,FASTENED,23.6,HAUL_ROAD_NORTH,NORMAL,92.2,77.0,NONE,TSK-1032
2026-09-20T10:37:30Z,CAT-797F-102,OP-102,14214.64,1691.7,61.5,29.6,324.36,3.8,9,HAULING_EMPTY,FASTENED,29.3,RAMP_ACCESS_EAST,SEVERE,91.7,76.2,NONE,TSK-1054
2026-09-20T10:37:30Z,CAT-6060-201,OP-103,5124.84,1847.4,76.2,2.2,509.92,16.5,4,EXCAVATING,FASTENED,18.0,PIT_FLOOR_BENCH_A,SEVERE,97.2,79.3,NONE,TSK-1005
2026-09-20T10:37:30Z,CAT-994K-301,OP-104,9865.44,1858.7,78.6,20.9,249.03,6.8,10,HAULING_LOADED,FASTENED,46.0,HAUL_ROAD_NORTH,NORMAL,92.0,77.2,NONE,TSK-1004
2026-09-20T10:37:30Z,CAT-D11-401,OP-105,16484.58,1852.2,81.6,2.8,329.57,6.8,4,DOZING,FASTENED,14.5,STAGING_BAY_4,MUDDY,97.3,79.4,NONE,TSK-1002
2026-09-20T10:38:15Z,CAT-797F-101,OP-101,8425.15,1874.4,85.5,19.2,299.44,3.8,8,HAULING_LOADED,FASTENED,20.9,HAUL_ROAD_NORTH,NORMAL,92.4,77.1,NONE,TSK-1032
2026-09-20T10:38:15Z,CAT-797F-102,OP-102,14214.65,1809.7,54.6,33.8,325.13,3.8,9,HAULING_EMPTY,FASTENED,33.4,RAMP_ACCESS_EAST,SEVERE,91.8,76.1,NONE,TSK-1054
2026-09-20T10:38:15Z,CAT-6060-201,OP-103,5124.85,2045.5,82.0,2.2,511.36,16.5,4,EXCAVATING,FASTENED,12.4,PIT_FLOOR_BENCH_A,SEVERE,97.2,79.3,ENG-TEMP-HIGH-01,TSK-1005
2026-09-20T10:38:15Z,CAT-994K-301,OP-104,9865.45,1856.2,75.3,20.4,249.97,6.8,10,HAULING_LOADED,FASTENED,32.1,HAUL_ROAD_NORTH,NORMAL,92.0,77.2,NONE,TSK-1004
2026-09-20T10:38:15Z,CAT-D11-401,OP-105,16484.59,1757.0,93.5,3.2,330.49,6.8,4,DOZING,FASTENED,14.9,STAGING_BAY_4,MUDDY,97.4,79.5,NONE,TSK-1002
2026-09-20T10:39:00Z,CAT-797F-101,OP-101,8425.16,1732.9,84.1,26.6,300.52,3.8,8,HAULING_LOADED,FASTENED,22.7,HAUL_ROAD_NORTH,NORMAL,92.5,77.2,NONE,TSK-1032
2026-09-20T10:39:00Z,CAT-797F-102,OP-102,14214.66,1817.5,53.4,27.1,325.9,3.8,9,HAULING_EMPTY,FASTENED,27.3,RAMP_ACCESS_EAST,SEVERE,91.9,76.0,NONE,TSK-1054
2026-09-20T10:39:00Z,CAT-6060-201,OP-103,5124.86,1970.3,82.6,2.6,512.81,16.5,4,EXCAVATING,FASTENED,18.5,PIT_FLOOR_BENCH_A,SEVERE,97.2,79.3,NONE,TSK-1005
2026-09-20T10:39:00Z,CAT-994K-301,OP-104,9865.46,1779.9,79.3,17.3,250.9,6.8,10,HAULING_LOADED,FASTENED,44.8,HAUL_ROAD_NORTH,NORMAL,92.1,77.3,NONE,TSK-1004
2026-09-20T10:39:00Z,CAT-D11-401,OP-105,16484.6,1978.5,81.0,3.1,331.41,6.8,4,DOZING,FASTENED,13.5,STAGING_BAY_4,MUDDY,97.4,79.4,NONE,TSK-1002
2026-09-20T10:39:45Z,CAT-797F-101,OP-101,8425.18,1180.2,46.8,0.9,301.03,3.8,8,DUMPING,FASTENED,13.1,OVERBURDEN_DUMP_WEST,NORMAL,92.2,77.0,NONE,TSK-1032
2026-09-20T10:39:45Z,CAT-797F-102,OP-102,14214.68,1501.1,58.6,37.4,326.67,3.8,9,HAULING_EMPTY,FASTENED,43.7,RAMP_ACCESS_EAST,SEVERE,92.0,76.0,NONE,TSK-1054
2026-09-20T10:39:45Z,CAT-6060-201,OP-103,5124.87,1779.5,86.0,2.7,514.25,16.5,4,EXCAVATING,FASTENED,13.9,PIT_FLOOR_BENCH_A,SEVERE,97.2,79.3,ENG-TEMP-HIGH-01,TSK-1005
2026-09-20T10:39:45Z,CAT-994K-301,OP-104,9865.48,1756.0,84.2,22.3,251.83,6.8,10,HAULING_LOADED,FASTENED,22.3,HAUL_ROAD_NORTH,NORMAL,92.2,77.4,NONE,TSK-1004
2026-09-20T10:39:45Z,CAT-D11-401,OP-105,16484.61,1872.6,75.4,3.4,332.32,6.8,4,DOZING,FASTENED,10.3,STAGING_BAY_4,MUDDY,97.3,79.4,NONE,TSK-1002
2026-09-20T10:40:30Z,CAT-797F-101,OP-101,8425.19,1366.5,32.4,2.1,301.55,3.8,8,DUMPING,FASTENED,12.4,OVERBURDEN_DUMP_WEST,NORMAL,91.7,76.7,NONE,TSK-1032
2026-09-20T10:40:30Z,CAT-797F-102,OP-102,14214.69,1663.6,45.9,40.0,327.44,3.8,9,HAULING_EMPTY,FASTENED,37.1,RAMP_ACCESS_EAST,SEVERE,92.0,75.9,NONE,TSK-1054
2026-09-20T10:40:30Z,CAT-6060-201,OP-103,5124.89,1821.8,84.0,3.9,515.69,16.5,4,EXCAVATING,FASTENED,10.8,PIT_FLOOR_BENCH_A,SEVERE,97.2,79.3,NONE,TSK-1005
2026-09-20T10:40:30Z,CAT-994K-301,OP-104,9865.49,1707.7,83.6,21.7,252.77,6.8,10,HAULING_LOADED,FASTENED,39.1,HAUL_ROAD_NORTH,NORMAL,92.4,77.5,NONE,TSK-1004
2026-09-20T10:40:30Z,CAT-D11-401,OP-105,16484.63,1822.6,78.4,2.8,333.24,6.8,4,DOZING,FASTENED,17.0,STAGING_BAY_4,MUDDY,97.2,79.3,NONE,TSK-1002
2026-09-20T10:41:15Z,CAT-797F-101,OP-101,8425.2,1344.2,46.5,1.2,302.06,3.8,8,DUMPING,FASTENED,11.9,OVERBURDEN_DUMP_WEST,NORMAL,91.5,76.6,NONE,TSK-1032
2026-09-20T10:41:15Z,CAT-797F-102,OP-102,14214.7,1739.6,55.6,31.1,328.21,3.8,9,HAULING_EMPTY,FASTENED,39.2,RAMP_ACCESS_EAST,SEVERE,92.1,75.8,NONE,TSK-1054
2026-09-20T10:41:15Z,CAT-6060-201,OP-103,5124.9,1865.6,89.9,4.8,517.14,16.5,4,EXCAVATING,FASTENED,20.4,PIT_FLOOR_BENCH_A,SEVERE,97.3,79.4,NONE,TSK-1005
2026-09-20T10:41:15Z,CAT-994K-301,OP-104,9865.5,1851.7,91.8,24.9,253.7,6.8,10,HAULING_LOADED,FASTENED,32.3,HAUL_ROAD_NORTH,NORMAL,92.6,77.7,NONE,TSK-1004
2026-09-20T10:41:15Z,CAT-D11-401,OP-105,16484.64,1767.9,90.4,4.3,334.16,6.8,4,DOZING,FASTENED,18.2,STAGING_BAY_4,MUDDY,97.3,79.4,NONE,TSK-1002
2026-09-20T10:42:00Z,CAT-797F-101,OP-101,8425.21,1359.7,42.1,1.7,302.58,3.8,8,DUMPING,FASTENED,12.4,OVERBURDEN_DUMP_WEST,NORMAL,91.2,76.4,NONE,TSK-1032
2026-09-20T10:42:00Z,CAT-797F-102,OP-102,14214.71,1312.2,41.3,2.6,328.77,3.8,9,SPOTTING,FASTENED,11.9,CRUSHER_FEED_1,SEVERE,92.0,75.6,NONE,TSK-1054
2026-09-20T10:42:00Z,CAT-6060-201,OP-103,5124.91,1947.0,77.7,2.0,518.58,16.5,4,EXCAVATING,FASTENED,14.8,PIT_FLOOR_BENCH_A,SEVERE,97.2,79.3,NONE,TSK-1005
2026-09-20T10:42:00Z,CAT-994K-301,OP-104,9865.51,1873.4,81.2,24.9,254.64,6.8,10,HAULING_LOADED,FASTENED,41.1,HAUL_ROAD_NORTH,NORMAL,92.6,77.7,NONE,TSK-1004
2026-09-20T10:42:00Z,CAT-D11-401,OP-105,16484.65,1852.7,88.1,2.3,335.08,6.8,4,DOZING,FASTENED,14.3,STAGING_BAY_4,MUDDY,97.3,79.4,NONE,TSK-1002
2026-09-20T10:42:45Z,CAT-797F-101,OP-101,8425.23,688.9,11.7,0.0,302.77,4.5,8,IDLE,FASTENED,17.1,STAGING_BAY_4,NORMAL,90.6,76.0,NONE,TSK-1032
2026-09-20T10:42:45Z,CAT-797F-102,OP-102,14214.73,1201.6,36.7,3.1,329.33,3.8,9,SPOTTING,FASTENED,7.7,CRUSHER_FEED_1,SEVERE,91.9,75.5,NONE,TSK-1054
2026-09-20T10:42:45Z,CAT-6060-201,OP-103,5124.92,1796.3,90.3,1.5,520.03,16.5,4,EXCAVATING,FASTENED,16.5,PIT_FLOOR_BENCH_B,SEVERE,97.3,79.4,NONE,TSK-1005
2026-09-20T10:42:45Z,CAT-994K-301,OP-104,9865.53,1494.5,55.2,0.4,255.21,6.8,11,LOADING,FASTENED,8.5,PIT_FLOOR_BENCH_B,NORMAL,92.4,77.6,NONE,TSK-1004
2026-09-20T10:42:45Z,CAT-D11-401,OP-105,16484.66,1905.0,84.1,4.6,336.0,6.8,4,DOZING,FASTENED,21.6,STAGING_BAY_4,MUDDY,97.3,79.4,NONE,TSK-1002
2026-09-20T10:43:30Z,CAT-797F-101,OP-101,8425.24,710.1,13.1,0.0,302.95,5.2,8,IDLE,FASTENED,19.3,STAGING_BAY_4,NORMAL,90.0,75.6,NONE,TSK-1032
2026-09-20T10:43:30Z,CAT-797F-102,OP-102,14214.74,1281.5,45.9,1.8,329.9,3.8,9,SPOTTING,FASTENED,10.1,CRUSHER_FEED_1,SEVERE,91.9,75.4,NONE,TSK-1054
2026-09-20T10:43:30Z,CAT-6060-201,OP-103,5124.94,1950.6,76.2,1.9,521.47,16.5,4,EXCAVATING,FASTENED,10.9,PIT_FLOOR_BENCH_B,SEVERE,97.2,79.3,NONE,TSK-1005
2026-09-20T10:43:30Z,CAT-994K-301,OP-104,9865.54,1668.6,57.4,0.2,255.77,6.8,11,LOADING,FASTENED,8.5,PIT_FLOOR_BENCH_B,NORMAL,92.2,77.5,NONE,TSK-1004
2026-09-20T10:43:30Z,CAT-D11-401,OP-105,16484.68,1941.6,75.2,4.0,336.92,6.8,4,DOZING,FASTENED,19.5,STAGING_BAY_4,MUDDY,97.2,79.4,NONE,TSK-1002
2026-09-20T10:44:15Z,CAT-797F-101,OP-101,8425.25,724.5,12.2,0.0,303.14,6.0,8,IDLE,FASTENED,14.5,STAGING_BAY_4,NORMAL,89.5,75.2,NONE,TSK-1032
2026-09-20T10:44:15Z,CAT-797F-102,OP-102,14214.75,1531.4,74.2,1.0,330.61,3.8,9,LOADING,FASTENED,8.7,PIT_FLOOR_BENCH_A,SEVERE,92.3,75.5,NONE,TSK-1054
2026-09-20T10:44:15Z,CAT-6060-201,OP-103,5124.95,1989.4,83.5,3.1,522.91,16.5,4,EXCAVATING,FASTENED,11.4,PIT_FLOOR_BENCH_B,SEVERE,97.2,79.3,NONE,TSK-1005
2026-09-20T10:44:15Z,CAT-994K-301,OP-104,9865.55,1730.9,72.2,0.3,256.34,6.8,11,LOADING,FASTENED,9.6,PIT_FLOOR_BENCH_B,NORMAL,92.2,77.5,NONE,TSK-1004
2026-09-20T10:44:15Z,CAT-D11-401,OP-105,16484.69,2043.8,80.0,2.1,337.84,6.8,4,DOZING,FASTENED,18.4,STAGING_BAY_4,MUDDY,97.2,79.3,NONE,TSK-1002
2026-09-20T10:45:00Z,CAT-797F-101,OP-101,8425.26,734.4,10.8,0.0,303.33,6.8,8,IDLE,FASTENED,18.2,STAGING_BAY_4,NORMAL,89.1,74.8,NONE,TSK-1032
2026-09-20T10:45:00Z,CAT-797F-102,OP-102,14214.76,1523.2,70.2,0.6,331.33,3.8,9,LOADING,FASTENED,6.5,PIT_FLOOR_BENCH_A,SEVERE,92.5,75.6,NONE,TSK-1054
2026-09-20T10:45:00Z,CAT-6060-201,OP-103,5124.96,1765.3,90.0,1.3,524.36,16.5,4,EXCAVATING,FASTENED,14.7,PIT_FLOOR_BENCH_B,SEVERE,97.3,79.4,NONE,TSK-1005
2026-09-20T10:45:00Z,CAT-994K-301,OP-104,9865.56,1480.0,66.8,0.7,256.91,6.8,11,LOADING,FASTENED,7.5,PIT_FLOOR_BENCH_B,NORMAL,92.1,77.4,NONE,TSK-1004
2026-09-20T10:45:00Z,CAT-D11-401,OP-105,16484.7,1966.0,83.4,3.6,338.76,6.8,4,DOZING,FASTENED,16.2,STAGING_BAY_4,MUDDY,97.2,79.3,NONE,TSK-1002
2026-09-20T10:45:45Z,CAT-797F-101,OP-101,8425.28,1741.5,54.0,32.6,304.03,6.8,8,HAULING_EMPTY,FASTENED,27.8,HAUL_ROAD_SOUTH,NORMAL,89.1,74.8,NONE,TSK-1032
2026-09-20T10:45:45Z,CAT-797F-102,OP-102,14214.78,1604.3,74.0,0.4,332.05,3.8,9,LOADING,FASTENED,10.3,PIT_FLOOR_BENCH_A,SEVERE,92.8,75.7,NONE,TSK-1054
2026-09-20T10:45:45Z,CAT-6060-201,OP-103,5124.97,1832.6,85.7,2.2,525.8,16.5,4,EXCAVATING,FASTENED,14.2,PIT_FLOOR_BENCH_B,SEVERE,97.3,79.4,NONE,TSK-1005
2026-09-20T10:45:45Z,CAT-994K-301,OP-104,9865.58,1596.3,61.4,1.2,257.48,6.8,11,LOADING,FASTENED,8.4,PIT_FLOOR_BENCH_B,NORMAL,92.0,77.3,NONE,TSK-1004
2026-09-20T10:45:45Z,CAT-D11-401,OP-105,16484.71,1769.7,83.2,2.2,339.67,6.8,4,DOZING,FASTENED,21.0,STAGING_BAY_4,MUDDY,97.2,79.3,NONE,TSK-1002
2026-09-20T10:46:30Z,CAT-797F-101,OP-101,8425.29,1672.3,45.7,37.6,304.73,6.8,8,HAULING_EMPTY,FASTENED,47.2,HAUL_ROAD_SOUTH,NORMAL,89.0,74.7,NONE,TSK-1032
2026-09-20T10:46:30Z,CAT-797F-102,OP-102,14214.79,1600.5,61.4,0.6,332.77,3.8,9,LOADING,FASTENED,6.5,PIT_FLOOR_BENCH_A,SEVERE,92.9,75.7,NONE,TSK-1054
2026-09-20T10:46:30Z,CAT-6060-201,OP-103,5124.99,1932.9,85.8,1.6,527.24,16.5,4,EXCAVATING,FASTENED,10.2,PIT_FLOOR_BENCH_B,SEVERE,97.3,79.4,NONE,TSK-1005
2026-09-20T10:46:30Z,CAT-994K-301,OP-104,9865.59,1939.2,91.6,24.2,258.42,6.8,11,HAULING_LOADED,FASTENED,42.1,HAUL_ROAD_SOUTH,NORMAL,92.2,77.5,NONE,TSK-1004
2026-09-20T10:46:30Z,CAT-D11-401,OP-105,16484.73,1830.8,92.7,2.9,340.59,6.8,4,DOZING,FASTENED,20.0,STAGING_BAY_4,MUDDY,97.3,79.4,NONE,TSK-1002
2026-09-20T10:47:15Z,CAT-797F-101,OP-101,8425.3,1606.8,49.1,37.0,305.44,6.8,8,HAULING_EMPTY,FASTENED,36.8,HAUL_ROAD_SOUTH,NORMAL,89.0,74.7,NONE,TSK-1032
2026-09-20T10:47:15Z,CAT-797F-102,OP-102,14214.8,1568.1,63.3,0.9,333.48,3.8,9,LOADING,FASTENED,8.0,PIT_FLOOR_BENCH_A,SEVERE,93.0,75.7,NONE,TSK-1054
2026-09-20T10:47:15Z,CAT-6060-201,OP-103,5125.0,1856.1,90.3,4.9,528.69,16.5,4,EXCAVATING,FASTENED,18.7,PIT_FLOOR_BENCH_B,SEVERE,97.4,79.5,NONE,TSK-1005
2026-09-20T10:47:15Z,CAT-994K-301,OP-104,9865.6,1752.2,86.3,19.7,259.35,6.8,11,HAULING_LOADED,FASTENED,30.5,HAUL_ROAD_SOUTH,NORMAL,92.4,77.6,NONE,TSK-1004
2026-09-20T10:47:15Z,CAT-D11-401,OP-105,16484.74,1987.3,81.2,3.2,341.51,6.8,4,DOZING,FASTENED,10.8,STAGING_BAY_4,MUDDY,97.2,79.4,NONE,TSK-1002
2026-09-20T10:48:00Z,CAT-797F-101,OP-101,8425.31,1774.0,44.1,28.3,306.14,6.8,8,HAULING_EMPTY,FASTENED,32.7,HAUL_ROAD_SOUTH,NORMAL,89.0,74.6,NONE,TSK-1032
2026-09-20T10:48:00Z,CAT-797F-102,OP-102,14214.81,1666.4,64.4,1.2,334.2,3.8,9,LOADING,FASTENED,6.2,PIT_FLOOR_BENCH_A,SEVERE,93.1,75.7,NONE,TSK-1054
2026-09-20T10:48:00Z,CAT-6060-201,OP-103,5125.01,1956.3,92.3,2.9,530.13,16.5,4,EXCAVATING,FASTENED,11.9,PIT_FLOOR_BENCH_B,SEVERE,97.4,79.5,NONE,TSK-1005
2026-09-20T10:48:00Z,CAT-994K-301,OP-104,9865.61,1725.4,84.8,19.5,260.28,6.8,11,HAULING_LOADED,FASTENED,30.3,HAUL_ROAD_SOUTH,NORMAL,92.5,77.7,NONE,TSK-1004
2026-09-20T10:48:00Z,CAT-D11-401,OP-105,16484.75,1783.3,77.6,4.0,342.43,6.8,4,DOZING,FASTENED,12.5,STAGING_BAY_4,MUDDY,97.2,79.3,NONE,TSK-1002
2026-09-20T10:48:45Z,CAT-797F-101,OP-101,8425.33,1548.6,45.0,29.2,306.84,6.8,8,HAULING_EMPTY,FASTENED,28.6,HAUL_ROAD_SOUTH,NORMAL,88.9,74.5,NONE,TSK-1032
2026-09-20T10:48:45Z,CAT-797F-102,OP-102,14214.83,1843.2,87.3,19.3,335.38,3.8,9,HAULING_LOADED,FASTENED,34.9,HAUL_ROAD_SOUTH,SEVERE,93.5,76.0,NONE,TSK-1054
2026-09-20T10:48:45Z,CAT-6060-201,OP-103,5125.02,1756.6,89.7,1.3,531.58,16.5,4,EXCAVATING,FASTENED,19.0,PIT_FLOOR_BENCH_B,SEVERE,97.5,79.6,NONE,TSK-1005
2026-09-20T10:48:45Z,CAT-994K-301,OP-104,9865.63,1913.4,90.1,21.6,261.22,6.8,11,HAULING_LOADED,FASTENED,44.8,HAUL_ROAD_SOUTH,NORMAL,92.7,77.9,NONE,TSK-1004
2026-09-20T10:48:45Z,CAT-D11-401,OP-105,16484.76,1890.5,83.8,2.3,343.35,6.8,4,DOZING,FASTENED,17.5,STAGING_BAY_4,MUDDY,97.2,79.3,NONE,TSK-1002
2026-09-20T10:49:30Z,CAT-797F-101,OP-101,8425.34,1739.2,42.5,26.1,307.55,6.8,8,HAULING_EMPTY,FASTENED,35.6,HAUL_ROAD_SOUTH,NORMAL,88.8,74.4,NONE,TSK-1032
2026-09-20T10:49:30Z,CAT-797F-102,OP-102,14214.84,1821.6,73.0,22.6,336.56,3.8,9,HAULING_LOADED,FASTENED,45.6,HAUL_ROAD_SOUTH,SEVERE,93.7,76.0,NONE,TSK-1054
2026-09-20T10:49:30Z,CAT-6060-201,OP-103,5125.04,1754.9,83.3,1.1,533.02,16.5,4,EXCAVATING,FASTENED,15.1,PIT_FLOOR_BENCH_B,SEVERE,97.5,79.6,NONE,TSK-1005
2026-09-20T10:49:30Z,CAT-994K-301,OP-104,9865.64,1823.0,83.5,23.9,262.15,6.8,11,HAULING_LOADED,FASTENED,40.6,HAUL_ROAD_SOUTH,NORMAL,92.7,77.9,NONE,TSK-1004
2026-09-20T10:49:30Z,CAT-D11-401,OP-105,16484.78,2042.3,89.8,3.1,344.27,6.8,4,DOZING,FASTENED,19.2,STAGING_BAY_4,MUDDY,97.2,79.4,NONE,TSK-1002
2026-09-20T10:50:15Z,CAT-797F-101,OP-101,8425.35,1795.2,54.2,41.4,308.25,6.8,8,HAULING_EMPTY,FASTENED,46.8,HAUL_ROAD_SOUTH,NORMAL,88.9,74.5,NONE,TSK-1032
2026-09-20T10:50:15Z,CAT-797F-102,OP-102,14214.85,1807.7,77.5,21.6,337.74,3.8,9,HAULING_LOADED,FASTENED,44.7,HAUL_ROAD_SOUTH,SEVERE,93.9,76.2,NONE,TSK-1054
2026-09-20T10:50:15Z,CAT-6060-201,OP-103,5125.05,1945.1,76.4,3.6,534.46,16.5,4,EXCAVATING,FASTENED,12.8,PIT_FLOOR_BENCH_B,SEVERE,97.4,79.5,NONE,TSK-1005
2026-09-20T10:50:15Z,CAT-994K-301,OP-104,9865.65,1905.1,80.6,16.3,263.09,6.8,11,HAULING_LOADED,FASTENED,36.1,HAUL_ROAD_SOUTH,NORMAL,92.8,78.0,NONE,TSK-1004
2026-09-20T10:50:15Z,CAT-D11-401,OP-105,16484.79,1998.5,75.4,1.9,345.19,6.8,4,DOZING,FASTENED,14.0,STAGING_BAY_4,MUDDY,97.2,79.3,NONE,TSK-1002
2026-09-20T10:51:00Z,CAT-797F-101,OP-101,8425.36,1715.9,48.5,32.0,308.95,6.8,8,HAULING_EMPTY,FASTENED,44.0,HAUL_ROAD_SOUTH,NORMAL,88.9,74.4,NONE,TSK-1032
2026-09-20T10:51:00Z,CAT-797F-102,OP-102,14214.86,1843.6,79.1,27.0,338.92,3.8,9,HAULING_LOADED,FASTENED,44.3,HAUL_ROAD_SOUTH,SEVERE,94.1,76.3,NONE,TSK-1054
2026-09-20T10:51:00Z,CAT-6060-201,OP-103,5125.06,1981.9,78.9,1.7,535.91,16.5,4,EXCAVATING,FASTENED,8.4,PIT_FLOOR_BENCH_B,SEVERE,97.3,79.5,NONE,TSK-1005
2026-09-20T10:51:00Z,CAT-994K-301,OP-104,9865.66,1894.9,82.8,27.9,264.02,6.8,11,HAULING_LOADED,FASTENED,29.2,HAUL_ROAD_SOUTH,NORMAL,92.9,78.0,NONE,TSK-1004
2026-09-20T10:51:00Z,CAT-D11-401,OP-105,16484.8,1819.0,79.0,2.2,346.11,6.8,4,DOZING,FASTENED,13.9,STAGING_BAY_4,MUDDY,97.1,79.3,NONE,TSK-1002
2026-09-20T10:51:45Z,CAT-797F-101,OP-101,8425.38,1569.5,49.1,26.4,309.66,6.8,8,HAULING_EMPTY,FASTENED,51.7,HAUL_ROAD_SOUTH,NORMAL,88.9,74.4,NONE,TSK-1032
2026-09-20T10:51:45Z,CAT-797F-102,OP-102,14214.88,1908.5,79.5,21.5,340.1,3.8,9,HAULING_LOADED,FASTENED,40.8,HAUL_ROAD_SOUTH,SEVERE,94.3,76.4,NONE,TSK-1054
2026-09-20T10:51:45Z,CAT-6060-201,OP-103,5125.07,1864.1,83.5,2.6,537.35,16.5,4,EXCAVATING,FASTENED,10.9,PIT_FLOOR_BENCH_B,SEVERE,97.3,79.4,NONE,TSK-1005
2026-09-20T10:51:45Z,CAT-994K-301,OP-104,9865.68,1723.2,75.5,27.4,264.96,6.8,11,HAULING_LOADED,FASTENED,40.3,HAUL_ROAD_SOUTH,NORMAL,92.8,78.0,NONE,TSK-1004
2026-09-20T10:51:45Z,CAT-D11-401,OP-105,16484.81,1977.0,77.3,3.0,347.02,6.8,4,DOZING,FASTENED,16.5,STAGING_BAY_4,MUDDY,97.0,79.2,NONE,TSK-1002
2026-09-20T10:52:30Z,CAT-797F-101,OP-101,8425.39,1158.9,33.5,1.9,310.17,6.8,8,SPOTTING,FASTENED,10.1,CRUSHER_FEED_1,NORMAL,88.7,74.2,NONE,TSK-1032
2026-09-20T10:52:30Z,CAT-797F-102,OP-102,14214.89,1936.2,72.3,20.8,341.27,3.8,9,HAULING_LOADED,FASTENED,31.8,HAUL_ROAD_SOUTH,SEVERE,94.4,76.5,NONE,TSK-1054
2026-09-20T10:52:30Z,CAT-6060-201,OP-103,5125.09,1780.0,81.8,2.2,538.79,16.5,4,EXCAVATING,FASTENED,8.9,PIT_FLOOR_BENCH_B,SEVERE,97.3,79.4,NONE,TSK-1005
2026-09-20T10:52:30Z,CAT-994K-301,OP-104,9865.69,1757.3,86.0,24.1,265.89,6.8,11,HAULING_LOADED,FASTENED,42.7,HAUL_ROAD_SOUTH,NORMAL,92.9,78.1,NONE,TSK-1004
2026-09-20T10:52:30Z,CAT-D11-401,OP-105,16484.83,1968.9,92.0,1.2,347.94,6.8,4,DOZING,FASTENED,19.9,STAGING_BAY_4,MUDDY,97.1,79.3,ENG-TEMP-HIGH-01,TSK-1002
2026-09-20T10:53:15Z,CAT-797F-101,OP-101,8425.4,1245.2,34.2,1.8,310.69,6.8,8,SPOTTING,FASTENED,6.8,CRUSHER_FEED_1,NORMAL,88.6,74.1,NONE,TSK-1032
2026-09-20T10:53:15Z,CAT-797F-102,OP-102,14214.9,1752.5,86.8,19.7,342.45,3.8,9,HAULING_LOADED,FASTENED,37.3,HAUL_ROAD_SOUTH,SEVERE,94.7,76.6,NONE,TSK-1054
2026-09-20T10:53:15Z,CAT-6060-201,OP-103,5125.1,1875.8,78.3,3.1,540.24,16.5,4,EXCAVATING,FASTENED,10.1,PIT_FLOOR_BENCH_B,SEVERE,97.2,79.4,NONE,TSK-1005
2026-09-20T10:53:15Z,CAT-994K-301,OP-104,9865.7,1791.3,90.5,25.8,266.82,6.8,11,HAULING_LOADED,FASTENED,20.8,HAUL_ROAD_SOUTH,NORMAL,93.1,78.3,NONE,TSK-1004
2026-09-20T10:53:15Z,CAT-D11-401,OP-105,16484.84,1871.1,82.1,4.4,348.86,6.8,4,DOZING,FASTENED,16.7,STAGING_BAY_4,MUDDY,97.1,79.3,ENG-TEMP-HIGH-01,TSK-1002
2026-09-20T10:54:00Z,CAT-797F-101,OP-101,8425.41,1460.3,72.4,1.1,311.34,6.8,8,LOADING,FASTENED,6.2,PIT_FLOOR_BENCH_B,NORMAL,88.8,74.3,NONE,TSK-1032
2026-09-20T10:54:00Z,CAT-797F-102,OP-102,14214.91,1849.6,82.5,18.0,343.63,3.8,9,HAULING_LOADED,FASTENED,20.4,HAUL_ROAD_SOUTH,SEVERE,94.9,76.8,NONE,TSK-1054
2026-09-20T10:54:00Z,CAT-6060-201,OP-103,5125.11,1777.6,93.8,1.4,541.68,16.5,4,EXCAVATING,FASTENED,14.7,PIT_FLOOR_BENCH_B,SEVERE,97.3,79.5,NONE,TSK-1005
2026-09-20T10:54:00Z,CAT-994K-301,OP-104,9865.71,1834.2,74.7,23.5,267.76,6.8,11,HAULING_LOADED,FASTENED,37.8,HAUL_ROAD_SOUTH,NORMAL,93.0,78.2,NONE,TSK-1004
2026-09-20T10:54:00Z,CAT-D11-401,OP-105,16484.85,1890.8,92.2,1.5,349.78,6.8,4,DOZING,FASTENED,17.2,STAGING_BAY_4,MUDDY,97.2,79.4,NONE,TSK-1002
2026-09-20T10:54:45Z,CAT-797F-101,OP-101,8425.43,1664.9,64.6,0.9,312.0,6.8,8,LOADING,FASTENED,10.3,PIT_FLOOR_BENCH_B,NORMAL,89.0,74.4,NONE,TSK-1032
2026-09-20T10:54:45Z,CAT-797F-102,OP-102,14214.93,1754.8,74.6,27.8,344.81,3.8,9,HAULING_LOADED,FASTENED,26.3,HAUL_ROAD_SOUTH,SEVERE,94.9,76.8,NONE,TSK-1054
2026-09-20T10:54:45Z,CAT-6060-201,OP-103,5125.12,2016.1,77.0,1.9,543.13,16.5,4,EXCAVATING,FASTENED,10.6,PIT_FLOOR_BENCH_B,SEVERE,97.2,79.4,NONE,TSK-1005
2026-09-20T10:54:45Z,CAT-994K-301,OP-104,9865.73,1943.5,85.4,22.5,268.69,6.8,11,HAULING_LOADED,FASTENED,36.2,HAUL_ROAD_SOUTH,NORMAL,93.1,78.3,NONE,TSK-1004
2026-09-20T10:54:45Z,CAT-D11-401,OP-105,16484.86,1978.0,77.5,2.7,350.7,6.8,4,DOZING,FASTENED,17.3,STAGING_BAY_4,MUDDY,97.2,79.3,NONE,TSK-1002
2026-09-20T10:55:30Z,CAT-797F-101,OP-101,8425.44,1460.3,73.1,0.5,312.66,6.8,8,LOADING,FASTENED,6.2,PIT_FLOOR_BENCH_B,NORMAL,89.3,74.5,NONE,TSK-1032
2026-09-20T10:55:30Z,CAT-797F-102,OP-102,14214.94,1745.5,74.9,16.4,345.99,3.8,9,HAULING_LOADED,FASTENED,42.3,HAUL_ROAD_SOUTH,SEVERE,95.0,76.9,NONE,TSK-1054
2026-09-20T10:55:30Z,CAT-6060-201,OP-103,5125.14,1846.8,85.9,2.9,544.57,16.5,4,EXCAVATING,FASTENED,12.8,PIT_FLOOR_BENCH_B,SEVERE,97.3,79.4,NONE,TSK-1005
2026-09-20T10:55:30Z,CAT-994K-301,OP-104,9865.74,1586.0,60.3,0.5,269.26,6.8,12,LOADING,FASTENED,9.7,PIT_FLOOR_BENCH_A,NORMAL,92.9,78.2,NONE,TSK-1004
2026-09-20T10:55:30Z,CAT-D11-401,OP-105,16484.88,1904.3,81.4,5.0,351.62,6.8,4,DOZING,FASTENED,10.6,STAGING_BAY_4,MUDDY,97.1,79.3,NONE,TSK-1002
2026-09-20T10:56:15Z,CAT-797F-101,OP-101,8425.45,1681.6,64.1,0.1,313.31,6.8,8,LOADING,FASTENED,10.3,PIT_FLOOR_BENCH_B,NORMAL,89.4,74.6,NONE,TSK-1032
2026-09-20T10:56:15Z,CAT-797F-102,OP-102,14214.95,1765.7,87.6,21.3,347.17,3.8,9,HAULING_LOADED,FASTENED,20.7,HAUL_ROAD_SOUTH,SEVERE,95.2,77.0,NONE,TSK-1054
2026-09-20T10:56:15Z,CAT-6060-201,OP-103,5125.15,1778.4,93.5,4.3,546.01,16.5,4,EXCAVATING,FASTENED,9.7,PIT_FLOOR_BENCH_B,SEVERE,97.4,79.5,NONE,TSK-1005
2026-09-20T10:56:15Z,CAT-994K-301,OP-104,9865.75,1554.3,64.1,0.7,269.83,6.8,12,LOADING,FASTENED,10.7,PIT_FLOOR_BENCH_A,NORMAL,92.7,78.1,NONE,TSK-1004
2026-09-20T10:56:15Z,CAT-D11-401,OP-105,16484.89,2041.5,78.5,4.3,352.54,6.8,4,DOZING,FASTENED,20.4,STAGING_BAY_4,MUDDY,97.1,79.3,NONE,TSK-1002
2026-09-20T10:57:00Z,CAT-797F-101,OP-101,8425.46,1749.7,86.9,22.6,314.39,6.8,8,HAULING_LOADED,FASTENED,41.8,HAUL_ROAD_NORTH,NORMAL,89.8,74.9,NONE,TSK-1032
2026-09-20T10:57:00Z,CAT-797F-102,OP-102,14214.96,1832.6,72.9,22.7,348.35,3.8,9,HAULING_LOADED,FASTENED,35.1,HAUL_ROAD_SOUTH,SEVERE,95.3,77.1,NONE,TSK-1054
2026-09-20T10:57:00Z,CAT-6060-201,OP-103,5125.16,2049.2,78.2,1.6,547.46,16.5,4,EXCAVATING,FASTENED,17.5,PIT_FLOOR_BENCH_B,SEVERE,97.3,79.5,NONE,TSK-1005
2026-09-20T10:57:00Z,CAT-994K-301,OP-104,9865.76,1517.9,73.6,0.9,270.4,6.8,12,LOADING,FASTENED,8.7,PIT_FLOOR_BENCH_A,NORMAL,92.7,78.1,NONE,TSK-1004
2026-09-20T10:57:00Z,CAT-D11-401,OP-105,16484.9,1877.2,78.8,1.2,353.46,6.8,4,DOZING,FASTENED,21.6,STAGING_BAY_4,MUDDY,97.0,79.2,NONE,TSK-1002
2026-09-20T10:57:45Z,CAT-797F-101,OP-101,8425.48,1830.4,80.4,22.0,315.47,6.8,8,HAULING_LOADED,FASTENED,29.0,HAUL_ROAD_NORTH,NORMAL,90.1,75.1,NONE,TSK-1032
2026-09-20T10:57:45Z,CAT-797F-102,OP-102,14214.98,1775.0,73.5,24.9,349.52,3.8,9,HAULING_LOADED,FASTENED,38.7,HAUL_ROAD_SOUTH,SEVERE,95.3,77.1,NONE,TSK-1054
2026-09-20T10:57:45Z,CAT-6060-201,OP-103,5125.17,1970.0,86.3,1.3,548.9,16.5,4,EXCAVATING,FASTENED,18.6,PIT_FLOOR_BENCH_B,SEVERE,97.3,79.5,NONE,TSK-1005
2026-09-20T10:57:45Z,CAT-994K-301,OP-104,9865.78,1498.1,74.4,1.2,270.97,6.8,12,LOADING,FASTENED,10.9,PIT_FLOOR_BENCH_A,NORMAL,92.7,78.1,NONE,TSK-1004
2026-09-20T10:57:45Z,CAT-D11-401,OP-105,16484.91,1797.8,83.0,3.4,354.37,6.8,4,DOZING,FASTENED,11.5,STAGING_BAY_4,MUDDY,97.1,79.2,NONE,TSK-1002
2026-09-20T10:58:30Z,CAT-797F-101,OP-101,8425.49,1937.3,74.8,21.0,316.55,6.8,8,HAULING_LOADED,FASTENED,40.3,HAUL_ROAD_NORTH,NORMAL,90.3,75.2,NONE,TSK-1032
2026-09-20T10:58:30Z,CAT-797F-102,OP-102,14214.99,1157.6,34.3,1.2,350.09,3.8,9,DUMPING,FASTENED,9.0,OVERBURDEN_DUMP_WEST,SEVERE,94.9,76.8,NONE,TSK-1054
2026-09-20T10:58:30Z,CAT-6060-201,OP-103,5125.19,1906.2,85.0,4.1,550.34,16.5,4,EXCAVATING,FASTENED,16.4,PIT_FLOOR_BENCH_B,SEVERE,97.3,79.5,NONE,TSK-1005
2026-09-20T10:58:30Z,CAT-994K-301,OP-104,9865.79,1696.7,65.8,0.7,271.54,6.8,12,LOADING,FASTENED,6.8,PIT_FLOOR_BENCH_A,NORMAL,92.6,78.0,NONE,TSK-1004
2026-09-20T10:58:30Z,CAT-D11-401,OP-105,16484.93,1976.3,88.7,4.5,355.29,6.8,4,DOZING,FASTENED,21.3,STAGING_BAY_4,MUDDY,97.1,79.3,NONE,TSK-1002
2026-09-20T10:59:15Z,CAT-797F-101,OP-101,8425.5,1763.9,84.5,21.3,317.62,6.8,8,HAULING_LOADED,FASTENED,24.7,HAUL_ROAD_NORTH,NORMAL,90.5,75.5,NONE,TSK-1032
2026-09-20T10:59:15Z,CAT-797F-102,OP-102,14215.0,1342.3,39.8,1.3,350.65,3.8,9,DUMPING,FASTENED,10.4,OVERBURDEN_DUMP_WEST,SEVERE,94.6,76.6,NONE,TSK-1054
2026-09-20T10:59:15Z,CAT-6060-201,OP-103,5125.2,1969.5,93.2,4.5,551.79,16.5,4,EXCAVATING,FASTENED,11.4,PIT_FLOOR_BENCH_B,SEVERE,97.4,79.5,NONE,TSK-1005
2026-09-20T10:59:15Z,CAT-994K-301,OP-104,9865.8,1660.5,63.6,0.1,272.11,6.8,12,LOADING,FASTENED,6.5,PIT_FLOOR_BENCH_A,NORMAL,92.4,77.9,NONE,TSK-1004
2026-09-20T10:59:15Z,CAT-D11-401,OP-105,16484.94,2002.7,88.9,4.6,356.21,6.8,4,DOZING,FASTENED,17.0,STAGING_BAY_4,MUDDY,97.2,79.3,NONE,TSK-1002
2026-09-20T11:00:00Z,CAT-797F-101,OP-101,8425.51,1762.8,79.1,16.2,318.7,6.8,8,HAULING_LOADED,FASTENED,40.0,HAUL_ROAD_NORTH,NORMAL,90.7,75.6,NONE,TSK-1032
2026-09-20T11:00:00Z,CAT-797F-102,OP-102,14215.01,1264.0,35.5,1.7,351.22,3.8,9,DUMPING,FASTENED,8.5,OVERBURDEN_DUMP_WEST,SEVERE,94.3,76.4,NONE,TSK-1054
2026-09-20T11:00:00Z,CAT-6060-201,OP-103,5125.21,1997.9,84.3,3.4,553.23,16.5,4,EXCAVATING,FASTENED,15.9,PIT_FLOOR_BENCH_B,SEVERE,97.4,79.5,NONE,TSK-1005
2026-09-20T11:00:00Z,CAT-994K-301,OP-104,9865.81,1650.3,55.8,0.1,272.67,6.8,12,LOADING,FASTENED,10.2,PIT_FLOOR_BENCH_A,NORMAL,92.2,77.7,NONE,TSK-1004
2026-09-20T11:00:00Z,CAT-D11-401,OP-105,16484.95,1779.6,76.8,4.9,357.13,6.8,4,DOZING,FASTENED,11.3,STAGING_BAY_4,MUDDY,97.1,79.3,NONE,TSK-1002
2026-09-20T11:00:45Z,CAT-797F-101,OP-101,8425.53,1851.0,88.3,25.0,319.78,6.8,8,HAULING_LOADED,FASTENED,21.1,HAUL_ROAD_NORTH,NORMAL,91.0,75.8,NONE,TSK-1032
2026-09-20T11:00:45Z,CAT-797F-102,OP-102,14215.03,1776.3,42.7,31.0,351.99,3.8,10,HAULING_EMPTY,FASTENED,48.6,RAMP_ACCESS_EAST,SEVERE,94.1,76.2,NONE,TSK-1054
2026-09-20T11:00:45Z,CAT-6060-201,OP-103,5125.22,1879.5,92.3,1.9,554.68,16.5,4,EXCAVATING,FASTENED,10.5,PIT_FLOOR_BENCH_B,SEVERE,97.5,79.6,NONE,TSK-1005
2026-09-20T11:00:45Z,CAT-994K-301,OP-104,9865.83,1668.7,72.0,0.3,273.24,6.8,12,LOADING,FASTENED,10.1,PIT_FLOOR_BENCH_A,NORMAL,92.2,77.7,NONE,TSK-1004
2026-09-20T11:00:45Z,CAT-D11-401,OP-105,16484.96,2042.1,79.7,2.8,358.05,6.8,4,DOZING,FASTENED,8.7,STAGING_BAY_4,MUDDY,97.1,79.3,NONE,TSK-1002
2026-09-20T11:01:30Z,CAT-797F-101,OP-101,8425.54,1765.8,87.9,18.6,320.86,6.8,8,HAULING_LOADED,FASTENED,41.6,HAUL_ROAD_NORTH,NORMAL,91.3,76.1,NONE,TSK-1032
2026-09-20T11:01:30Z,CAT-797F-102,OP-102,14215.04,1603.0,50.0,30.1,352.75,3.8,10,HAULING_EMPTY,FASTENED,48.9,RAMP_ACCESS_EAST,SEVERE,93.9,76.1,NONE,TSK-1055
2026-09-20T11:01:30Z,CAT-6060-201,OP-103,5125.24,2007.0,81.3,3.5,556.12,16.5,4,EXCAVATING,FASTENED,18.4,PIT_FLOOR_BENCH_B,SEVERE,97.4,79.6,NONE,TSK-1005
2026-09-20T11:01:30Z,CAT-994K-301,OP-104,9865.84,1698.6,57.0,0.9,273.81,6.8,12,LOADING,FASTENED,9.2,PIT_FLOOR_BENCH_A,NORMAL,92.0,77.6,NONE,TSK-1004
2026-09-20T11:01:30Z,CAT-D11-401,OP-105,16484.98,1899.2,78.5,2.5,358.97,6.8,4,DOZING,FASTENED,11.7,STAGING_BAY_4,MUDDY,97.0,79.2,NONE,TSK-1002
2026-09-20T11:02:15Z,CAT-797F-101,OP-101,8425.55,1901.5,89.9,25.4,321.94,6.8,8,HAULING_LOADED,FASTENED,46.9,HAUL_ROAD_NORTH,NORMAL,91.6,76.3,NONE,TSK-1032
2026-09-20T11:02:15Z,CAT-797F-102,OP-102,14215.05,1535.7,53.6,39.9,353.52,3.8,10,HAULING_EMPTY,FASTENED,45.1,RAMP_ACCESS_EAST,SEVERE,93.9,76.0,NONE,TSK-1055
2026-09-20T11:02:15Z,CAT-6060-201,OP-103,5125.25,1977.0,85.2,2.6,557.56,16.5,4,EXCAVATING,FASTENED,17.7,PIT_FLOOR_BENCH_B,SEVERE,97.4,79.6,NONE,TSK-1005
2026-09-20T11:02:15Z,CAT-994K-301,OP-104,9865.85,1629.4,72.5,0.5,274.38,6.8,12,LOADING,FASTENED,7.3,PIT_FLOOR_BENCH_A,NORMAL,92.0,77.6,NONE,TSK-1004
2026-09-20T11:02:15Z,CAT-D11-401,OP-105,16484.99,1789.9,82.3,4.4,359.89,6.8,4,DOZING,FASTENED,18.3,STAGING_BAY_4,MUDDY,97.0,79.2,NONE,TSK-1002
2026-09-20T11:03:00Z,CAT-797F-101,OP-101,8425.56,1853.4,91.4,20.0,323.02,6.8,8,HAULING_LOADED,FASTENED,26.3,HAUL_ROAD_NORTH,NORMAL,91.8,76.5,NONE,TSK-1032
2026-09-20T11:03:00Z,CAT-797F-102,OP-102,14215.06,1578.7,45.1,41.4,354.29,3.8,10,HAULING_EMPTY,FASTENED,22.9,RAMP_ACCESS_EAST,SEVERE,93.7,75.9,NONE,TSK-1055
2026-09-20T11:03:00Z,CAT-6060-201,OP-103,5125.26,1958.5,79.2,4.5,559.01,16.5,4,EXCAVATING,FASTENED,14.2,PIT_FLOOR_BENCH_B,SEVERE,97.4,79.5,NONE,TSK-1005
2026-09-20T11:03:00Z,CAT-994K-301,OP-104,9865.86,1539.0,74.3,1.0,274.95,6.8,12,LOADING,FASTENED,8.4,PIT_FLOOR_BENCH_A,NORMAL,92.1,77.6,NONE,TSK-1004
2026-09-20T11:03:00Z,CAT-D11-401,OP-105,16485.0,1916.9,94.0,1.8,360.81,6.8,4,DOZING,FASTENED,10.6,STAGING_BAY_4,MUDDY,97.2,79.3,NONE,TSK-1002
2026-09-20T11:03:45Z,CAT-797F-101,OP-101,8425.58,1843.9,90.0,20.8,324.09,6.8,8,HAULING_LOADED,FASTENED,27.3,HAUL_ROAD_NORTH,NORMAL,92.0,76.7,NONE,TSK-1032
2026-09-20T11:03:45Z,CAT-797F-102,OP-102,14215.08,1616.5,58.0,31.5,355.06,3.8,10,HAULING_EMPTY,FASTENED,34.0,RAMP_ACCESS_EAST,SEVERE,93.7,75.8,NONE,TSK-1055
2026-09-20T11:03:45Z,CAT-6060-201,OP-103,5125.27,1820.4,85.3,1.3,560.45,16.5,4,EXCAVATING,FASTENED,17.7,PIT_FLOOR_BENCH_B,SEVERE,97.4,79.5,NONE,TSK-1005
2026-09-20T11:03:45Z,CAT-994K-301,OP-104,9865.88,1660.7,70.9,0.7,275.52,6.8,12,LOADING,FASTENED,6.5,PIT_FLOOR_BENCH_A,NORMAL,92.1,77.6,NONE,TSK-1004
2026-09-20T11:03:45Z,CAT-D11-401,OP-105,16485.01,2045.7,88.5,3.1,361.72,6.8,4,DOZING,FASTENED,9.5,STAGING_BAY_4,MUDDY,97.2,79.4,NONE,TSK-1002
2026-09-20T11:04:30Z,CAT-797F-101,OP-101,8425.59,1787.1,86.0,28.2,325.17,6.8,8,HAULING_LOADED,FASTENED,43.0,HAUL_ROAD_NORTH,NORMAL,92.2,76.8,NONE,TSK-1032
2026-09-20T11:04:30Z,CAT-797F-102,OP-102,14215.09,1586.1,58.7,32.1,355.83,3.8,10,HAULING_EMPTY,FASTENED,36.4,RAMP_ACCESS_EAST,SEVERE,93.7,75.8,NONE,TSK-1055
2026-09-20T11:04:30Z,CAT-6060-201,OP-103,5125.29,1769.4,93.9,1.1,561.89,16.5,4,EXCAVATING,FASTENED,14.3,PIT_FLOOR_BENCH_B,SEVERE,97.5,79.6,NONE,TSK-1005
2026-09-20T11:04:30Z,CAT-994K-301,OP-104,9865.89,1593.0,69.1,0.1,276.09,6.8,12,LOADING,FASTENED,7.8,PIT_FLOOR_BENCH_A,NORMAL,92.0,77.6,NONE,TSK-1004
2026-09-20T11:04:30Z,CAT-D11-401,OP-105,16485.03,1832.8,79.8,4.6,362.64,6.8,4,DOZING,FASTENED,8.4,STAGING_BAY_4,MUDDY,97.2,79.3,NONE,TSK-1002
2026-09-20T11:05:15Z,CAT-797F-101,OP-101,8425.6,1891.1,74.7,21.0,326.25,6.8,8,HAULING_LOADED,FASTENED,38.5,HAUL_ROAD_NORTH,NORMAL,92.2,76.9,NONE,TSK-1032
2026-09-20T11:05:15Z,CAT-797F-102,OP-102,14215.1,1723.1,48.1,28.1,356.6,3.8,10,HAULING_EMPTY,FASTENED,48.3,RAMP_ACCESS_EAST,SEVERE,93.6,75.7,NONE,TSK-1055
2026-09-20T11:05:15Z,CAT-6060-201,OP-103,5125.3,1872.1,89.6,4.9,563.34,16.5,4,EXCAVATING,FASTENED,16.2,PIT_FLOOR_BENCH_B,SEVERE,97.5,79.6,NONE,TSK-1005
2026-09-20T11:05:15Z,CAT-994K-301,OP-104,9865.9,1465.9,70.1,0.7,276.66,6.8,12,LOADING,FASTENED,9.9,PIT_FLOOR_BENCH_A,NORMAL,92.0,77.6,NONE,TSK-1004
2026-09-20T11:05:15Z,CAT-D11-401,OP-105,16485.04,1769.1,82.9,1.6,363.56,6.8,4,DOZING,FASTENED,10.7,STAGING_BAY_4,MUDDY,97.2,79.3,NONE,TSK-1002
2026-09-20T11:06:00Z,CAT-797F-101,OP-101,8425.61,1947.4,88.7,16.4,327.33,6.8,8,HAULING_LOADED,FASTENED,46.0,HAUL_ROAD_NORTH,NORMAL,92.4,77.1,NONE,TSK-1032
2026-09-20T11:06:00Z,CAT-797F-102,OP-102,14215.11,1606.2,43.9,31.1,357.37,3.8,10,HAULING_EMPTY,FASTENED,45.1,RAMP_ACCESS_EAST,SEVERE,93.4,75.6,NONE,TSK-1055
2026-09-20T11:06:00Z,CAT-6060-201,OP-103,5125.31,1791.6,81.5,1.4,564.78,16.5,4,EXCAVATING,FASTENED,13.0,PIT_FLOOR_BENCH_B,SEVERE,97.5,79.6,NONE,TSK-1005
2026-09-20T11:06:00Z,CAT-994K-301,OP-104,9865.91,1570.4,59.5,1.2,277.22,6.8,12,LOADING,FASTENED,9.2,PIT_FLOOR_BENCH_B,NORMAL,91.9,77.5,NONE,TSK-1004
2026-09-20T11:06:00Z,CAT-D11-401,OP-105,16485.05,1975.5,85.0,1.1,364.48,6.8,4,DOZING,FASTENED,16.5,STAGING_BAY_4,MUDDY,97.2,79.3,NONE,TSK-1002
2026-09-20T11:06:45Z,CAT-797F-101,OP-101,8425.63,1126.7,32.0,3.2,327.84,6.8,8,DUMPING,FASTENED,6.6,OVERBURDEN_DUMP_WEST,NORMAL,91.9,76.8,NONE,TSK-1032
2026-09-20T11:06:45Z,CAT-797F-102,OP-102,14215.13,1756.0,53.4,30.6,358.14,3.8,10,HAULING_EMPTY,FASTENED,24.3,RAMP_ACCESS_EAST,SEVERE,93.4,75.5,NONE,TSK-1055
2026-09-20T11:06:45Z,CAT-6060-201,OP-103,5125.32,1940.9,84.5,3.1,566.23,16.5,4,EXCAVATING,FASTENED,21.7,PIT_FLOOR_BENCH_B,SEVERE,97.5,79.6,NONE,TSK-1005
2026-09-20T11:06:45Z,CAT-994K-301,OP-104,9865.93,1496.4,62.5,0.2,277.79,6.8,12,LOADING,FASTENED,8.2,PIT_FLOOR_BENCH_B,NORMAL,91.8,77.4,NONE,TSK-1004
2026-09-20T11:06:45Z,CAT-D11-401,OP-105,16485.06,1981.6,84.6,4.3,365.4,6.8,4,DOZING,FASTENED,14.2,STAGING_BAY_4,MUDDY,97.2,79.3,NONE,TSK-1002
2026-09-20T11:07:30Z,CAT-797F-101,OP-101,8425.64,1348.7,44.7,0.8,328.36,6.8,8,DUMPING,FASTENED,13.5,OVERBURDEN_DUMP_WEST,NORMAL,91.6,76.6,NONE,TSK-1032
2026-09-20T11:07:30Z,CAT-797F-102,OP-102,14215.14,1534.5,55.7,34.3,358.9,3.8,10,HAULING_EMPTY,FASTENED,27.5,RAMP_ACCESS_EAST,SEVERE,93.4,75.5,NONE,TSK-1055
2026-09-20T11:07:30Z,CAT-6060-201,OP-103,5125.34,1807.9,77.9,3.5,567.67,16.5,4,EXCAVATING,FASTENED,12.7,PIT_FLOOR_BENCH_B,SEVERE,97.4,79.6,NONE,TSK-1005
2026-09-20T11:07:30Z,CAT-994K-301,OP-104,9865.94,1699.5,70.7,1.1,278.36,6.8,12,LOADING,FASTENED,9.3,PIT_FLOOR_BENCH_B,NORMAL,91.8,77.4,NONE,TSK-1004
2026-09-20T11:07:30Z,CAT-D11-401,OP-105,16485.08,1823.9,77.7,4.8,366.32,6.8,4,DOZING,FASTENED,14.9,STAGING_BAY_4,MUDDY,97.1,79.3,ENG-TEMP-HIGH-01,TSK-1002
2026-09-20T11:08:15Z,CAT-797F-101,OP-101,8425.65,1116.4,47.7,1.8,328.88,6.8,8,DUMPING,FASTENED,12.8,OVERBURDEN_DUMP_WEST,NORMAL,91.4,76.4,NONE,TSK-1032
2026-09-20T11:08:15Z,CAT-797F-102,OP-102,14215.15,1741.5,53.8,38.8,359.67,3.8,10,HAULING_EMPTY,FASTENED,25.0,RAMP_ACCESS_EAST,SEVERE,93.3,75.4,NONE,TSK-1055
2026-09-20T11:08:15Z,CAT-6060-201,OP-103,5125.35,2023.6,85.7,3.8,569.11,16.5,4,EXCAVATING,FASTENED,15.3,PIT_FLOOR_BENCH_B,SEVERE,97.4,79.6,NONE,TSK-1005
2026-09-20T11:08:15Z,CAT-994K-301,OP-104,9865.95,1534.8,57.7,0.9,278.93,6.8,12,LOADING,FASTENED,7.5,PIT_FLOOR_BENCH_B,NORMAL,91.7,77.3,NONE,TSK-1004
2026-09-20T11:08:15Z,CAT-D11-401,OP-105,16485.09,1871.3,82.2,3.0,367.24,6.8,4,DOZING,FASTENED,14.9,STAGING_BAY_4,MUDDY,97.1,79.3,NONE,TSK-1002
2026-09-20T11:09:00Z,CAT-797F-101,OP-101,8425.66,1208.9,40.0,2.6,329.39,6.8,8,DUMPING,FASTENED,8.7,OVERBURDEN_DUMP_WEST,NORMAL,91.1,76.2,NONE,TSK-1032
2026-09-20T11:09:00Z,CAT-797F-102,OP-102,14215.16,1517.6,58.6,27.3,360.44,3.8,10,HAULING_EMPTY,FASTENED,24.9,RAMP_ACCESS_EAST,SEVERE,93.4,75.4,NONE,TSK-1055
2026-09-20T11:09:00Z,CAT-6060-201,OP-103,5125.36,1974.4,85.9,1.7,570.56,16.5,4,EXCAVATING,FASTENED,12.4,PIT_FLOOR_BENCH_B,SEVERE,97.4,79.6,ENG-TEMP-HIGH-01,TSK-1005
2026-09-20T11:09:00Z,CAT-994K-301,OP-104,9865.96,1740.0,62.7,0.4,279.5,6.8,12,LOADING,FASTENED,8.7,PIT_FLOOR_BENCH_B,NORMAL,91.6,77.2,NONE,TSK-1004
2026-09-20T11:09:00Z,CAT-D11-401,OP-105,16485.1,1955.2,83.2,3.0,368.16,6.8,4,DOZING,FASTENED,19.9,STAGING_BAY_4,MUDDY,97.1,79.3,NONE,TSK-1002
2026-09-20T11:09:45Z,CAT-797F-101,OP-101,8425.68,685.9,15.7,0.0,329.58,7.5,8,IDLE,FASTENED,26.5,STAGING_BAY_4,NORMAL,90.5,75.8,NONE,TSK-1032
2026-09-20T11:09:45Z,CAT-797F-102,OP-102,14215.18,1299.9,39.9,2.0,361.01,3.8,10,SPOTTING,FASTENED,11.1,CRUSHER_FEED_1,SEVERE,93.2,75.3,NONE,TSK-1055
2026-09-20T11:09:45Z,CAT-6060-201,OP-103,5125.37,1864.4,92.1,1.5,572.0,16.5,4,EXCAVATING,FASTENED,12.1,PIT_FLOOR_BENCH_B,SEVERE,97.5,79.6,NONE,TSK-1005
2026-09-20T11:09:45Z,CAT-994K-301,OP-104,9865.98,1946.8,88.5,20.6,280.43,6.8,12,HAULING_LOADED,FASTENED,43.5,HAUL_ROAD_NORTH,NORMAL,91.8,77.4,NONE,TSK-1004
2026-09-20T11:09:45Z,CAT-D11-401,OP-105,16485.11,1792.5,79.7,3.7,369.07,6.8,4,DOZING,FASTENED,20.3,STAGING_BAY_4,MUDDY,97.1,79.3,NONE,TSK-1002
2026-09-20T11:10:30Z,CAT-797F-101,OP-101,8425.69,731.8,13.8,0.0,329.77,8.2,8,IDLE,FASTENED,16.9,STAGING_BAY_4,NORMAL,90.0,75.5,NONE,TSK-1032
2026-09-20T11:10:30Z,CAT-797F-102,OP-102,14215.19,1306.3,36.4,2.4,361.57,3.8,10,SPOTTING,FASTENED,9.6,CRUSHER_FEED_1,SEVERE,93.0,75.1,NONE,TSK-1055
2026-09-20T11:10:30Z,CAT-6060-201,OP-103,5125.39,1833.4,92.1,4.3,573.44,16.5,4,EXCAVATING,FASTENED,14.8,PIT_FLOOR_BENCH_B,SEVERE,97.6,79.7,NONE,TSK-1005
2026-09-20T11:10:30Z,CAT-994K-301,OP-104,9865.99,1798.9,85.9,21.6,281.37,6.8,12,HAULING_LOADED,FASTENED,38.6,HAUL_ROAD_NORTH,NORMAL,92.0,77.5,NONE,TSK-1004
2026-09-20T11:10:30Z,CAT-D11-401,OP-105,16485.13,1941.3,77.2,4.6,369.99,6.8,4,DOZING,FASTENED,14.8,STAGING_BAY_4,MUDDY,97.0,79.2,NONE,TSK-1002
2026-09-20T11:11:15Z,CAT-797F-101,OP-101,8425.7,736.6,11.5,0.0,329.95,9.0,8,IDLE,FASTENED,23.5,STAGING_BAY_4,NORMAL,89.5,75.1,NONE,TSK-1032
2026-09-20T11:11:15Z,CAT-797F-102,OP-102,14215.2,1610.9,60.7,0.7,362.29,3.8,10,LOADING,FASTENED,6.5,PIT_FLOOR_BENCH_B,SEVERE,93.1,75.1,NONE,TSK-1055
2026-09-20T11:11:15Z,CAT-6060-201,OP-103,5125.4,1996.9,91.8,4.8,574.89,16.5,4,EXCAVATING,FASTENED,15.8,PIT_FLOOR_BENCH_B,SEVERE,97.6,79.7,NONE,TSK-1005
2026-09-20T11:11:15Z,CAT-994K-301,OP-104,9866.0,1948.9,81.4,17.4,282.3,6.8,12,HAULING_LOADED,FASTENED,26.4,HAUL_ROAD_NORTH,NORMAL,92.1,77.6,NONE,TSK-1004
2026-09-20T11:11:15Z,CAT-D11-401,OP-105,16485.14,1805.3,89.5,4.2,370.91,6.8,4,DOZING,FASTENED,11.4,STAGING_BAY_4,MUDDY,97.1,79.3,NONE,TSK-1002
2026-09-20T11:12:00Z,CAT-797F-101,OP-101,8425.71,688.6,13.6,0.0,330.14,9.8,8,IDLE,FASTENED,14.6,STAGING_BAY_4,NORMAL,89.1,74.7,NONE,TSK-1032
2026-09-20T11:12:00Z,CAT-797F-102,OP-102,14215.21,1680.0,58.8,0.3,363.0,3.8,10,LOADING,FASTENED,7.6,PIT_FLOOR_BENCH_B,SEVERE,93.1,75.2,NONE,TSK-1055
2026-09-20T11:12:00Z,CAT-6060-201,OP-103,5125.41,2034.6,81.5,4.8,576.33,16.5,4,EXCAVATING,FASTENED,20.9,PIT_FLOOR_BENCH_B,SEVERE,97.6,79.7,NONE,TSK-1005
2026-09-20T11:12:00Z,CAT-994K-301,OP-104,9866.01,1861.0,79.8,17.9,283.24,6.8,12,HAULING_LOADED,FASTENED,28.2,HAUL_ROAD_NORTH,NORMAL,92.2,77.6,NONE,TSK-1004
2026-09-20T11:12:00Z,CAT-D11-401,OP-105,16485.15,1805.2,78.7,3.6,371.83,6.8,4,DOZING,FASTENED,14.1,STAGING_BAY_4,MUDDY,97.1,79.2,NONE,TSK-1002
2026-09-20T11:12:45Z,CAT-797F-101,OP-101,8425.73,1669.1,53.1,26.5,330.84,9.8,8,HAULING_EMPTY,FASTENED,53.8,RAMP_ACCESS_EAST,NORMAL,89.1,74.7,NONE,TSK-1032
2026-09-20T11:12:45Z,CAT-797F-102,OP-102,14215.23,1655.4,63.2,0.6,363.72,3.8,10,LOADING,FASTENED,9.1,PIT_FLOOR_BENCH_B,SEVERE,93.2,75.2,NONE,TSK-1055
2026-09-20T11:12:45Z,CAT-6060-201,OP-103,5125.42,2029.8,82.0,1.6,577.78,16.5,4,EXCAVATING,FASTENED,9.5,PIT_FLOOR_BENCH_B,SEVERE,97.5,79.7,NONE,TSK-1005
2026-09-20T11:12:45Z,CAT-994K-301,OP-104,9866.03,1840.7,88.3,25.6,284.17,6.8,12,HAULING_LOADED,FASTENED,23.3,HAUL_ROAD_NORTH,NORMAL,92.4,77.7,NONE,TSK-1004
2026-09-20T11:12:45Z,CAT-D11-401,OP-105,16485.16,1938.5,85.7,1.3,372.75,6.8,4,DOZING,FASTENED,17.1,STAGING_BAY_4,MUDDY,97.1,79.3,NONE,TSK-1002
2026-09-20T11:13:30Z,CAT-797F-101,OP-101,8425.74,1706.3,47.6,34.8,331.55,9.8,8,HAULING_EMPTY,FASTENED,36.8,RAMP_ACCESS_EAST,NORMAL,89.0,74.7,NONE,TSK-1032
2026-09-20T11:13:30Z,CAT-797F-102,OP-102,14215.24,1654.9,67.3,0.4,364.44,3.8,10,LOADING,FASTENED,10.9,PIT_FLOOR_BENCH_B,SEVERE,93.4,75.3,NONE,TSK-1055
2026-09-20T11:13:30Z,CAT-6060-201,OP-103,5125.44,2025.8,77.9,3.1,579.22,16.5,4,EXCAVATING,FASTENED,13.0,PIT_FLOOR_BENCH_B,SEVERE,97.4,79.6,NONE,TSK-1005
2026-09-20T11:13:30Z,CAT-994K-301,OP-104,9866.04,1743.6,91.3,28.5,285.11,6.8,12,HAULING_LOADED,FASTENED,44.7,HAUL_ROAD_NORTH,NORMAL,92.6,77.9,NONE,TSK-1004
2026-09-20T11:13:30Z,CAT-D11-401,OP-105,16485.18,1793.2,83.7,3.8,373.67,6.8,4,DOZING,FASTENED,15.6,STAGING_BAY_4,MUDDY,97.1,79.3,NONE,TSK-1002
2026-09-20T11:14:15Z,CAT-797F-101,OP-101,8425.75,1768.8,49.1,40.5,332.25,9.8,8,HAULING_EMPTY,FASTENED,35.9,RAMP_ACCESS_EAST,NORMAL,89.0,74.6,NONE,TSK-1032
2026-09-20T11:14:15Z,CAT-797F-102,OP-102,14215.25,1670.0,63.9,0.5,365.16,3.8,10,LOADING,FASTENED,7.8,PIT_FLOOR_BENCH_B,SEVERE,93.4,75.3,NONE,TSK-1055
2026-09-20T11:14:15Z,CAT-6060-201,OP-103,5125.45,1869.7,88.7,1.8,580.66,16.5,4,EXCAVATING,FASTENED,11.0,PIT_FLOOR_BENCH_B,SEVERE,97.5,79.6,NONE,TSK-1005
2026-09-20T11:14:15Z,CAT-994K-301,OP-104,9866.05,1918.4,85.2,23.7,286.04,6.8,12,HAULING_LOADED,FASTENED,45.2,HAUL_ROAD_NORTH,NORMAL,92.7,78.0,NONE,TSK-1004
2026-09-20T11:14:15Z,CAT-D11-401,OP-105,16485.19,1979.2,82.8,3.6,374.59,6.8,4,DOZING,FASTENED,11.0,STAGING_BAY_4,MUDDY,97.1,79.3,NONE,TSK-1002
2026-09-20T11:15:00Z,CAT-797F-101,OP-101,8425.76,1708.7,48.0,38.6,332.95,9.8,8,HAULING_EMPTY,FASTENED,47.6,RAMP_ACCESS_EAST,NORMAL,89.0,74.6,NONE,TSK-1032
2026-09-20T11:15:00Z,CAT-797F-102,OP-102,14215.26,1465.3,59.3,0.7,365.87,3.8,10,LOADING,FASTENED,6.8,PIT_FLOOR_BENCH_B,SEVERE,93.5,75.3,NONE,TSK-1055
2026-09-20T11:15:00Z,CAT-6060-201,OP-103,5125.46,1905.3,78.4,2.8,582.11,16.5,4,EXCAVATING,FASTENED,17.7,PIT_FLOOR_BENCH_B,SEVERE,97.4,79.6,NONE,TSK-1005
2026-09-20T11:15:00Z,CAT-994K-301,OP-104,9866.06,1768.3,86.9,23.0,286.97,6.8,12,HAULING_LOADED,FASTENED,24.4,HAUL_ROAD_NORTH,NORMAL,92.8,78.1,NONE,TSK-1004
2026-09-20T11:15:00Z,CAT-D11-401,OP-105,16485.2,1984.6,78.8,2.6,375.51,6.8,4,DOZING,FASTENED,14.6,STAGING_BAY_4,MUDDY,97.1,79.2,NONE,TSK-1002
2026-09-20T11:15:45Z,CAT-797F-101,OP-101,8425.78,1798.0,48.3,40.3,333.66,9.8,8,HAULING_EMPTY,FASTENED,42.2,RAMP_ACCESS_EAST,NORMAL,89.0,74.5,NONE,TSK-1032
2026-09-20T11:15:45Z,CAT-797F-102,OP-102,14215.28,1712.8,68.5,0.9,366.59,3.8,10,LOADING,FASTENED,6.4,PIT_FLOOR_BENCH_B,SEVERE,93.6,75.4,NONE,TSK-1055
2026-09-20T11:15:45Z,CAT-6060-201,OP-103,5125.47,2008.7,76.0,4.4,583.55,16.5,4,EXCAVATING,FASTENED,12.4,PIT_FLOOR_BENCH_B,SEVERE,97.3,79.5,NONE,TSK-1005
2026-09-20T11:15:45Z,CAT-994K-301,OP-104,9866.08,1737.7,76.3,26.5,287.91,6.8,12,HAULING_LOADED,FASTENED,30.2,HAUL_ROAD_NORTH,NORMAL,92.8,78.1,NONE,TSK-1004
2026-09-20T11:15:45Z,CAT-D11-401,OP-105,16485.21,1925.0,90.7,2.9,376.42,6.8,4,DOZING,FASTENED,17.9,STAGING_BAY_4,MUDDY,97.1,79.3,NONE,TSK-1002
2026-09-20T11:16:30Z,CAT-797F-101,OP-101,8425.79,1679.8,60.0,26.7,334.36,9.8,8,HAULING_EMPTY,FASTENED,35.7,RAMP_ACCESS_EAST,NORMAL,89.1,74.6,NONE,TSK-1032
2026-09-20T11:16:30Z,CAT-797F-102,OP-102,14215.29,1840.4,84.6,24.7,367.77,3.8,10,HAULING_LOADED,FASTENED,27.9,HAUL_ROAD_NORTH,SEVERE,93.9,75.6,NONE,TSK-1055
2026-09-20T11:16:30Z,CAT-6060-201,OP-103,5125.49,1824.8,77.2,4.8,584.99,16.5,4,EXCAVATING,FASTENED,20.7,PIT_FLOOR_BENCH_B,SEVERE,97.2,79.5,ENG-TEMP-HIGH-01,TSK-1005
2026-09-20T11:16:30Z,CAT-994K-301,OP-104,9866.09,1920.1,81.5,22.0,288.84,6.8,12,HAULING_LOADED,FASTENED,41.5,HAUL_ROAD_NORTH,NORMAL,92.8,78.1,NONE,TSK-1004
2026-09-20T11:16:30Z,CAT-D11-401,OP-105,16485.23,2046.3,81.9,2.8,377.34,6.8,4,DOZING,FASTENED,16.0,STAGING_BAY_4,MUDDY,97.1,79.3,ENG-TEMP-HIGH-01,TSK-1002
2026-09-20T11:17:15Z,CAT-797F-101,OP-101,8425.8,1657.4,55.4,30.0,335.06,9.8,8,HAULING_EMPTY,FASTENED,33.2,RAMP_ACCESS_EAST,NORMAL,89.2,74.6,NONE,TSK-1032
2026-09-20T11:17:15Z,CAT-797F-102,OP-102,14215.3,1792.5,75.5,23.8,368.95,3.8,10,HAULING_LOADED,FASTENED,39.0,HAUL_ROAD_NORTH,SEVERE,94.1,75.7,NONE,TSK-1055
2026-09-20T11:17:15Z,CAT-6060-201,OP-103,5125.5,2038.5,81.1,3.8,586.44,16.5,4,EXCAVATING,FASTENED,21.3,PIT_FLOOR_BENCH_A,SEVERE,97.2,79.4,NONE,TSK-1005
2026-09-20T11:17:15Z,CAT-994K-301,OP-104,9866.1,1899.8,72.3,27.1,289.78,6.8,12,HAULING_LOADED,FASTENED,31.7,HAUL_ROAD_NORTH,NORMAL,92.8,78.1,NONE,TSK-1004
2026-09-20T11:17:15Z,CAT-D11-401,OP-105,16485.24,2005.4,78.6,2.1,378.26,6.8,4,DOZING,FASTENED,15.3,STAGING_BAY_4,MUDDY,97.1,79.3,NONE,TSK-1002
2026-09-20T11:18:00Z,CAT-797F-101,OP-101,8425.81,1789.9,43.0,28.2,335.77,9.8,8,HAULING_EMPTY,FASTENED,32.1,RAMP_ACCESS_EAST,NORMAL,89.1,74.5,NONE,TSK-1032
2026-09-20T11:18:00Z,CAT-797F-102,OP-102,14215.31,1808.2,72.8,25.4,370.13,3.8,10,HAULING_LOADED,FASTENED,41.3,HAUL_ROAD_NORTH,SEVERE,94.2,75.8,NONE,TSK-1055
2026-09-20T11:18:00Z,CAT-6060-201,OP-103,5125.51,1774.1,85.5,1.5,587.88,16.5,4,EXCAVATING,FASTENED,21.7,PIT_FLOOR_BENCH_A,SEVERE,97.2,79.4,NONE,TSK-1005
2026-09-20T11:18:00Z,CAT-994K-301,OP-104,9866.11,1704.8,79.6,27.3,290.71,6.8,12,HAULING_LOADED,FASTENED,30.6,HAUL_ROAD_NORTH,NORMAL,92.8,78.1,NONE,TSK-1004
2026-09-20T11:18:00Z,CAT-D11-401,OP-105,16485.25,1951.6,88.2,2.3,379.18,6.8,4,DOZING,FASTENED,19.2,STAGING_BAY_4,MUDDY,97.1,79.3,NONE,TSK-1002
2026-09-20T11:18:45Z,CAT-797F-101,OP-101,8425.83,1630.3,48.8,40.5,336.47,9.8,8,HAULING_EMPTY,FASTENED,45.7,RAMP_ACCESS_EAST,NORMAL,89.0,74.5,NONE,TSK-1032
2026-09-20T11:18:45Z,CAT-797F-102,OP-102,14215.33,1822.2,77.3,27.4,371.31,3.8,10,HAULING_LOADED,FASTENED,45.7,HAUL_ROAD_NORTH,SEVERE,94.4,76.0,NONE,TSK-1055
2026-09-20T11:18:45Z,CAT-6060-201,OP-103,5125.52,1949.9,81.1,3.0,589.33,16.5,4,EXCAVATING,FASTENED,9.6,PIT_FLOOR_BENCH_A,SEVERE,97.2,79.4,NONE,TSK-1005
2026-09-20T11:18:45Z,CAT-994K-301,OP-104,9866.13,1726.8,73.5,20.7,291.65,6.8,12,HAULING_LOADED,FASTENED,24.3,HAUL_ROAD_NORTH,NORMAL,92.8,78.1,NONE,TSK-1004
2026-09-20T11:18:45Z,CAT-D11-401,OP-105,16485.26,1983.7,91.4,1.0,380.1,6.8,4,DOZING,FASTENED,8.2,STAGING_BAY_4,MUDDY,97.2,79.4,NONE,TSK-1002
2026-09-20T11:19:30Z,CAT-797F-101,OP-101,8425.84,1697.6,45.1,35.0,337.17,9.8,8,HAULING_EMPTY,FASTENED,50.8,RAMP_ACCESS_EAST,NORMAL,89.0,74.4,NONE,TSK-1032
2026-09-20T11:19:30Z,CAT-797F-102,OP-102,14215.34,1918.4,87.7,17.3,372.48,3.8,10,HAULING_LOADED,FASTENED,23.4,HAUL_ROAD_NORTH,SEVERE,94.6,76.2,NONE,TSK-1055
2026-09-20T11:19:30Z,CAT-6060-201,OP-103,5125.54,1809.9,89.2,1.3,590.77,16.5,4,EXCAVATING,FASTENED,9.3,PIT_FLOOR_BENCH_A,SEVERE,97.2,79.5,ENG-TEMP-HIGH-01,TSK-1005
2026-09-20T11:19:30Z,CAT-994K-301,OP-104,9866.14,1897.9,76.7,16.6,292.58,6.8,12,HAULING_LOADED,FASTENED,22.2,HAUL_ROAD_NORTH,NORMAL,92.8,78.1,NONE,TSK-1004
2026-09-20T11:19:30Z,CAT-D11-401,OP-105,16485.28,1908.8,84.0,1.8,381.02,6.8,4,DOZING,FASTENED,21.8,STAGING_BAY_4,MUDDY,97.2,79.4,NONE,TSK-1002
2026-09-20T11:20:15Z,CAT-797F-101,OP-101,8425.85,1304.8,41.5,2.8,337.69,9.8,8,SPOTTING,FASTENED,9.8,CRUSHER_FEED_1,NORMAL,88.9,74.3,NONE,TSK-1032
2026-09-20T11:20:15Z,CAT-797F-102,OP-102,14215.35,1719.9,91.5,19.3,373.66,3.8,10,HAULING_LOADED,FASTENED,44.6,HAUL_ROAD_NORTH,SEVERE,94.9,76.4,NONE,TSK-1055
2026-09-20T11:20:15Z,CAT-6060-201,OP-103,5125.55,1806.8,77.4,4.0,592.21,16.5,4,EXCAVATING,FASTENED,10.6,PIT_FLOOR_BENCH_A,SEVERE,97.2,79.4,NONE,TSK-1005
2026-09-20T11:20:15Z,CAT-994K-301,OP-104,9866.15,1756.9,79.9,26.5,293.52,6.8,12,HAULING_LOADED,FASTENED,28.3,HAUL_ROAD_NORTH,NORMAL,92.8,78.1,NONE,TSK-1004
2026-09-20T11:20:15Z,CAT-D11-401,OP-105,16485.29,1942.2,79.1,2.0,381.94,6.8,4,DOZING,FASTENED,12.8,STAGING_BAY_4,MUDDY,97.2,79.3,ENG-TEMP-HIGH-01,TSK-1002
2026-09-20T11:21:00Z,CAT-797F-101,OP-101,8425.86,1349.4,42.9,1.3,338.2,9.8,8,SPOTTING,FASTENED,7.7,CRUSHER_FEED_1,NORMAL,88.8,74.3,NONE,TSK-1032
2026-09-20T11:21:00Z,CAT-797F-102,OP-102,14215.36,1823.5,90.1,16.8,374.84,3.8,10,HAULING_LOADED,FASTENED,41.2,HAUL_ROAD_NORTH,SEVERE,95.2,76.6,NONE,TSK-1055
2026-09-20T11:21:00Z,CAT-6060-201,OP-103,5125.56,1952.2,92.1,2.8,593.66,16.5,4,EXCAVATING,FASTENED,21.7,PIT_FLOOR_BENCH_A,SEVERE,97.3,79.5,NONE,TSK-1005
2026-09-20T11:21:00Z,CAT-994K-301,OP-104,9866.16,1870.3,85.6,16.8,294.45,6.8,12,HAULING_LOADED,FASTENED,27.3,RAMP_ACCESS_EAST,NORMAL,92.9,78.2,NONE,TSK-1004
2026-09-20T11:21:00Z,CAT-D11-401,OP-105,16485.3,1885.2,89.1,2.9,382.86,6.8,4,DOZING,FASTENED,15.0,STAGING_BAY_4,MUDDY,97.2,79.4,NONE,TSK-1002
2026-09-20T11:21:45Z,CAT-797F-101,OP-101,8425.88,1379.7,35.0,2.1,338.72,9.8,8,SPOTTING,FASTENED,6.8,CRUSHER_FEED_1,NORMAL,88.7,74.1,NONE,TSK-1032
2026-09-20T11:21:45Z,CAT-797F-102,OP-102,14215.38,1816.2,81.2,27.5,376.02,3.8,10,HAULING_LOADED,FASTENED,43.7,HAUL_ROAD_NORTH,SEVERE,95.3,76.7,NONE,TSK-1055
2026-09-20T11:21:45Z,CAT-6060-201,OP-103,5125.57,1889.1,92.1,2.8,595.1,16.5,4,EXCAVATING,FASTENED,10.0,PIT_FLOOR_BENCH_A,SEVERE,97.4,79.5,NONE,TSK-1005
2026-09-20T11:21:45Z,CAT-994K-301,OP-104,9866.18,1706.1,74.8,20.0,295.38,6.8,12,HAULING_LOADED,FASTENED,47.7,RAMP_ACCESS_EAST,NORMAL,92.9,78.2,NONE,TSK-1004
2026-09-20T11:21:45Z,CAT-D11-401,OP-105,16485.31,1869.8,75.3,4.2,383.77,6.8,4,DOZING,FASTENED,17.3,STAGING_BAY_4,MUDDY,97.2,79.3,NONE,TSK-1002
2026-09-20T11:22:30Z,CAT-797F-101,OP-101,8425.89,1478.5,62.8,0.2,339.38,9.8,8,LOADING,FASTENED,7.7,PIT_FLOOR_BENCH_A,NORMAL,88.8,74.2,NONE,TSK-1032
2026-09-20T11:22:30Z,CAT-797F-102,OP-102,14215.39,1798.1,78.1,27.9,377.2,3.8,10,HAULING_LOADED,FASTENED,35.4,HAUL_ROAD_NORTH,SEVERE,95.4,76.8,NONE,TSK-1055
2026-09-20T11:22:30Z,CAT-6060-201,OP-103,5125.59,1896.0,88.8,2.7,596.54,16.5,4,EXCAVATING,FASTENED,21.3,PIT_FLOOR_BENCH_A,SEVERE,97.4,79.6,NONE,TSK-1005
2026-09-20T11:22:30Z,CAT-994K-301,OP-104,9866.19,1714.9,91.2,16.8,296.32,6.8,12,HAULING_LOADED,FASTENED,29.1,RAMP_ACCESS_EAST,NORMAL,93.0,78.3,NONE,TSK-1004
2026-09-20T11:22:30Z,CAT-D11-401,OP-105,16485.33,1836.8,79.5,4.8,384.69,6.8,4,DOZING,FASTENED,19.3,STAGING_BAY_4,MUDDY,97.1,79.3,ENG-TEMP-HIGH-01,TSK-1002
2026-09-20T11:23:15Z,CAT-797F-101,OP-101,8425.9,1542.4,58.2,0.8,340.03,9.8,8,LOADING,FASTENED,9.4,PIT_FLOOR_BENCH_A,NORMAL,88.9,74.3,NONE,TSK-1032
2026-09-20T11:23:15Z,CAT-797F-102,OP-102,14215.4,1730.5,74.6,19.5,378.38,3.8,10,HAULING_LOADED,FASTENED,40.3,HAUL_ROAD_NORTH,SEVERE,95.5,76.9,NONE,TSK-1055
2026-09-20T11:23:15Z,CAT-6060-201,OP-103,5125.6,2009.2,82.0,4.9,597.99,16.5,4,EXCAVATING,FASTENED,8.9,PIT_FLOOR_BENCH_A,SEVERE,97.4,79.6,NONE,TSK-1005
2026-09-20T11:23:15Z,CAT-994K-301,OP-104,9866.2,1752.4,78.5,18.9,297.25,6.8,12,HAULING_LOADED,FASTENED,44.4,RAMP_ACCESS_EAST,NORMAL,93.0,78.3,NONE,TSK-1004
2026-09-20T11:23:15Z,CAT-D11-401,OP-105,16485.34,727.2,13.3,0.0,384.87,7.5,4,IDLE,FASTENED,22.1,STAGING_BAY_4,MUDDY,96.3,78.7,NONE,TSK-1002
2026-09-20T11:24:00Z,CAT-797F-101,OP-101,8425.91,1508.3,57.5,0.4,340.69,9.8,8,LOADING,FASTENED,9.2,PIT_FLOOR_BENCH_A,NORMAL,89.0,74.3,NONE,TSK-1032
2026-09-20T11:24:00Z,CAT-797F-102,OP-102,14215.41,1757.2,83.9,19.0,379.56,3.8,10,HAULING_LOADED,FASTENED,43.0,HAUL_ROAD_NORTH,SEVERE,95.6,77.0,NONE,TSK-1055
2026-09-20T11:24:00Z,CAT-6060-201,OP-103,5125.61,1890.9,75.4,3.0,599.43,16.5,4,EXCAVATING,FASTENED,9.3,PIT_FLOOR_BENCH_A,SEVERE,97.3,79.5,NONE,TSK-1005
2026-09-20T11:24:00Z,CAT-994K-301,OP-104,9866.21,1720.3,81.8,23.5,298.19,6.8,12,HAULING_LOADED,FASTENED,44.9,RAMP_ACCESS_EAST,NORMAL,93.0,78.4,NONE,TSK-1004
2026-09-20T11:24:00Z,CAT-D11-401,OP-105,16485.35,696.0,12.7,0.0,385.04,8.2,4,IDLE,FASTENED,24.9,STAGING_BAY_4,MUDDY,95.6,78.2,NONE,TSK-1002
2026-09-20T11:24:45Z,CAT-797F-101,OP-101,8425.93,1532.9,57.9,1.0,341.34,9.8,8,LOADING,FASTENED,6.3,PIT_FLOOR_BENCH_A,NORMAL,89.1,74.4,NONE,TSK-1032
2026-09-20T11:24:45Z,CAT-797F-102,OP-102,14215.43,1858.3,78.5,26.3,380.74,3.8,10,HAULING_LOADED,FASTENED,33.5,HAUL_ROAD_NORTH,SEVERE,95.7,77.1,NONE,TSK-1055
2026-09-20T11:24:45Z,CAT-6060-201,OP-103,5125.62,1831.8,81.1,4.9,600.88,16.5,4,EXCAVATING,FASTENED,16.5,PIT_FLOOR_BENCH_A,SEVERE,97.2,79.5,NONE,TSK-1005
2026-09-20T11:24:45Z,CAT-994K-301,OP-104,9866.23,1861.5,91.2,23.5,299.12,6.8,12,HAULING_LOADED,FASTENED,23.4,RAMP_ACCESS_EAST,NORMAL,93.2,78.5,NONE,TSK-1004
2026-09-20T11:24:45Z,CAT-D11-401,OP-105,16485.36,724.1,11.2,0.0,385.22,9.0,4,IDLE,FASTENED,25.2,STAGING_BAY_4,MUDDY,94.9,77.7,NONE,TSK-1002
2026-09-20T11:25:30Z,CAT-797F-101,OP-101,8425.94,1687.2,63.5,1.0,342.0,9.8,8,LOADING,FASTENED,6.1,PIT_FLOOR_BENCH_A,NORMAL,89.3,74.5,NONE,TSK-1032
2026-09-20T11:25:30Z,CAT-797F-102,OP-102,14215.44,1736.0,72.5,24.1,381.91,3.8,10,HAULING_LOADED,FASTENED,41.3,HAUL_ROAD_NORTH,SEVERE,95.7,77.1,NONE,TSK-1055
2026-09-20T11:25:30Z,CAT-6060-201,OP-103,5125.64,1889.5,92.3,1.6,602.32,16.5,4,EXCAVATING,FASTENED,16.8,PIT_FLOOR_BENCH_A,SEVERE,97.3,79.5,NONE,TSK-1005
2026-09-20T11:25:30Z,CAT-994K-301,OP-104,9866.24,1889.6,74.2,19.4,300.06,6.8,12,HAULING_LOADED,FASTENED,27.7,RAMP_ACCESS_EAST,NORMAL,93.1,78.5,NONE,TSK-1004
2026-09-20T11:25:30Z,CAT-D11-401,OP-105,16485.38,707.2,11.0,0.0,385.39,9.8,4,IDLE,FASTENED,15.8,STAGING_BAY_4,MUDDY,94.3,77.2,NONE,TSK-1002
2026-09-20T11:26:15Z,CAT-797F-101,OP-101,8425.95,1916.9,83.1,20.6,343.08,9.8,8,HAULING_LOADED,FASTENED,28.8,HAUL_ROAD_NORTH,NORMAL,89.6,74.7,NONE,TSK-1032
2026-09-20T11:26:15Z,CAT-797F-102,OP-102,14215.45,1837.5,84.6,24.1,383.09,3.8,10,HAULING_LOADED,FASTENED,31.1,HAUL_ROAD_NORTH,SEVERE,95.8,77.2,NONE,TSK-1055
2026-09-20T11:26:15Z,CAT-6060-201,OP-103,5125.65,2000.8,75.7,2.1,603.76,16.5,4,EXCAVATING,FASTENED,15.9,PIT_FLOOR_BENCH_A,SEVERE,97.2,79.4,NONE,TSK-1005
2026-09-20T11:26:15Z,CAT-994K-301,OP-104,9866.25,1714.0,86.3,17.6,300.99,6.8,12,HAULING_LOADED,FASTENED,21.8,RAMP_ACCESS_EAST,NORMAL,93.2,78.5,NONE,TSK-1004
2026-09-20T11:26:15Z,CAT-D11-401,OP-105,16485.39,689.1,13.1,0.0,385.57,10.5,4,IDLE,FASTENED,27.2,STAGING_BAY_4,MUDDY,93.7,76.7,NONE,TSK-1002
2026-09-20T11:27:00Z,CAT-797F-101,OP-101,8425.96,1888.7,91.4,20.2,344.16,9.8,8,HAULING_LOADED,FASTENED,31.6,HAUL_ROAD_NORTH,NORMAL,90.0,75.0,NONE,TSK-1032
2026-09-20T11:27:00Z,CAT-797F-102,OP-102,14215.46,1823.1,82.9,22.6,384.27,3.8,10,HAULING_LOADED,FASTENED,38.0,HAUL_ROAD_NORTH,SEVERE,95.9,77.3,NONE,TSK-1055
2026-09-20T11:27:00Z,CAT-6060-201,OP-103,5125.66,1796.5,90.6,4.3,605.21,16.5,4,EXCAVATING,FASTENED,14.3,PIT_FLOOR_BENCH_A,SEVERE,97.3,79.5,NONE,TSK-1005
2026-09-20T11:27:00Z,CAT-994K-301,OP-104,9866.26,1765.2,76.8,24.1,301.92,6.8,12,HAULING_LOADED,FASTENED,35.6,RAMP_ACCESS_EAST,NORMAL,93.2,78.5,NONE,TSK-1004
2026-09-20T11:27:00Z,CAT-D11-401,OP-105,16485.4,730.6,11.4,0.0,385.74,11.2,4,IDLE,FASTENED,14.6,STAGING_BAY_4,MUDDY,93.2,76.3,NONE,TSK-1002
2026-09-20T11:27:45Z,CAT-797F-101,OP-101,8425.98,1758.2,75.1,26.9,345.23,9.8,8,HAULING_LOADED,FASTENED,34.0,HAUL_ROAD_NORTH,NORMAL,90.2,75.1,NONE,TSK-1032
2026-09-20T11:27:45Z,CAT-797F-102,OP-102,14215.48,1889.0,85.4,16.2,385.45,3.8,10,HAULING_LOADED,FASTENED,41.4,HAUL_ROAD_NORTH,SEVERE,96.0,77.4,NONE,TSK-1055
2026-09-20T11:27:45Z,CAT-6060-201,OP-103,5125.67,1950.9,88.2,3.2,606.65,16.5,4,EXCAVATING,FASTENED,8.6,PIT_FLOOR_BENCH_A,SEVERE,97.3,79.5,NONE,TSK-1005
2026-09-20T11:27:45Z,CAT-994K-301,OP-104,9866.28,1845.7,72.1,24.8,302.86,6.8,12,HAULING_LOADED,FASTENED,36.3,RAMP_ACCESS_EAST,NORMAL,93.1,78.5,NONE,TSK-1004
2026-09-20T11:27:45Z,CAT-D11-401,OP-105,16485.41,703.8,10.9,0.0,385.92,12.0,4,IDLE,FASTENED,14.1,STAGING_BAY_4,MUDDY,92.7,75.8,NONE,TSK-1002
2026-09-20T11:28:30Z,CAT-797F-101,OP-101,8425.99,1855.7,77.3,20.7,346.31,9.8,8,HAULING_LOADED,FASTENED,30.9,HAUL_ROAD_NORTH,NORMAL,90.4,75.3,NONE,TSK-1032
2026-09-20T11:28:30Z,CAT-797F-102,OP-102,14215.49,1193.7,37.2,1.2,386.01,3.8,10,DUMPING,FASTENED,7.4,OVERBURDEN_DUMP_WEST,SEVERE,95.6,77.2,NONE,TSK-1055
2026-09-20T11:28:30Z,CAT-6060-201,OP-103,5125.69,1758.6,86.5,3.6,608.09,16.5,4,EXCAVATING,FASTENED,15.2,PIT_FLOOR_BENCH_A,SEVERE,97.4,79.5,NONE,TSK-1005
2026-09-20T11:28:30Z,CAT-994K-301,OP-104,9866.29,1710.4,88.1,25.3,303.79,6.8,12,HAULING_LOADED,FASTENED,44.5,RAMP_ACCESS_EAST,NORMAL,93.2,78.5,NONE,TSK-1004
2026-09-20T11:28:30Z,CAT-D11-401,OP-105,16485.43,714.2,14.5,0.0,386.09,12.8,4,IDLE,FASTENED,25.7,STAGING_BAY_4,MUDDY,92.3,75.5,NONE,TSK-1002
2026-09-20T11:29:15Z,CAT-797F-101,OP-101,8426.0,1921.7,88.4,20.5,347.39,9.8,8,HAULING_LOADED,FASTENED,21.5,HAUL_ROAD_NORTH,NORMAL,90.7,75.5,NONE,TSK-1032
2026-09-20T11:29:15Z,CAT-797F-102,OP-102,14215.5,1258.7,46.2,1.2,386.58,3.8,10,DUMPING,FASTENED,10.3,OVERBURDEN_DUMP_WEST,SEVERE,95.3,77.0,NONE,TSK-1055
2026-09-20T11:29:15Z,CAT-6060-201,OP-103,5125.7,1814.9,78.4,2.3,609.54,16.5,4,EXCAVATING,FASTENED,15.0,PIT_FLOOR_BENCH_A,SEVERE,97.3,79.5,NONE,TSK-1005
2026-09-20T11:29:15Z,CAT-994K-301,OP-104,9866.3,1814.5,79.8,25.4,304.73,6.8,12,HAULING_LOADED,FASTENED,45.8,RAMP_ACCESS_EAST,NORMAL,93.2,78.6,NONE,TSK-1004
2026-09-20T11:29:15Z,CAT-D11-401,OP-105,16485.44,715.8,14.8,0.0,386.27,13.5,4,IDLE,FASTENED,23.3,STAGING_BAY_4,MUDDY,91.9,75.1,NONE,TSK-1002
2026-09-20T11:30:00Z,CAT-797F-101,OP-101,8426.01,1719.4,74.1,16.0,348.47,9.8,8,HAULING_LOADED,FASTENED,20.9,HAUL_ROAD_NORTH,NORMAL,90.9,75.7,NONE,TSK-1032
2026-09-20T11:30:00Z,CAT-797F-102,OP-102,14215.51,1103.1,36.4,0.5,387.14,3.8,10,DUMPING,FASTENED,9.8,OVERBURDEN_DUMP_WEST,SEVERE,94.9,76.7,NONE,TSK-1055
2026-09-20T11:30:00Z,CAT-6060-201,OP-103,5125.71,2038.4,76.8,2.5,610.98,16.5,4,EXCAVATING,FASTENED,17.0,PIT_FLOOR_BENCH_A,SEVERE,97.2,79.4,NONE,TSK-1005
2026-09-20T11:30:00Z,CAT-994K-301,OP-104,9866.31,1793.2,77.6,24.2,305.66,6.8,12,HAULING_LOADED,FASTENED,28.3,RAMP_ACCESS_EAST,NORMAL,93.1,78.6,NONE,TSK-1004
2026-09-20T11:30:00Z,CAT-D11-401,OP-105,16485.45,687.2,10.9,0.0,386.44,14.2,4,IDLE,FASTENED,20.4,STAGING_BAY_4,MUDDY,91.5,74.7,NONE,TSK-1002
2026-09-20T11:30:45Z,CAT-797F-101,OP-101,8426.03,1945.8,90.3,17.5,349.55,9.8,8,HAULING_LOADED,FASTENED,37.8,HAUL_ROAD_NORTH,NORMAL,91.2,75.9,NONE,TSK-1032
2026-09-20T11:30:45Z,CAT-797F-102,OP-102,14215.53,1322.0,46.1,3.0,387.71,3.8,10,DUMPING,FASTENED,7.8,OVERBURDEN_DUMP_WEST,SEVERE,94.7,76.5,NONE,TSK-1055
2026-09-20T11:30:45Z,CAT-6060-201,OP-103,5125.72,1967.4,83.6,4.5,612.43,16.5,4,EXCAVATING,FASTENED,17.7,PIT_FLOOR_BENCH_A,SEVERE,97.2,79.4,ENG-TEMP-HIGH-01,TSK-1005
2026-09-20T11:30:45Z,CAT-994K-301,OP-104,9866.33,1840.8,73.3,24.6,306.6,6.8,12,HAULING_LOADED,FASTENED,26.0,RAMP_ACCESS_EAST,NORMAL,93.1,78.5,NONE,TSK-1004
2026-09-20T11:30:45Z,CAT-D11-401,OP-105,16485.46,1899.2,90.8,2.6,387.36,14.2,5,DOZING,FASTENED,21.6,STAGING_BAY_4,MUDDY,92.1,75.0,NONE,TSK-1002
2026-09-20T11:31:30Z,CAT-797F-101,OP-101,8426.04,1711.0,73.3,25.6,350.62,9.8,8,HAULING_LOADED,FASTENED,27.9,HAUL_ROAD_NORTH,NORMAL,91.3,76.0,NONE,TSK-1032
2026-09-20T11:31:30Z,CAT-797F-102,OP-102,14215.54,1507.8,47.4,39.3,388.47,3.8,11,HAULING_EMPTY,FASTENED,29.7,HAUL_ROAD_SOUTH,SEVERE,94.5,76.4,NONE,TSK-1055
2026-09-20T11:31:30Z,CAT-6060-201,OP-103,5125.74,1750.6,87.4,4.5,613.87,16.5,4,EXCAVATING,FASTENED,19.7,PIT_FLOOR_BENCH_A,SEVERE,97.3,79.5,NONE,TSK-1005
2026-09-20T11:31:30Z,CAT-994K-301,OP-104,9866.34,1822.1,76.6,26.6,307.53,6.8,12,HAULING_LOADED,FASTENED,21.3,RAMP_ACCESS_EAST,NORMAL,93.0,78.5,NONE,TSK-1004
2026-09-20T11:31:30Z,CAT-D11-401,OP-105,16485.48,1929.4,83.7,2.9,388.28,14.2,5,DOZING,FASTENED,10.3,STAGING_BAY_4,MUDDY,92.5,75.3,NONE,TSK-1002
2026-09-20T11:32:15Z,CAT-797F-101,OP-101,8426.05,1792.8,83.0,17.8,351.7,9.8,8,HAULING_LOADED,FASTENED,40.6,HAUL_ROAD_NORTH,NORMAL,91.5,76.2,NONE,TSK-1032
2026-09-20T11:32:15Z,CAT-797F-102,OP-102,14215.55,1555.7,50.0,32.2,389.24,3.8,11,HAULING_EMPTY,FASTENED,33.5,HAUL_ROAD_SOUTH,MUDDY,94.3,76.3,NONE,TSK-1062
2026-09-20T11:32:15Z,CAT-6060-201,OP-103,5125.75,1994.3,89.3,3.0,615.31,16.5,4,EXCAVATING,FASTENED,15.6,PIT_FLOOR_BENCH_A,SEVERE,97.3,79.5,NONE,TSK-1005
2026-09-20T11:32:15Z,CAT-994K-301,OP-104,9866.35,1727.4,67.9,0.5,308.1,6.8,13,LOADING,FASTENED,8.7,PIT_FLOOR_BENCH_B,NORMAL,92.9,78.4,NONE,TSK-1004
2026-09-20T11:32:15Z,CAT-D11-401,OP-105,16485.49,2016.9,81.5,4.7,389.2,14.2,5,DOZING,FASTENED,21.8,STAGING_BAY_4,MUDDY,92.8,75.4,NONE,TSK-1002
2026-09-20T11:33:00Z,CAT-797F-101,OP-101,8426.06,1785.4,84.7,25.3,352.78,9.8,8,HAULING_LOADED,FASTENED,43.8,HAUL_ROAD_NORTH,NORMAL,91.6,76.3,NONE,TSK-1032
2026-09-20T11:33:00Z,CAT-797F-102,OP-102,14215.56,1812.7,57.8,38.4,390.01,3.8,11,HAULING_EMPTY,FASTENED,35.1,HAUL_ROAD_SOUTH,MUDDY,94.3,76.2,NONE,TSK-1062
2026-09-20T11:33:00Z,CAT-6060-201,OP-103,5125.76,711.2,13.5,0.0,615.59,17.2,4,IDLE,FASTENED,17.6,STAGING_BAY_4,SEVERE,96.5,78.9,NONE,TSK-1005
2026-09-20T11:33:00Z,CAT-994K-301,OP-104,9866.36,1671.9,68.7,0.9,308.67,6.8,13,LOADING,FASTENED,8.4,PIT_FLOOR_BENCH_B,NORMAL,92.8,78.3,NONE,TSK-1004
2026-09-20T11:33:00Z,CAT-D11-401,OP-105,16485.5,2000.9,82.1,4.7,390.12,14.2,5,DOZING,FASTENED,15.3,STAGING_BAY_4,MUDDY,93.2,75.6,NONE,TSK-1002
2026-09-20T11:33:45Z,CAT-797F-101,OP-101,8426.08,1754.8,79.0,21.1,353.86,9.8,8,HAULING_LOADED,FASTENED,41.0,HAUL_ROAD_NORTH,NORMAL,91.8,76.4,NONE,TSK-1032
2026-09-20T11:33:45Z,CAT-797F-102,OP-102,14215.58,1705.0,51.1,38.6,390.78,3.8,11,HAULING_EMPTY,FASTENED,51.5,HAUL_ROAD_SOUTH,MUDDY,94.1,76.1,NONE,TSK-1062
2026-09-20T11:33:45Z,CAT-6060-201,OP-103,5125.77,680.0,14.8,0.0,615.86,18.0,4,IDLE,FASTENED,21.1,STAGING_BAY_4,SEVERE,95.8,78.4,NONE,TSK-1005
2026-09-20T11:33:45Z,CAT-994K-301,OP-104,9866.38,1493.3,56.4,1.1,309.24,6.8,13,LOADING,FASTENED,7.2,PIT_FLOOR_BENCH_B,NORMAL,92.6,78.2,NONE,TSK-1004
2026-09-20T11:33:45Z,CAT-D11-401,OP-105,16485.51,1997.6,85.3,1.4,391.04,14.2,5,DOZING,FASTENED,19.4,STAGING_BAY_4,MUDDY,93.5,75.8,NONE,TSK-1002
2026-09-20T11:34:30Z,CAT-797F-101,OP-101,8426.09,1182.8,35.3,2.7,354.38,9.8,8,DUMPING,FASTENED,11.6,OVERBURDEN_DUMP_WEST,NORMAL,91.4,76.2,NONE,TSK-1032
2026-09-20T11:34:30Z,CAT-797F-102,OP-102,14215.59,1644.8,44.4,40.5,391.55,3.8,11,HAULING_EMPTY,FASTENED,43.8,HAUL_ROAD_SOUTH,MUDDY,94.0,76.0,NONE,TSK-1062
2026-09-20T11:34:30Z,CAT-6060-201,OP-103,5125.79,715.9,12.1,0.0,616.14,18.8,4,IDLE,FASTENED,19.2,STAGING_BAY_4,SEVERE,95.1,77.9,NONE,TSK-1005
2026-09-20T11:34:30Z,CAT-994K-301,OP-104,9866.39,1635.8,73.4,0.8,309.81,6.8,13,LOADING,FASTENED,9.0,PIT_FLOOR_BENCH_B,NORMAL,92.6,78.2,NONE,TSK-1004
2026-09-20T11:34:30Z,CAT-D11-401,OP-105,16485.53,2043.1,84.5,2.4,391.96,14.2,5,DOZING,FASTENED,11.6,STAGING_BAY_4,MUDDY,93.8,76.0,NONE,TSK-1002
2026-09-20T11:35:15Z,CAT-797F-101,OP-101,8426.1,1323.4,44.0,2.6,354.89,9.8,8,DUMPING,FASTENED,9.7,OVERBURDEN_DUMP_WEST,NORMAL,91.1,76.0,NONE,TSK-1032
2026-09-20T11:35:15Z,CAT-797F-102,OP-102,14215.6,1781.8,61.0,36.0,392.32,3.8,11,HAULING_EMPTY,FASTENED,54.8,HAUL_ROAD_SOUTH,MUDDY,94.0,76.0,NONE,TSK-1062
2026-09-20T11:35:15Z,CAT-6060-201,OP-103,5125.8,1233.0,40.7,0.7,616.89,18.8,4,SPOTTING,FASTENED,11.9,CRUSHER_FEED_1,SEVERE,94.8,77.6,NONE,TSK-1005
2026-09-20T11:35:15Z,CAT-994K-301,OP-104,9866.4,1726.7,64.1,0.9,310.37,6.8,13,LOADING,FASTENED,7.2,PIT_FLOOR_BENCH_B,NORMAL,92.4,78.1,NONE,TSK-1004
2026-09-20T11:35:15Z,CAT-D11-401,OP-105,16485.54,1760.3,80.9,4.1,392.87,14.2,5,DOZING,FASTENED,20.0,STAGING_BAY_4,MUDDY,94.1,76.2,NONE,TSK-1002
2026-09-20T11:36:00Z,CAT-797F-101,OP-101,8426.11,1215.0,32.2,0.8,355.41,9.8,8,DUMPING,FASTENED,13.0,OVERBURDEN_DUMP_WEST,NORMAL,90.7,75.8,NONE,TSK-1032
2026-09-20T11:36:00Z,CAT-797F-102,OP-102,14215.61,1799.4,50.9,32.8,393.09,3.8,11,HAULING_EMPTY,FASTENED,37.3,HAUL_ROAD_SOUTH,MUDDY,93.9,75.9,NONE,TSK-1062
2026-09-20T11:36:00Z,CAT-6060-201,OP-103,5125.81,1208.7,46.8,2.3,617.65,18.8,4,SPOTTING,FASTENED,6.9,CRUSHER_FEED_1,SEVERE,94.6,77.4,NONE,TSK-1005
2026-09-20T11:36:00Z,CAT-994K-301,OP-104,9866.41,1720.7,60.9,0.2,310.94,6.8,13,LOADING,FASTENED,7.5,PIT_FLOOR_BENCH_A,NORMAL,92.3,77.9,NONE,TSK-1004
2026-09-20T11:36:00Z,CAT-D11-401,OP-105,16485.55,1782.9,77.9,4.3,393.79,14.2,5,DOZING,FASTENED,10.8,STAGING_BAY_4,MUDDY,94.2,76.3,NONE,TSK-1002
2026-09-20T11:36:45Z,CAT-797F-101,OP-101,8426.13,726.3,10.3,0.0,355.59,10.5,8,IDLE,FASTENED,16.6,STAGING_BAY_4,NORMAL,90.2,75.4,NONE,TSK-1032
2026-09-20T11:36:45Z,CAT-797F-102,OP-102,14215.63,1718.6,58.9,28.0,393.86,3.8,11,HAULING_EMPTY,FASTENED,36.7,HAUL_ROAD_SOUTH,MUDDY,93.8,75.9,NONE,TSK-1062
2026-09-20T11:36:45Z,CAT-6060-201,OP-103,5125.82,689.9,10.8,0.0,617.93,19.5,4,IDLE,FASTENED,27.7,STAGING_BAY_4,SEVERE,94.0,76.9,NONE,TSK-1005
2026-09-20T11:36:45Z,CAT-994K-301,OP-104,9866.43,1457.1,64.9,1.0,311.51,6.8,13,LOADING,FASTENED,8.1,PIT_FLOOR_BENCH_A,NORMAL,92.2,77.9,NONE,TSK-1004
2026-09-20T11:36:45Z,CAT-D11-401,OP-105,16485.56,2019.3,82.0,3.2,394.71,14.2,5,DOZING,FASTENED,13.9,STAGING_BAY_4,MUDDY,94.5,76.4,NONE,TSK-1002
2026-09-20T11:37:30Z,CAT-797F-101,OP-101,8426.14,706.2,14.2,0.0,355.78,11.2,8,IDLE,FASTENED,14.9,STAGING_BAY_4,NORMAL,89.7,75.0,NONE,TSK-1032
2026-09-20T11:37:30Z,CAT-797F-102,OP-102,14215.64,1780.9,55.3,32.3,394.62,3.8,11,HAULING_EMPTY,FASTENED,38.7,HAUL_ROAD_SOUTH,MUDDY,93.8,75.8,NONE,TSK-1062
2026-09-20T11:37:30Z,CAT-6060-201,OP-103,5125.84,735.7,10.8,0.0,618.2,20.2,4,IDLE,FASTENED,14.3,STAGING_BAY_4,SEVERE,93.4,76.5,NONE,TSK-1005
2026-09-20T11:37:30Z,CAT-994K-301,OP-104,9866.44,1506.0,58.9,0.8,312.08,6.8,13,LOADING,FASTENED,8.7,PIT_FLOOR_BENCH_A,NORMAL,92.0,77.7,NONE,TSK-1004
2026-09-20T11:37:30Z,CAT-D11-401,OP-105,16485.58,1805.7,82.9,3.2,395.63,14.2,5,DOZING,FASTENED,11.3,STAGING_BAY_4,MUDDY,94.7,76.6,NONE,TSK-1002
2026-09-20T11:38:15Z,CAT-797F-101,OP-101,8426.15,688.0,14.2,0.0,355.97,12.0,8,IDLE,FASTENED,14.2,STAGING_BAY_4,NORMAL,89.2,74.7,NONE,TSK-1032
2026-09-20T11:38:15Z,CAT-797F-102,OP-102,14215.65,1752.2,44.3,35.7,395.39,3.8,11,HAULING_EMPTY,FASTENED,41.3,HAUL_ROAD_SOUTH,MUDDY,93.6,75.7,NONE,TSK-1062
2026-09-20T11:38:15Z,CAT-6060-201,OP-103,5125.85,732.8,10.8,0.0,618.48,21.0,4,IDLE,FASTENED,26.9,STAGING_BAY_4,SEVERE,92.9,76.0,NONE,TSK-1005
2026-09-20T11:38:15Z,CAT-994K-301,OP-104,9866.45,1690.4,58.8,0.6,312.65,6.8,13,LOADING,FASTENED,8.4,PIT_FLOOR_BENCH_A,NORMAL,91.9,77.6,NONE,TSK-1004
2026-09-20T11:38:15Z,CAT-D11-401,OP-105,16485.59,1866.4,87.0,3.2,396.55,14.2,5,DOZING,FASTENED,19.3,STAGING_BAY_4,MUDDY,94.9,76.7,NONE,TSK-1002
2026-09-20T11:39:00Z,CAT-797F-101,OP-101,8426.16,687.6,13.1,0.0,356.16,12.8,8,IDLE,FASTENED,26.1,STAGING_BAY_4,NORMAL,88.8,74.4,NONE,TSK-1032
2026-09-20T11:39:00Z,CAT-797F-102,OP-102,14215.66,1664.3,61.7,33.9,396.16,3.8,11,HAULING_EMPTY,FASTENED,30.2,HAUL_ROAD_SOUTH,MUDDY,93.7,75.7,NONE,TSK-1062
2026-09-20T11:39:00Z,CAT-6060-201,OP-103,5125.86,736.3,15.0,0.0,618.75,21.8,4,IDLE,FASTENED,19.7,STAGING_BAY_4,SEVERE,92.5,75.6,NONE,TSK-1005
2026-09-20T11:39:00Z,CAT-994K-301,OP-104,9866.46,1462.9,61.4,0.5,313.22,6.8,13,LOADING,FASTENED,7.0,PIT_FLOOR_BENCH_A,NORMAL,91.8,77.5,NONE,TSK-1004
2026-09-20T11:39:00Z,CAT-D11-401,OP-105,16485.6,1862.1,83.5,4.3,397.47,14.2,5,DOZING,FASTENED,11.1,STAGING_BAY_4,MUDDY,95.1,76.9,NONE,TSK-1002
2026-09-20T11:39:45Z,CAT-797F-101,OP-101,8426.18,1803.8,52.2,31.1,356.86,12.8,8,HAULING_EMPTY,FASTENED,50.8,RAMP_ACCESS_EAST,NORMAL,88.8,74.4,NONE,TSK-1032
2026-09-20T11:39:45Z,CAT-797F-102,OP-102,14215.68,1577.2,52.4,32.7,396.93,3.8,11,HAULING_EMPTY,FASTENED,24.5,HAUL_ROAD_SOUTH,MUDDY,93.6,75.6,NONE,TSK-1062
2026-09-20T11:39:45Z,CAT-6060-201,OP-103,5125.87,705.0,13.4,0.0,619.03,22.5,4,IDLE,FASTENED,23.9,STAGING_BAY_4,SEVERE,92.1,75.3,NONE,TSK-1005
2026-09-20T11:39:45Z,CAT-994K-301,OP-104,9866.48,1681.9,55.8,0.3,313.79,6.8,13,LOADING,FASTENED,7.4,PIT_FLOOR_BENCH_A,NORMAL,91.6,77.4,NONE,TSK-1004
2026-09-20T11:39:45Z,CAT-D11-401,OP-105,16485.61,2046.0,81.5,4.3,398.39,14.2,5,DOZING,FASTENED,16.5,STAGING_BAY_4,MUDDY,95.2,77.0,NONE,TSK-1002
2026-09-20T11:40:30Z,CAT-797F-101,OP-101,8426.19,1773.7,51.4,32.5,357.56,12.8,8,HAULING_EMPTY,FASTENED,47.0,RAMP_ACCESS_EAST,NORMAL,88.9,74.4,NONE,TSK-1032
2026-09-20T11:40:30Z,CAT-797F-102,OP-102,14215.69,1688.7,53.2,35.9,397.7,3.8,11,HAULING_EMPTY,FASTENED,41.8,HAUL_ROAD_SOUTH,MUDDY,93.5,75.6,NONE,TSK-1062
2026-09-20T11:40:30Z,CAT-6060-201,OP-103,5125.89,688.2,12.0,0.0,619.3,23.2,4,IDLE,FASTENED,23.7,STAGING_BAY_4,SEVERE,91.7,74.9,NONE,TSK-1005
2026-09-20T11:40:30Z,CAT-994K-301,OP-104,9866.49,1609.8,67.3,0.1,314.36,6.8,13,LOADING,FASTENED,9.1,PIT_FLOOR_BENCH_A,NORMAL,91.6,77.4,NONE,TSK-1004
2026-09-20T11:40:30Z,CAT-D11-401,OP-105,16485.63,2012.4,86.3,1.9,399.31,14.2,5,DOZING,FASTENED,21.0,STAGING_BAY_4,MUDDY,95.4,77.1,NONE,TSK-1002
2026-09-20T11:41:15Z,CAT-797F-101,OP-101,8426.2,1576.6,45.8,41.0,358.27,12.8,8,HAULING_EMPTY,FASTENED,28.3,RAMP_ACCESS_EAST,NORMAL,88.8,74.3,NONE,TSK-1032
2026-09-20T11:41:15Z,CAT-797F-102,OP-102,14215.7,1716.4,47.6,34.5,398.47,3.8,11,HAULING_EMPTY,FASTENED,44.1,HAUL_ROAD_SOUTH,MUDDY,93.4,75.5,NONE,TSK-1062
2026-09-20T11:41:15Z,CAT-6060-201,OP-103,5125.9,716.8,14.7,0.0,619.58,24.0,4,IDLE,FASTENED,25.2,STAGING_BAY_4,SEVERE,91.4,74.6,NONE,TSK-1005
2026-09-20T11:41:15Z,CAT-994K-301,OP-104,9866.5,1511.3,64.3,0.6,314.92,6.8,13,LOADING,FASTENED,6.6,PIT_FLOOR_BENCH_B,NORMAL,91.6,77.3,NONE,TSK-1004
2026-09-20T11:41:15Z,CAT-D11-401,OP-105,16485.64,1837.4,79.7,3.4,400.22,14.2,5,DOZING,FASTENED,16.9,STAGING_BAY_4,MUDDY,95.5,77.2,NONE,TSK-1002
2026-09-20T11:42:00Z,CAT-797F-101,OP-101,8426.21,1783.9,58.2,30.6,358.97,12.8,8,HAULING_EMPTY,FASTENED,34.9,RAMP_ACCESS_EAST,NORMAL,88.9,74.4,NONE,TSK-1032
2026-09-20T11:42:00Z,CAT-797F-102,OP-102,14215.71,1798.4,51.2,30.0,399.24,3.8,11,HAULING_EMPTY,FASTENED,30.4,HAUL_ROAD_SOUTH,MUDDY,93.4,75.4,NONE,TSK-1062
2026-09-20T11:42:00Z,CAT-6060-201,OP-103,5125.91,687.5,12.3,0.0,619.85,24.8,4,IDLE,FASTENED,21.7,STAGING_BAY_4,SEVERE,91.0,74.2,NONE,TSK-1005
2026-09-20T11:42:00Z,CAT-994K-301,OP-104,9866.51,1470.0,71.2,0.3,315.49,6.8,13,LOADING,FASTENED,8.5,PIT_FLOOR_BENCH_B,NORMAL,91.6,77.3,NONE,TSK-1004
2026-09-20T11:42:00Z,CAT-D11-401,OP-105,16485.65,1915.2,90.6,3.0,401.14,14.2,5,DOZING,FASTENED,13.9,STAGING_BAY_4,MUDDY,95.7,77.4,NONE,TSK-1002
2026-09-20T11:42:45Z,CAT-797F-101,OP-101,8426.23,1814.1,54.6,32.6,359.67,12.8,8,HAULING_EMPTY,FASTENED,25.6,RAMP_ACCESS_EAST,NORMAL,89.0,74.4,NONE,TSK-1032
2026-09-20T11:42:45Z,CAT-797F-102,OP-102,14215.73,1133.4,34.9,1.5,399.8,3.8,11,SPOTTING,FASTENED,12.5,CRUSHER_FEED_1,MUDDY,93.1,75.2,NONE,TSK-1062
2026-09-20T11:42:45Z,CAT-6060-201,OP-103,5125.92,686.4,13.2,0.0,620.13,25.5,4,IDLE,FASTENED,15.8,STAGING_BAY_4,SEVERE,90.7,73.9,NONE,TSK-1005
2026-09-20T11:42:45Z,CAT-994K-301,OP-104,9866.53,1672.9,63.5,0.0,316.06,6.8,13,LOADING,FASTENED,9.3,PIT_FLOOR_BENCH_B,NORMAL,91.5,77.3,NONE,TSK-1004
2026-09-20T11:42:45Z,CAT-D11-401,OP-105,16485.66,1783.4,93.6,3.9,402.06,14.2,5,DOZING,FASTENED,12.0,STAGING_BAY_4,MUDDY,96.0,77.5,NONE,TSK-1002
2026-09-20T11:43:30Z,CAT-797F-101,OP-101,8426.24,1570.5,54.1,37.2,360.38,12.8,8,HAULING_EMPTY,FASTENED,52.6,RAMP_ACCESS_EAST,NORMAL,89.0,74.4,NONE,TSK-1032
2026-09-20T11:43:30Z,CAT-797F-102,OP-102,14215.74,1166.2,32.4,2.1,400.37,3.8,11,SPOTTING,FASTENED,12.2,CRUSHER_FEED_1,MUDDY,92.9,75.0,NONE,TSK-1062
2026-09-20T11:43:30Z,CAT-6060-201,OP-103,5125.94,738.0,12.3,0.0,620.4,26.2,4,IDLE,FASTENED,21.6,STAGING_BAY_4,SEVERE,90.4,73.6,NONE,TSK-1005
2026-09-20T11:43:30Z,CAT-994K-301,OP-104,9866.54,1498.1,66.4,0.7,316.63,6.8,13,LOADING,FASTENED,10.9,PIT_FLOOR_BENCH_B,NORMAL,91.5,77.2,NONE,TSK-1004
2026-09-20T11:43:30Z,CAT-D11-401,OP-105,16485.68,1787.4,79.7,2.6,402.98,14.2,5,DOZING,FASTENED,11.4,STAGING_BAY_4,MUDDY,96.0,77.6,NONE,TSK-1002
2026-09-20T11:44:15Z,CAT-797F-101,OP-101,8426.25,1785.4,60.4,28.9,361.08,12.8,8,HAULING_EMPTY,FASTENED,22.1,RAMP_ACCESS_EAST,NORMAL,89.1,74.5,NONE,TSK-1032
2026-09-20T11:44:15Z,CAT-797F-102,OP-102,14215.75,1221.9,45.8,2.8,400.93,3.8,11,SPOTTING,FASTENED,9.8,CRUSHER_FEED_1,MUDDY,92.8,74.9,NONE,TSK-1062
2026-09-20T11:44:15Z,CAT-6060-201,OP-103,5125.95,730.8,12.5,0.0,620.68,27.0,4,IDLE,FASTENED,20.2,STAGING_BAY_4,SEVERE,90.2,73.4,NONE,TSK-1005
2026-09-20T11:44:15Z,CAT-994K-301,OP-104,9866.55,1716.4,72.0,0.9,317.2,6.8,13,LOADING,FASTENED,6.1,PIT_FLOOR_BENCH_B,NORMAL,91.6,77.2,NONE,TSK-1004
2026-09-20T11:44:15Z,CAT-D11-401,OP-105,16485.69,1811.5,87.8,2.7,403.9,14.2,5,DOZING,FASTENED,20.3,STAGING_BAY_4,MUDDY,96.2,77.7,NONE,TSK-1002
2026-09-20T11:45:00Z,CAT-797F-101,OP-101,8426.26,1506.6,52.2,30.8,361.78,12.8,8,HAULING_EMPTY,FASTENED,36.6,RAMP_ACCESS_EAST,NORMAL,89.2,74.5,NONE,TSK-1032
2026-09-20T11:45:00Z,CAT-797F-102,OP-102,14215.76,1630.3,69.0,0.5,401.65,3.8,11,LOADING,FASTENED,9.9,PIT_FLOOR_BENCH_A,MUDDY,93.0,75.0,NONE,TSK-1062
2026-09-20T11:45:00Z,CAT-6060-201,OP-103,5125.96,698.9,12.4,0.0,620.95,27.8,4,IDLE,FASTENED,17.5,STAGING_BAY_4,SEVERE,90.0,73.1,NONE,TSK-1005
2026-09-20T11:45:00Z,CAT-994K-301,OP-104,9866.56,1519.3,67.0,0.6,317.77,6.8,13,LOADING,FASTENED,6.1,PIT_FLOOR_BENCH_B,NORMAL,91.5,77.2,NONE,TSK-1004
2026-09-20T11:45:00Z,CAT-D11-401,OP-105,16485.7,1823.2,88.3,2.8,404.82,14.2,5,DOZING,FASTENED,19.2,STAGING_BAY_4,MUDDY,96.3,77.8,NONE,TSK-1002
2026-09-20T11:45:45Z,CAT-797F-101,OP-101,8426.28,1610.5,49.6,32.6,362.48,12.8,8,HAULING_EMPTY,FASTENED,45.9,RAMP_ACCESS_EAST,NORMAL,89.1,74.4,NONE,TSK-1032
2026-09-20T11:45:45Z,CAT-797F-102,OP-102,14215.78,1476.8,60.1,0.3,402.36,3.8,11,LOADING,FASTENED,7.8,PIT_FLOOR_BENCH_A,MUDDY,93.1,75.1,NONE,TSK-1062
2026-09-20T11:45:45Z,CAT-6060-201,OP-103,5125.97,708.7,11.0,0.0,621.23,28.5,4,IDLE,FASTENED,26.0,STAGING_BAY_4,SEVERE,89.7,72.8,NONE,TSK-1005
2026-09-20T11:45:45Z,CAT-994K-301,OP-104,9866.58,1743.7,62.3,0.9,318.34,6.8,13,LOADING,FASTENED,6.4,PIT_FLOOR_BENCH_A,NORMAL,91.5,77.2,NONE,TSK-1004
2026-09-20T11:45:45Z,CAT-D11-401,OP-105,16485.71,1777.7,88.2,1.2,405.74,14.2,5,DOZING,FASTENED,9.1,STAGING_BAY_4,MUDDY,96.4,78.0,NONE,TSK-1002
2026-09-20T11:46:30Z,CAT-797F-101,OP-101,8426.29,1645.0,47.9,39.0,363.19,12.8,8,HAULING_EMPTY,FASTENED,31.2,RAMP_ACCESS_EAST,NORMAL,89.1,74.4,NONE,TSK-1032
2026-09-20T11:46:30Z,CAT-797F-102,OP-102,14215.79,1518.7,61.2,0.6,403.08,3.8,11,LOADING,FASTENED,7.2,PIT_FLOOR_BENCH_A,MUDDY,93.2,75.1,NONE,TSK-1062
2026-09-20T11:46:30Z,CAT-6060-201,OP-103,5125.99,1836.5,83.9,2.7,622.67,28.5,5,EXCAVATING,FASTENED,10.4,PIT_FLOOR_BENCH_A,SEVERE,90.3,73.2,NONE,TSK-1005
2026-09-20T11:46:30Z,CAT-994K-301,OP-104,9866.59,1738.4,67.1,0.1,318.91,6.8,13,LOADING,FASTENED,9.9,PIT_FLOOR_BENCH_A,NORMAL,91.5,77.1,NONE,TSK-1004
2026-09-20T11:46:30Z,CAT-D11-401,OP-105,16485.73,1984.9,85.1,4.1,406.66,14.2,5,DOZING,FASTENED,15.7,STAGING_BAY_4,MUDDY,96.5,78.0,NONE,TSK-1002
2026-09-20T11:47:15Z,CAT-797F-101,OP-101,8426.3,1670.8,45.7,37.8,363.89,12.8,8,HAULING_EMPTY,FASTENED,32.7,RAMP_ACCESS_EAST,NORMAL,89.0,74.3,NONE,TSK-1032
2026-09-20T11:47:15Z,CAT-797F-102,OP-102,14215.8,1531.7,71.3,0.6,403.8,3.8,11,LOADING,FASTENED,10.5,PIT_FLOOR_BENCH_A,MUDDY,93.3,75.2,NONE,TSK-1062
2026-09-20T11:47:15Z,CAT-6060-201,OP-103,5126.0,1800.1,83.9,4.4,624.11,28.5,5,EXCAVATING,FASTENED,11.4,PIT_FLOOR_BENCH_A,SEVERE,90.9,73.5,NONE,TSK-1005
2026-09-20T11:47:15Z,CAT-994K-301,OP-104,9866.6,1560.2,70.7,0.6,319.47,6.8,13,LOADING,FASTENED,8.3,PIT_FLOOR_BENCH_A,NORMAL,91.5,77.1,NONE,TSK-1004
2026-09-20T11:47:15Z,CAT-D11-401,OP-105,16485.74,1964.0,78.1,3.4,407.57,14.2,5,DOZING,FASTENED,8.6,STAGING_BAY_4,MUDDY,96.5,78.1,NONE,TSK-1002
2026-09-20T11:48:00Z,CAT-797F-101,OP-101,8426.31,1543.5,47.7,33.3,364.59,12.8,8,HAULING_EMPTY,FASTENED,38.2,RAMP_ACCESS_EAST,NORMAL,89.0,74.3,NONE,TSK-1032
2026-09-20T11:48:00Z,CAT-797F-102,OP-102,14215.81,1615.1,69.5,1.1,404.52,3.8,11,LOADING,FASTENED,8.3,PIT_FLOOR_BENCH_A,MUDDY,93.5,75.3,NONE,TSK-1062
2026-09-20T11:48:00Z,CAT-6060-201,OP-103,5126.01,1905.9,89.9,3.3,625.56,28.5,5,EXCAVATING,FASTENED,19.7,PIT_FLOOR_BENCH_A,SEVERE,91.5,73.8,NONE,TSK-1005
2026-09-20T11:48:00Z,CAT-994K-301,OP-104,9866.61,1525.4,73.7,0.2,320.04,6.8,13,LOADING,FASTENED,10.3,PIT_FLOOR_BENCH_A,NORMAL,91.6,77.2,NONE,TSK-1004
2026-09-20T11:48:00Z,CAT-D11-401,OP-105,16485.75,1760.9,76.4,5.0,408.49,14.2,5,DOZING,FASTENED,19.8,STAGING_BAY_4,MUDDY,96.5,78.1,NONE,TSK-1002
2026-09-20T11:48:45Z,CAT-797F-101,OP-101,8426.33,1207.1,36.8,0.6,365.11,12.8,8,SPOTTING,FASTENED,10.2,CRUSHER_FEED_1,NORMAL,88.9,74.2,NONE,TSK-1032
2026-09-20T11:48:45Z,CAT-797F-102,OP-102,14215.83,1893.8,87.0,21.6,405.69,3.8,11,HAULING_LOADED,FASTENED,36.5,HAUL_ROAD_SOUTH,MUDDY,93.8,75.5,NONE,TSK-1062
2026-09-20T11:48:45Z,CAT-6060-201,OP-103,5126.02,1792.0,90.1,2.6,627.0,28.5,5,EXCAVATING,FASTENED,10.0,PIT_FLOOR_BENCH_A,SEVERE,92.0,74.1,NONE,TSK-1005
2026-09-20T11:48:45Z,CAT-994K-301,OP-104,9866.63,1721.1,60.1,0.5,320.61,6.8,13,LOADING,FASTENED,9.6,PIT_FLOOR_BENCH_A,NORMAL,91.5,77.1,NONE,TSK-1004
2026-09-20T11:48:45Z,CAT-D11-401,OP-105,16485.76,1811.4,77.5,4.8,409.41,14.2,5,DOZING,FASTENED,11.4,STAGING_BAY_4,MUDDY,96.5,78.1,NONE,TSK-1002
2026-09-20T11:49:30Z,CAT-797F-101,OP-101,8426.34,1279.2,33.6,1.5,365.62,12.8,8,SPOTTING,FASTENED,9.1,CRUSHER_FEED_1,NORMAL,88.7,74.0,NONE,TSK-1032
2026-09-20T11:49:30Z,CAT-797F-102,OP-102,14215.84,1921.8,89.4,17.0,406.87,3.8,11,HAULING_LOADED,FASTENED,28.2,HAUL_ROAD_SOUTH,MUDDY,94.2,75.8,NONE,TSK-1062
2026-09-20T11:49:30Z,CAT-6060-201,OP-103,5126.04,1915.5,75.8,4.9,628.44,28.5,5,EXCAVATING,FASTENED,19.9,PIT_FLOOR_BENCH_A,SEVERE,92.3,74.3,NONE,TSK-1005
2026-09-20T11:49:30Z,CAT-994K-301,OP-104,9866.64,1453.3,57.0,0.9,321.18,6.8,13,LOADING,FASTENED,8.8,PIT_FLOOR_BENCH_A,NORMAL,91.4,77.0,NONE,TSK-1004
2026-09-20T11:49:30Z,CAT-D11-401,OP-105,16485.78,1902.9,87.0,2.5,410.33,14.2,5,DOZING,FASTENED,14.3,STAGING_BAY_4,MUDDY,96.6,78.2,NONE,TSK-1002
2026-09-20T11:50:15Z,CAT-797F-101,OP-101,8426.35,1197.1,37.2,1.5,366.14,12.8,8,SPOTTING,FASTENED,12.5,CRUSHER_FEED_1,NORMAL,88.6,73.9,NONE,TSK-1032
2026-09-20T11:50:15Z,CAT-797F-102,OP-102,14215.85,1920.9,87.2,21.4,408.05,3.8,11,HAULING_LOADED,FASTENED,34.4,HAUL_ROAD_SOUTH,MUDDY,94.4,76.0,NONE,TSK-1062
2026-09-20T11:50:15Z,CAT-6060-201,OP-103,5126.05,1914.4,89.2,3.0,629.89,28.5,5,EXCAVATING,FASTENED,22.0,PIT_FLOOR_BENCH_A,SEVERE,92.8,74.6,NONE,TSK-1005
2026-09-20T11:50:15Z,CAT-994K-301,OP-104,9866.65,1697.4,61.6,0.9,321.75,6.8,13,LOADING,FASTENED,9.7,PIT_FLOOR_BENCH_A,NORMAL,91.3,76.9,NONE,TSK-1004
2026-09-20T11:50:15Z,CAT-D11-401,OP-105,16485.79,1793.2,89.5,1.8,411.25,14.2,5,DOZING,FASTENED,16.6,STAGING_BAY_4,MUDDY,96.7,78.3,NONE,TSK-1002
2026-09-20T11:51:00Z,CAT-797F-101,OP-101,8426.36,1453.6,57.7,0.5,366.8,12.8,8,LOADING,FASTENED,7.0,PIT_FLOOR_BENCH_B,NORMAL,88.7,74.0,NONE,TSK-1032
2026-09-20T11:51:00Z,CAT-797F-102,OP-102,14215.86,1920.8,80.5,23.1,409.23,3.8,11,HAULING_LOADED,FASTENED,47.7,HAUL_ROAD_SOUTH,MUDDY,94.6,76.1,NONE,TSK-1062
2026-09-20T11:51:00Z,CAT-6060-201,OP-103,5126.06,2047.3,78.1,1.1,631.33,28.5,5,EXCAVATING,FASTENED,18.2,PIT_FLOOR_BENCH_A,SEVERE,93.1,74.8,NONE,TSK-1005
2026-09-20T11:51:00Z,CAT-994K-301,OP-104,9866.66,1515.7,73.3,0.2,322.32,6.8,13,LOADING,FASTENED,9.4,PIT_FLOOR_BENCH_A,NORMAL,91.4,77.0,NONE,TSK-1004
2026-09-20T11:51:00Z,CAT-D11-401,OP-105,16485.8,1950.8,90.4,2.4,412.17,14.2,5,DOZING,FASTENED,18.2,STAGING_BAY_4,MUDDY,96.8,78.4,NONE,TSK-1002
2026-09-20T11:51:45Z,CAT-797F-101,OP-101,8426.38,1737.0,66.5,0.7,367.45,12.8,8,LOADING,FASTENED,10.5,PIT_FLOOR_BENCH_B,NORMAL,88.9,74.1,NONE,TSK-1032
2026-09-20T11:51:45Z,CAT-797F-102,OP-102,14215.88,1857.9,78.5,17.9,410.41,3.8,11,HAULING_LOADED,FASTENED,39.1,HAUL_ROAD_SOUTH,MUDDY,94.8,76.2,NONE,TSK-1062
2026-09-20T11:51:45Z,CAT-6060-201,OP-103,5126.07,1906.0,80.3,3.4,632.78,28.5,5,EXCAVATING,FASTENED,20.6,PIT_FLOOR_BENCH_A,SEVERE,93.4,75.0,NONE,TSK-1005
2026-09-20T11:51:45Z,CAT-994K-301,OP-104,9866.68,1456.7,64.7,0.4,322.89,6.8,13,LOADING,FASTENED,8.5,PIT_FLOOR_BENCH_A,NORMAL,91.4,77.0,NONE,TSK-1004
2026-09-20T11:51:45Z,CAT-D11-401,OP-105,16485.81,1765.4,86.2,4.2,413.09,14.2,5,DOZING,FASTENED,11.6,STAGING_BAY_4,MUDDY,96.9,78.5,NONE,TSK-1002
2026-09-20T11:52:30Z,CAT-797F-101,OP-101,8426.39,1703.3,59.4,1.1,368.11,12.8,8,LOADING,FASTENED,8.3,PIT_FLOOR_BENCH_B,NORMAL,89.0,74.2,NONE,TSK-1032
2026-09-20T11:52:30Z,CAT-797F-102,OP-102,14215.89,1724.6,82.8,20.5,411.59,3.8,11,HAULING_LOADED,FASTENED,40.8,HAUL_ROAD_SOUTH,MUDDY,95.0,76.4,NONE,TSK-1062
2026-09-20T11:52:30Z,CAT-6060-201,OP-103,5126.09,1849.4,76.5,1.6,634.22,28.5,5,EXCAVATING,FASTENED,14.7,PIT_FLOOR_BENCH_A,SEVERE,93.6,75.2,NONE,TSK-1005
2026-09-20T11:52:30Z,CAT-994K-301,OP-104,9866.69,1469.9,61.3,1.1,323.46,6.8,13,LOADING,FASTENED,8.2,PIT_FLOOR_BENCH_A,NORMAL,91.3,76.9,NONE,TSK-1004
2026-09-20T11:52:30Z,CAT-D11-401,OP-105,16485.83,1796.2,84.0,1.1,414.01,14.2,5,DOZING,FASTENED,21.1,STAGING_BAY_4,MUDDY,96.9,78.5,NONE,TSK-1002
2026-09-20T11:53:15Z,CAT-797F-101,OP-101,8426.4,1713.7,64.8,1.1,368.77,12.8,8,LOADING,FASTENED,8.9,PIT_FLOOR_BENCH_B,NORMAL,89.2,74.3,NONE,TSK-1032
2026-09-20T11:53:15Z,CAT-797F-102,OP-102,14215.9,1912.4,77.7,23.6,412.77,3.8,11,HAULING_LOADED,FASTENED,24.6,HAUL_ROAD_SOUTH,MUDDY,95.1,76.5,NONE,TSK-1062
2026-09-20T11:53:15Z,CAT-6060-201,OP-103,5126.1,1848.1,82.2,1.3,635.66,28.5,5,EXCAVATING,FASTENED,9.1,PIT_FLOOR_BENCH_A,SEVERE,93.9,75.4,NONE,TSK-1005
2026-09-20T11:53:15Z,CAT-994K-301,OP-104,9866.7,1452.5,65.8,0.6,324.02,6.8,13,LOADING,FASTENED,6.5,PIT_FLOOR_BENCH_A,NORMAL,91.3,76.9,NONE,TSK-1004
2026-09-20T11:53:15Z,CAT-D11-401,OP-105,16485.84,1992.4,87.3,5.0,414.92,14.2,5,DOZING,FASTENED,8.0,STAGING_BAY_4,MUDDY,97.0,78.6,NONE,TSK-1002
2026-09-20T11:54:00Z,CAT-797F-101,OP-101,8426.41,1871.4,88.5,20.5,369.84,12.8,8,HAULING_LOADED,FASTENED,36.0,RAMP_ACCESS_EAST,NORMAL,89.6,74.6,NONE,TSK-1032
2026-09-20T11:54:00Z,CAT-797F-102,OP-102,14215.91,1923.2,78.6,16.5,413.95,3.8,11,HAULING_LOADED,FASTENED,36.3,HAUL_ROAD_SOUTH,MUDDY,95.2,76.6,NONE,TSK-1062
2026-09-20T11:54:00Z,CAT-6060-201,OP-103,5126.11,1934.3,90.6,1.8,637.11,28.5,5,EXCAVATING,FASTENED,10.4,PIT_FLOOR_BENCH_A,SEVERE,94.2,75.6,NONE,TSK-1005
2026-09-20T11:54:00Z,CAT-994K-301,OP-104,9866.71,696.0,11.7,0.0,324.19,7.5,13,IDLE,FASTENED,25.7,STAGING_BAY_4,NORMAL,90.7,76.4,NONE,TSK-1004
2026-09-20T11:54:00Z,CAT-D11-401,OP-105,16485.85,1933.8,77.6,2.8,415.84,14.2,5,DOZING,FASTENED,19.9,STAGING_BAY_4,MUDDY,96.9,78.6,NONE,TSK-1002
2026-09-20T11:54:45Z,CAT-797F-101,OP-101,8426.43,1828.7,81.9,18.8,370.92,12.8,8,HAULING_LOADED,FASTENED,27.9,RAMP_ACCESS_EAST,NORMAL,89.9,74.8,NONE,TSK-1032
2026-09-20T11:54:45Z,CAT-797F-102,OP-102,14215.93,1784.7,75.3,21.9,415.12,3.8,11,HAULING_LOADED,FASTENED,32.7,HAUL_ROAD_SOUTH,MUDDY,95.3,76.7,NONE,TSK-1062
2026-09-20T11:54:45Z,CAT-6060-201,OP-103,5126.12,1841.9,87.4,4.3,638.55,28.5,5,EXCAVATING,FASTENED,13.9,PIT_FLOOR_BENCH_A,SEVERE,94.5,75.9,NONE,TSK-1005
2026-09-20T11:54:45Z,CAT-994K-301,OP-104,9866.73,727.7,15.1,0.0,324.35,8.2,13,IDLE,FASTENED,23.3,STAGING_BAY_4,NORMAL,90.1,76.0,NONE,TSK-1004
2026-09-20T11:54:45Z,CAT-D11-401,OP-105,16485.86,1888.4,88.4,1.1,416.76,14.2,5,DOZING,FASTENED,8.8,STAGING_BAY_4,MUDDY,97.0,78.7,NONE,TSK-1002
2026-09-20T11:55:30Z,CAT-797F-101,OP-101,8426.44,1949.6,74.5,25.0,372.0,12.8,8,HAULING_LOADED,FASTENED,27.9,RAMP_ACCESS_EAST,NORMAL,90.1,75.0,NONE,TSK-1032
2026-09-20T11:55:30Z,CAT-797F-102,OP-102,14215.94,1780.0,76.8,22.0,416.3,3.8,11,HAULING_LOADED,FASTENED,31.5,HAUL_ROAD_SOUTH,MUDDY,95.3,76.8,NONE,TSK-1062
2026-09-20T11:55:30Z,CAT-6060-201,OP-103,5126.14,1950.5,87.8,3.9,639.99,28.5,5,EXCAVATING,FASTENED,12.2,PIT_FLOOR_BENCH_A,SEVERE,94.8,76.1,NONE,TSK-1005
2026-09-20T11:55:30Z,CAT-994K-301,OP-104,9866.74,733.7,13.9,0.0,324.51,9.0,13,IDLE,FASTENED,19.1,STAGING_BAY_4,NORMAL,89.7,75.6,NONE,TSK-1004
2026-09-20T11:55:30Z,CAT-D11-401,OP-105,16485.88,1853.5,75.9,4.4,417.68,14.2,5,DOZING,FASTENED,19.3,STAGING_BAY_4,MUDDY,96.9,78.6,NONE,TSK-1002
2026-09-20T11:56:15Z,CAT-797F-101,OP-101,8426.45,1815.9,91.3,25.8,373.08,12.8,8,HAULING_LOADED,FASTENED,44.2,RAMP_ACCESS_EAST,NORMAL,90.5,75.3,NONE,TSK-1032
2026-09-20T11:56:15Z,CAT-797F-102,OP-102,14215.95,1903.9,86.9,24.8,417.48,3.8,11,HAULING_LOADED,FASTENED,38.4,HAUL_ROAD_SOUTH,MUDDY,95.5,76.9,NONE,TSK-1062
2026-09-20T11:56:15Z,CAT-6060-201,OP-103,5126.15,1975.5,91.5,1.7,641.44,28.5,5,EXCAVATING,FASTENED,20.2,PIT_FLOOR_BENCH_A,SEVERE,95.0,76.3,NONE,TSK-1005
2026-09-20T11:56:15Z,CAT-994K-301,OP-104,9866.75,1712.7,61.7,0.1,325.08,9.0,14,LOADING,FASTENED,6.7,PIT_FLOOR_BENCH_B,NORMAL,89.7,75.6,NONE,TSK-1004
2026-09-20T11:56:15Z,CAT-D11-401,OP-105,16485.89,1898.6,80.3,1.8,418.6,14.2,5,DOZING,FASTENED,10.5,STAGING_BAY_4,MUDDY,96.9,78.6,ENG-TEMP-HIGH-01,TSK-1002
2026-09-20T11:57:00Z,CAT-797F-101,OP-101,8426.46,1790.2,78.9,23.7,374.16,12.8,8,HAULING_LOADED,FASTENED,29.4,RAMP_ACCESS_EAST,NORMAL,90.7,75.4,NONE,TSK-1032
2026-09-20T11:57:00Z,CAT-797F-102,OP-102,14215.96,1892.9,91.4,18.5,418.66,3.8,11,HAULING_LOADED,FASTENED,24.1,HAUL_ROAD_SOUTH,MUDDY,95.7,77.1,NONE,TSK-1062
2026-09-20T11:57:00Z,CAT-6060-201,OP-103,5126.16,2007.3,89.1,2.1,642.88,28.5,5,EXCAVATING,FASTENED,13.5,PIT_FLOOR_BENCH_A,SEVERE,95.3,76.5,NONE,TSK-1005
2026-09-20T11:57:00Z,CAT-994K-301,OP-104,9866.76,1627.1,73.5,0.2,325.65,9.0,14,LOADING,FASTENED,9.8,PIT_FLOOR_BENCH_B,NORMAL,89.9,75.8,NONE,TSK-1004
2026-09-20T11:57:00Z,CAT-D11-401,OP-105,16485.9,1761.8,93.3,3.4,419.52,14.2,5,DOZING,FASTENED,12.1,STAGING_BAY_4,MUDDY,97.0,78.8,NONE,TSK-1002
2026-09-20T11:57:45Z,CAT-797F-101,OP-101,8426.48,1771.1,72.4,23.4,375.23,12.8,8,HAULING_LOADED,FASTENED,47.0,RAMP_ACCESS_EAST,NORMAL,90.8,75.5,NONE,TSK-1032
2026-09-20T11:57:45Z,CAT-797F-102,OP-102,14215.98,1907.4,80.3,21.8,419.84,3.8,11,HAULING_LOADED,FASTENED,44.8,HAUL_ROAD_SOUTH,MUDDY,95.8,77.2,NONE,TSK-1062
2026-09-20T11:57:45Z,CAT-6060-201,OP-103,5126.17,2026.9,90.9,1.9,644.33,28.5,5,EXCAVATING,FASTENED,11.7,PIT_FLOOR_BENCH_A,SEVERE,95.5,76.7,NONE,TSK-1005
2026-09-20T11:57:45Z,CAT-994K-301,OP-104,9866.78,1705.6,71.3,0.8,326.22,9.0,14,LOADING,FASTENED,8.9,PIT_FLOOR_BENCH_B,NORMAL,90.1,75.8,NONE,TSK-1004
2026-09-20T11:57:45Z,CAT-D11-401,OP-105,16485.91,1751.3,79.4,1.9,420.44,14.2,5,DOZING,FASTENED,19.5,STAGING_BAY_4,MUDDY,97.0,78.8,ENG-TEMP-HIGH-01,TSK-1002
2026-09-20T11:58:30Z,CAT-797F-101,OP-101,8426.49,1711.9,73.5,26.0,376.31,12.8,8,HAULING_LOADED,FASTENED,35.0,RAMP_ACCESS_EAST,NORMAL,90.9,75.6,NONE,TSK-1032
2026-09-20T11:58:30Z,CAT-797F-102,OP-102,14215.99,1104.6,45.9,2.5,420.4,3.8,11,DUMPING,FASTENED,12.3,OVERBURDEN_DUMP_WEST,MUDDY,95.5,77.0,NONE,TSK-1062
2026-09-20T11:58:30Z,CAT-6060-201,OP-103,5126.19,1980.7,87.6,3.0,645.77,28.5,5,EXCAVATING,FASTENED,16.1,PIT_FLOOR_BENCH_A,SEVERE,95.7,76.9,NONE,TSK-1005
2026-09-20T11:58:30Z,CAT-994K-301,OP-104,9866.79,1615.7,70.6,1.0,326.79,9.0,14,LOADING,FASTENED,10.6,PIT_FLOOR_BENCH_B,NORMAL,90.2,75.9,NONE,TSK-1004
2026-09-20T11:58:30Z,CAT-D11-401,OP-105,16485.93,1967.7,78.4,3.6,421.36,14.2,5,DOZING,FASTENED,8.2,STAGING_BAY_4,MUDDY,97.0,78.7,NONE,TSK-1002
2026-09-20T11:59:15Z,CAT-797F-101,OP-101,8426.5,1761.4,81.6,17.2,377.39,12.8,8,HAULING_LOADED,FASTENED,46.1,RAMP_ACCESS_EAST,NORMAL,91.1,75.8,NONE,TSK-1032
2026-09-20T11:59:15Z,CAT-797F-102,OP-102,14216.0,1147.3,36.7,1.2,420.97,3.8,11,DUMPING,FASTENED,7.7,OVERBURDEN_DUMP_WEST,MUDDY,95.1,76.7,NONE,TSK-1062
2026-09-20T11:59:15Z,CAT-6060-201,OP-103,5126.2,1968.7,81.9,4.1,647.21,28.5,5,EXCAVATING,FASTENED,12.0,PIT_FLOOR_BENCH_A,SEVERE,95.8,77.0,NONE,TSK-1005
2026-09-20T11:59:15Z,CAT-994K-301,OP-104,9866.8,1744.8,72.5,1.0,327.36,9.0,14,LOADING,FASTENED,6.0,PIT_FLOOR_BENCH_A,NORMAL,90.4,76.0,NONE,TSK-1004
2026-09-20T11:59:15Z,CAT-D11-401,OP-105,16485.94,1983.6,90.1,4.8,422.27,14.2,5,DOZING,FASTENED,21.5,STAGING_BAY_4,MUDDY,97.1,78.8,NONE,TSK-1002
2026-09-20T12:00:00Z,CAT-797F-101,OP-101,8426.51,1730.4,87.3,25.7,378.47,12.8,8,HAULING_LOADED,FASTENED,33.0,RAMP_ACCESS_EAST,NORMAL,91.4,76.0,NONE,TSK-1032
2026-09-20T12:00:00Z,CAT-797F-102,OP-102,14216.01,1287.0,36.5,0.7,421.53,3.8,11,DUMPING,FASTENED,12.4,OVERBURDEN_DUMP_WEST,MUDDY,94.8,76.5,NONE,TSK-1062
2026-09-20T12:00:00Z,CAT-6060-201,OP-103,5126.21,1866.4,78.6,4.8,648.66,28.5,5,EXCAVATING,FASTENED,18.2,PIT_FLOOR_BENCH_A,SEVERE,95.8,77.1,NONE,TSK-1005
2026-09-20T12:00:00Z,CAT-994K-301,OP-104,9866.81,1636.1,74.4,0.9,327.92,9.0,14,LOADING,FASTENED,11.0,PIT_FLOOR_BENCH_A,NORMAL,90.6,76.1,NONE,TSK-1004
2026-09-20T12:00:00Z,CAT-D11-401,OP-105,16485.95,1852.6,84.9,3.8,423.19,14.2,5,DOZING,FASTENED,10.7,STAGING_BAY_4,MUDDY,97.1,78.9,NONE,TSK-1002
2026-09-20T12:00:45Z,CAT-797F-101,OP-101,8426.53,1787.8,78.8,20.9,379.55,12.8,8,HAULING_LOADED,FASTENED,41.2,RAMP_ACCESS_EAST,NORMAL,91.5,76.2,NONE,TSK-1032
2026-09-20T12:00:45Z,CAT-797F-102,OP-102,14216.03,1243.5,45.0,1.1,422.09,3.8,11,DUMPING,FASTENED,7.9,OVERBURDEN_DUMP_WEST,MUDDY,94.5,76.3,NONE,TSK-1062
2026-09-20T12:00:45Z,CAT-6060-201,OP-103,5126.22,2042.8,89.1,4.3,650.1,28.5,5,EXCAVATING,FASTENED,21.1,PIT_FLOOR_BENCH_A,SEVERE,96.0,77.2,NONE,TSK-1005
2026-09-20T12:00:45Z,CAT-994K-301,OP-104,9866.83,1617.2,64.2,0.4,328.49,9.0,14,LOADING,FASTENED,7.8,PIT_FLOOR_BENCH_A,NORMAL,90.6,76.1,NONE,TSK-1004
2026-09-20T12:00:45Z,CAT-D11-401,OP-105,16485.96,1760.9,78.6,3.3,424.11,14.2,5,DOZING,FASTENED,8.2,STAGING_BAY_4,MUDDY,97.0,78.8,NONE,TSK-1002
2026-09-20T12:01:30Z,CAT-797F-101,OP-101,8426.54,1784.7,87.0,16.1,380.62,12.8,8,HAULING_LOADED,FASTENED,28.8,RAMP_ACCESS_EAST,NORMAL,91.7,76.3,NONE,TSK-1032
2026-09-20T12:01:30Z,CAT-797F-102,OP-102,14216.04,715.7,13.4,0.0,422.3,4.5,11,IDLE,FASTENED,15.6,STAGING_BAY_4,MUDDY,94.0,75.9,NONE,TSK-1062
2026-09-20T12:01:30Z,CAT-6060-201,OP-103,5126.24,1898.3,93.9,3.9,651.54,28.5,5,EXCAVATING,FASTENED,12.8,PIT_FLOOR_BENCH_A,SEVERE,96.2,77.4,NONE,TSK-1005
2026-09-20T12:01:30Z,CAT-994K-301,OP-104,9866.84,1459.7,71.7,0.4,329.06,9.0,14,LOADING,FASTENED,7.6,PIT_FLOOR_BENCH_A,NORMAL,90.7,76.2,NONE,TSK-1004
2026-09-20T12:01:30Z,CAT-D11-401,OP-105,16485.98,1838.0,91.3,1.2,425.03,14.2,5,DOZING,FASTENED,12.2,STAGING_BAY_4,MUDDY,97.1,78.9,NONE,TSK-1002
2026-09-20T12:02:15Z,CAT-797F-101,OP-101,8426.55,1764.6,79.6,17.9,381.7,12.8,8,HAULING_LOADED,FASTENED,29.5,RAMP_ACCESS_EAST,NORMAL,91.8,76.5,NONE,TSK-1032
2026-09-20T12:02:15Z,CAT-797F-102,OP-102,14216.05,684.5,13.2,0.0,422.5,5.2,11,IDLE,FASTENED,15.1,STAGING_BAY_4,MUDDY,93.4,75.5,NONE,TSK-1062
2026-09-20T12:02:15Z,CAT-6060-201,OP-103,5126.25,1839.9,75.4,4.9,652.99,28.5,5,EXCAVATING,FASTENED,12.6,PIT_FLOOR_BENCH_A,SEVERE,96.2,77.4,NONE,TSK-1005
2026-09-20T12:02:15Z,CAT-994K-301,OP-104,9866.85,1728.3,91.5,25.6,330.0,9.0,14,HAULING_LOADED,FASTENED,28.9,HAUL_ROAD_SOUTH,NORMAL,91.0,76.4,NONE,TSK-1004
2026-09-20T12:02:15Z,CAT-D11-401,OP-105,16485.99,1922.9,86.1,1.3,425.95,14.2,5,DOZING,FASTENED,8.7,STAGING_BAY_4,MUDDY,97.2,79.0,NONE,TSK-1002
2026-09-20T12:03:00Z,CAT-797F-101,OP-101,8426.56,1888.7,90.3,17.0,382.78,12.8,8,HAULING_LOADED,FASTENED,40.0,RAMP_ACCESS_EAST,NORMAL,92.1,76.7,NONE,TSK-1032
2026-09-20T12:03:00Z,CAT-797F-102,OP-102,14216.06,732.2,13.3,0.0,422.71,6.0,11,IDLE,FASTENED,26.7,STAGING_BAY_4,MUDDY,92.9,75.2,NONE,TSK-1062
2026-09-20T12:03:00Z,CAT-6060-201,OP-103,5126.26,1780.1,82.7,4.7,654.43,28.5,5,EXCAVATING,FASTENED,12.4,PIT_FLOOR_BENCH_A,SEVERE,96.3,77.5,NONE,TSK-1005
2026-09-20T12:03:00Z,CAT-994K-301,OP-104,9866.86,1723.2,78.7,25.3,330.93,9.0,14,HAULING_LOADED,FASTENED,23.8,HAUL_ROAD_SOUTH,NORMAL,91.2,76.5,NONE,TSK-1004
2026-09-20T12:03:00Z,CAT-D11-401,OP-105,16486.0,686.4,12.9,0.0,426.12,15.0,5,IDLE,FASTENED,20.6,STAGING_BAY_4,MUDDY,96.4,78.4,NONE,TSK-1002
2026-09-20T12:03:45Z,CAT-797F-101,OP-101,8426.58,1835.5,77.3,23.4,383.86,12.8,8,HAULING_LOADED,FASTENED,35.7,RAMP_ACCESS_EAST,NORMAL,92.1,76.7,NONE,TSK-1032
2026-09-20T12:03:45Z,CAT-797F-102,OP-102,14216.08,1553.9,55.0,34.0,423.48,6.0,11,HAULING_EMPTY,FASTENED,50.6,HAUL_ROAD_SOUTH,MUDDY,93.0,75.1,NONE,TSK-1062
2026-09-20T12:03:45Z,CAT-6060-201,OP-103,5126.27,1755.1,79.1,3.8,655.88,28.5,5,EXCAVATING,FASTENED,10.4,PIT_FLOOR_BENCH_A,SEVERE,96.3,77.6,NONE,TSK-1005
2026-09-20T12:03:45Z,CAT-994K-301,OP-104,9866.88,1916.0,82.2,28.4,331.87,9.0,14,HAULING_LOADED,FASTENED,20.1,HAUL_ROAD_SOUTH,NORMAL,91.4,76.6,NONE,TSK-1004
2026-09-20T12:03:45Z,CAT-D11-401,OP-105,16486.01,696.4,14.8,0.0,426.3,15.8,5,IDLE,FASTENED,24.9,STAGING_BAY_4,MUDDY,95.7,77.9,NONE,TSK-1002
2026-09-20T12:04:30Z,CAT-797F-101,OP-101,8426.59,1836.9,73.2,18.6,384.94,12.8,8,HAULING_LOADED,FASTENED,38.7,RAMP_ACCESS_EAST,NORMAL,92.1,76.8,NONE,TSK-1032
2026-09-20T12:04:30Z,CAT-797F-102,OP-102,14216.09,1668.9,48.9,31.1,424.25,6.0,11,HAULING_EMPTY,FASTENED,41.5,HAUL_ROAD_SOUTH,MUDDY,92.9,75.1,NONE,TSK-1062
2026-09-20T12:04:30Z,CAT-6060-201,OP-103,5126.29,1836.3,79.7,4.4,657.32,28.5,5,EXCAVATING,FASTENED,9.7,PIT_FLOOR_BENCH_A,SEVERE,96.3,77.6,NONE,TSK-1005
2026-09-20T12:04:30Z,CAT-994K-301,OP-104,9866.89,1862.1,82.0,28.2,332.8,9.0,14,HAULING_LOADED,FASTENED,31.4,HAUL_ROAD_SOUTH,NORMAL,91.5,76.8,NONE,TSK-1004
2026-09-20T12:04:30Z,CAT-D11-401,OP-105,16486.03,695.2,10.8,0.0,426.47,16.5,5,IDLE,FASTENED,16.6,STAGING_BAY_4,MUDDY,95.0,77.4,NONE,TSK-1002
2026-09-20T12:05:15Z,CAT-797F-101,OP-101,8426.6,1370.8,36.0,2.4,385.45,12.8,8,DUMPING,FASTENED,8.2,OVERBURDEN_DUMP_WEST,NORMAL,91.7,76.5,NONE,TSK-1032
2026-09-20T12:05:15Z,CAT-797F-102,OP-102,14216.1,1514.9,43.4,30.9,425.02,6.0,11,HAULING_EMPTY,FASTENED,53.9,HAUL_ROAD_SOUTH,MUDDY,92.8,75.0,NONE,TSK-1062
2026-09-20T12:05:15Z,CAT-6060-201,OP-103,5126.3,1783.8,75.1,1.8,658.76,28.5,5,EXCAVATING,FASTENED,9.6,PIT_FLOOR_BENCH_A,SEVERE,96.3,77.7,NONE,TSK-1005
2026-09-20T12:05:15Z,CAT-994K-301,OP-104,9866.9,1803.3,78.8,21.6,333.73,9.0,14,HAULING_LOADED,FASTENED,24.1,HAUL_ROAD_SOUTH,NORMAL,91.7,76.9,NONE,TSK-1004
2026-09-20T12:05:15Z,CAT-D11-401,OP-105,16486.04,1847.5,82.8,3.6,427.39,16.5,6,DOZING,FASTENED,17.5,STAGING_BAY_4,MUDDY,95.1,77.5,NONE,TSK-1002
2026-09-20T12:06:00Z,CAT-797F-101,OP-101,8426.61,1156.4,42.2,1.1,385.97,12.8,8,DUMPING,FASTENED,9.1,OVERBURDEN_DUMP_WEST,NORMAL,91.4,76.4,NONE,TSK-1032
2026-09-20T12:06:00Z,CAT-797F-102,OP-102,14216.11,1774.6,55.2,32.6,425.78,6.0,11,HAULING_EMPTY,FASTENED,53.3,HAUL_ROAD_SOUTH,MUDDY,92.8,75.0,NONE,TSK-1062
2026-09-20T12:06:00Z,CAT-6060-201,OP-103,5126.31,1825.6,83.2,1.6,660.21,28.5,5,EXCAVATING,FASTENED,18.9,PIT_FLOOR_BENCH_A,SEVERE,96.4,77.7,NONE,TSK-1005
2026-09-20T12:06:00Z,CAT-994K-301,OP-104,9866.91,1887.1,82.5,18.5,334.67,9.0,14,HAULING_LOADED,FASTENED,23.1,HAUL_ROAD_SOUTH,NORMAL,91.8,77.0,NONE,TSK-1004
2026-09-20T12:06:00Z,CAT-D11-401,OP-105,16486.05,1835.0,78.4,4.1,428.31,16.5,6,DOZING,FASTENED,14.6,STAGING_BAY_4,MUDDY,95.3,77.6,NONE,TSK-1002
2026-09-20T12:06:45Z,CAT-797F-101,OP-101,8426.63,1118.3,39.3,1.3,386.48,12.8,8,DUMPING,FASTENED,8.2,OVERBURDEN_DUMP_WEST,NORMAL,91.1,76.2,NONE,TSK-1032
2026-09-20T12:06:45Z,CAT-797F-102,OP-102,14216.13,1776.4,58.8,40.9,426.55,6.0,11,HAULING_EMPTY,FASTENED,30.9,HAUL_ROAD_SOUTH,MUDDY,92.9,75.0,NONE,TSK-1062
2026-09-20T12:06:45Z,CAT-6060-201,OP-103,5126.32,1881.4,77.5,4.1,661.65,28.5,5,EXCAVATING,FASTENED,17.0,PIT_FLOOR_BENCH_A,SEVERE,96.4,77.8,NONE,TSK-1005
2026-09-20T12:06:45Z,CAT-994K-301,OP-104,9866.93,1946.6,83.0,24.0,335.6,9.0,14,HAULING_LOADED,FASTENED,24.1,HAUL_ROAD_SOUTH,NORMAL,92.0,77.1,NONE,TSK-1004
2026-09-20T12:06:45Z,CAT-D11-401,OP-105,16486.06,1861.3,79.8,1.4,429.23,16.5,6,DOZING,FASTENED,20.1,STAGING_BAY_4,MUDDY,95.4,77.6,NONE,TSK-1002
2026-09-20T12:07:30Z,CAT-797F-101,OP-101,8426.64,1520.1,61.1,25.9,387.19,12.8,9,HAULING_EMPTY,FASTENED,51.7,HAUL_ROAD_NORTH,NORMAL,91.1,76.1,NONE,TSK-1032
2026-09-20T12:07:30Z,CAT-797F-102,OP-102,14216.14,1578.2,61.2,40.3,427.32,6.0,11,HAULING_EMPTY,FASTENED,50.2,HAUL_ROAD_SOUTH,MUDDY,93.0,75.0,NONE,TSK-1062
2026-09-20T12:07:30Z,CAT-6060-201,OP-103,5126.34,2027.3,92.5,3.5,663.09,28.5,5,EXCAVATING,FASTENED,21.7,PIT_FLOOR_BENCH_A,SEVERE,96.5,77.9,NONE,TSK-1005
2026-09-20T12:07:30Z,CAT-994K-301,OP-104,9866.94,1781.8,85.8,22.9,336.54,9.0,14,HAULING_LOADED,UNFASTENED,35.9,HAUL_ROAD_SOUTH,NORMAL,92.1,77.2,NONE,TSK-1004
2026-09-20T12:07:30Z,CAT-D11-401,OP-105,16486.08,1808.0,77.1,2.2,430.15,16.5,6,DOZING,FASTENED,18.7,STAGING_BAY_4,MUDDY,95.4,77.7,NONE,TSK-1002
2026-09-20T12:08:15Z,CAT-797F-101,OP-101,8426.65,1757.5,53.7,35.0,387.89,12.8,9,HAULING_EMPTY,FASTENED,44.1,HAUL_ROAD_NORTH,STEEP_INCLINE,90.9,76.1,NONE,TSK-1041
2026-09-20T12:08:15Z,CAT-797F-102,OP-102,14216.15,1680.9,49.1,30.6,428.09,6.0,11,HAULING_EMPTY,FASTENED,42.6,HAUL_ROAD_SOUTH,MUDDY,93.0,75.0,NONE,TSK-1062
2026-09-20T12:08:15Z,CAT-6060-201,OP-103,5126.35,1847.4,91.3,2.4,664.54,28.5,5,EXCAVATING,FASTENED,18.6,PIT_FLOOR_BENCH_A,SEVERE,96.7,78.1,NONE,TSK-1005
2026-09-20T12:08:15Z,CAT-994K-301,OP-104,9866.95,1807.7,83.2,24.6,337.47,9.0,14,HAULING_LOADED,FASTENED,22.9,HAUL_ROAD_SOUTH,NORMAL,92.2,77.3,NONE,TSK-1004
2026-09-20T12:08:15Z,CAT-D11-401,OP-105,16486.09,1819.4,91.5,1.8,431.07,16.5,6,DOZING,FASTENED,13.8,STAGING_BAY_4,MUDDY,95.7,77.8,NONE,TSK-1002
2026-09-20T12:09:00Z,CAT-797F-101,OP-101,8426.66,1523.2,55.6,41.1,388.59,12.8,9,HAULING_EMPTY,FASTENED,36.6,HAUL_ROAD_NORTH,STEEP_INCLINE,90.8,76.0,NONE,TSK-1041
2026-09-20T12:09:00Z,CAT-797F-102,OP-102,14216.16,1736.2,46.4,25.7,428.86,6.0,11,HAULING_EMPTY,FASTENED,30.5,HAUL_ROAD_SOUTH,MUDDY,92.9,74.9,NONE,TSK-1062
2026-09-20T12:09:00Z,CAT-6060-201,OP-103,5126.36,1872.7,93.8,3.6,665.98,28.5,5,EXCAVATING,FASTENED,20.5,PIT_FLOOR_BENCH_A,SEVERE,96.8,78.2,NONE,TSK-1005
2026-09-20T12:09:00Z,CAT-994K-301,OP-104,9866.96,1930.9,84.2,17.2,338.41,9.0,14,HAULING_LOADED,FASTENED,27.0,HAUL_ROAD_SOUTH,NORMAL,92.4,77.4,NONE,TSK-1004
2026-09-20T12:09:00Z,CAT-D11-401,OP-105,16486.1,1973.9,92.8,2.0,431.99,16.5,6,DOZING,FASTENED,14.7,STAGING_BAY_4,MUDDY,95.9,78.0,NONE,TSK-1002
2026-09-20T12:09:45Z,CAT-797F-101,OP-101,8426.68,1553.5,57.1,36.8,389.3,12.8,9,HAULING_EMPTY,FASTENED,52.6,HAUL_ROAD_NORTH,STEEP_INCLINE,90.8,76.0,NONE,TSK-1041
2026-09-20T12:09:45Z,CAT-797F-102,OP-102,14216.18,1817.5,57.9,39.5,429.63,6.0,11,HAULING_EMPTY,FASTENED,25.3,HAUL_ROAD_SOUTH,MUDDY,92.9,74.9,NONE,TSK-1062
2026-09-20T12:09:45Z,CAT-6060-201,OP-103,5126.37,1818.8,85.9,1.0,667.43,28.5,5,EXCAVATING,FASTENED,17.7,PIT_FLOOR_BENCH_A,SEVERE,96.9,78.3,NONE,TSK-1005
2026-09-20T12:09:45Z,CAT-994K-301,OP-104,9866.98,1839.1,75.3,25.2,339.34,9.0,14,HAULING_LOADED,FASTENED,47.5,HAUL_ROAD_SOUTH,NORMAL,92.4,77.5,NONE,TSK-1004
2026-09-20T12:09:45Z,CAT-D11-401,OP-105,16486.11,1950.2,78.7,4.3,432.91,16.5,6,DOZING,FASTENED,11.3,STAGING_BAY_4,MUDDY,95.9,78.0,NONE,TSK-1002
2026-09-20T12:10:30Z,CAT-797F-101,OP-101,8426.69,1557.4,58.5,27.5,390.0,12.8,9,HAULING_EMPTY,FASTENED,31.7,HAUL_ROAD_NORTH,STEEP_INCLINE,90.7,75.9,NONE,TSK-1041
2026-09-20T12:10:30Z,CAT-797F-102,OP-102,14216.19,1163.2,34.2,0.8,430.19,6.0,11,SPOTTING,FASTENED,13.3,CRUSHER_FEED_1,MUDDY,92.7,74.7,NONE,TSK-1062
2026-09-20T12:10:30Z,CAT-6060-201,OP-103,5126.39,1938.1,91.7,2.2,668.87,28.5,5,EXCAVATING,FASTENED,17.6,PIT_FLOOR_BENCH_A,SEVERE,97.0,78.4,NONE,TSK-1005
2026-09-20T12:10:30Z,CAT-994K-301,OP-104,9866.99,1701.9,79.5,22.7,340.27,9.0,14,HAULING_LOADED,FASTENED,39.2,HAUL_ROAD_SOUTH,NORMAL,92.4,77.5,NONE,TSK-1004
2026-09-20T12:10:30Z,CAT-D11-401,OP-105,16486.13,1782.6,89.5,1.8,433.82,16.5,6,DOZING,FASTENED,10.2,STAGING_BAY_4,MUDDY,96.1,78.1,NONE,TSK-1002
2026-09-20T12:11:15Z,CAT-797F-101,OP-101,8426.7,1573.4,58.3,28.7,390.7,12.8,9,HAULING_EMPTY,FASTENED,39.2,HAUL_ROAD_NORTH,STEEP_INCLINE,90.7,75.9,NONE,TSK-1041
2026-09-20T12:11:15Z,CAT-797F-102,OP-102,14216.2,1289.6,47.2,3.0,430.76,6.0,11,SPOTTING,FASTENED,13.2,CRUSHER_FEED_1,MUDDY,92.7,74.7,NONE,TSK-1062
2026-09-20T12:11:15Z,CAT-6060-201,OP-103,5126.4,2045.3,91.8,1.6,670.31,28.5,5,EXCAVATING,FASTENED,22.0,PIT_FLOOR_BENCH_A,SEVERE,97.1,78.5,NONE,TSK-1005
2026-09-20T12:11:15Z,CAT-994K-301,OP-104,9867.0,1938.4,80.5,23.6,341.21,9.0,14,HAULING_LOADED,FASTENED,42.3,HAUL_ROAD_SOUTH,NORMAL,92.5,77.6,NONE,TSK-1004
2026-09-20T12:11:15Z,CAT-D11-401,OP-105,16486.14,1828.1,79.1,3.9,434.74,16.5,6,DOZING,FASTENED,18.8,STAGING_BAY_4,MUDDY,96.2,78.1,NONE,TSK-1002
2026-09-20T12:12:00Z,CAT-797F-101,OP-101,8426.71,1629.9,49.5,33.4,391.41,12.8,9,HAULING_EMPTY,FASTENED,52.6,HAUL_ROAD_NORTH,STEEP_INCLINE,90.5,75.8,NONE,TSK-1041
2026-09-20T12:12:00Z,CAT-797F-102,OP-102,14216.21,1132.3,43.1,2.9,431.32,6.0,11,SPOTTING,FASTENED,8.2,CRUSHER_FEED_1,MUDDY,92.6,74.6,NONE,TSK-1062
2026-09-20T12:12:00Z,CAT-6060-201,OP-103,5126.41,2034.9,77.2,2.9,671.76,28.5,5,EXCAVATING,FASTENED,20.7,PIT_FLOOR_BENCH_A,SEVERE,97.0,78.5,NONE,TSK-1005
2026-09-20T12:12:00Z,CAT-994K-301,OP-104,9867.01,1733.8,82.4,22.7,342.14,9.0,14,HAULING_LOADED,FASTENED,26.5,HAUL_ROAD_SOUTH,NORMAL,92.6,77.7,NONE,TSK-1004
2026-09-20T12:12:00Z,CAT-D11-401,OP-105,16486.15,2022.4,84.7,3.4,435.66,16.5,6,DOZING,FASTENED,20.4,STAGING_BAY_4,MUDDY,96.2,78.2,NONE,TSK-1002
2026-09-20T12:12:45Z,CAT-797F-101,OP-101,8426.73,1676.7,48.8,33.4,392.11,12.8,9,HAULING_EMPTY,FASTENED,30.6,HAUL_ROAD_NORTH,STEEP_INCLINE,90.4,75.7,NONE,TSK-1041
2026-09-20T12:12:45Z,CAT-797F-102,OP-102,14216.23,1463.2,64.8,1.0,432.04,6.0,11,LOADING,FASTENED,6.7,PIT_FLOOR_BENCH_A,MUDDY,92.7,74.7,NONE,TSK-1062
2026-09-20T12:12:45Z,CAT-6060-201,OP-103,5126.42,1959.6,76.7,1.6,673.2,28.5,5,EXCAVATING,FASTENED,14.2,PIT_FLOOR_BENCH_A,SEVERE,97.0,78.5,NONE,TSK-1005
2026-09-20T12:12:45Z,CAT-994K-301,OP-104,9867.03,1720.0,87.2,21.8,343.08,9.0,14,HAULING_LOADED,FASTENED,39.1,HAUL_ROAD_SOUTH,NORMAL,92.7,77.8,NONE,TSK-1004
2026-09-20T12:12:45Z,CAT-D11-401,OP-105,16486.16,1851.3,75.6,1.0,436.58,16.5,6,DOZING,FASTENED,8.4,STAGING_BAY_4,MUDDY,96.2,78.2,NONE,TSK-1002
2026-09-20T12:13:30Z,CAT-797F-101,OP-101,8426.74,1507.7,58.2,24.5,392.81,12.8,9,HAULING_EMPTY,FASTENED,32.6,HAUL_ROAD_NORTH,STEEP_INCLINE,90.4,75.7,NONE,TSK-1041
2026-09-20T12:13:30Z,CAT-797F-102,OP-102,14216.24,1692.4,66.7,0.1,432.75,6.0,11,LOADING,FASTENED,7.0,PIT_FLOOR_BENCH_A,MUDDY,92.9,74.8,NONE,TSK-1062
2026-09-20T12:13:30Z,CAT-6060-201,OP-103,5126.44,1779.5,89.9,3.2,674.64,28.5,5,EXCAVATING,FASTENED,13.2,PIT_FLOOR_BENCH_A,SEVERE,97.1,78.6,NONE,TSK-1005
2026-09-20T12:13:30Z,CAT-994K-301,OP-104,9867.04,1851.2,86.4,28.4,344.01,9.0,14,HAULING_LOADED,FASTENED,28.8,HAUL_ROAD_SOUTH,NORMAL,92.8,77.9,NONE,TSK-1004
2026-09-20T12:13:30Z,CAT-D11-401,OP-105,16486.18,1988.4,84.6,2.2,437.5,16.5,6,DOZING,FASTENED,12.1,STAGING_BAY_4,MUDDY,96.3,78.3,NONE,TSK-1002
2026-09-20T12:14:15Z,CAT-797F-101,OP-101,8426.75,1674.6,45.0,35.7,393.52,12.8,9,HAULING_EMPTY,FASTENED,39.8,HAUL_ROAD_NORTH,STEEP_INCLINE,90.2,75.6,NONE,TSK-1041
2026-09-20T12:14:15Z,CAT-797F-102,OP-102,14216.25,1606.7,70.4,0.2,433.47,6.0,11,LOADING,FASTENED,10.1,PIT_FLOOR_BENCH_A,MUDDY,93.1,74.9,NONE,TSK-1062
2026-09-20T12:14:15Z,CAT-6060-201,OP-103,5126.45,1936.5,75.8,2.5,676.09,28.5,5,EXCAVATING,FASTENED,8.6,PIT_FLOOR_BENCH_A,SEVERE,97.0,78.6,ENG-TEMP-HIGH-01,TSK-1005
2026-09-20T12:14:15Z,CAT-994K-301,OP-104,9867.05,1849.8,72.1,19.3,344.95,9.0,14,HAULING_LOADED,FASTENED,26.9,HAUL_ROAD_SOUTH,NORMAL,92.8,77.9,NONE,TSK-1004
2026-09-20T12:14:15Z,CAT-D11-401,OP-105,16486.19,1852.4,81.9,3.1,438.42,16.5,6,DOZING,FASTENED,15.4,STAGING_BAY_4,MUDDY,96.4,78.3,NONE,TSK-1002
2026-09-20T12:15:00Z,CAT-797F-101,OP-101,8426.76,1680.2,46.7,26.6,394.22,12.8,9,HAULING_EMPTY,FASTENED,30.9,HAUL_ROAD_NORTH,STEEP_INCLINE,90.1,75.4,NONE,TSK-1041
2026-09-20T12:15:00Z,CAT-797F-102,OP-102,14216.26,1546.5,68.2,0.4,434.19,6.0,11,LOADING,FASTENED,10.1,PIT_FLOOR_BENCH_A,MUDDY,93.3,75.0,NONE,TSK-1062
2026-09-20T12:15:00Z,CAT-6060-201,OP-103,5126.46,1862.6,75.8,3.9,677.53,28.5,5,EXCAVATING,FASTENED,16.8,PIT_FLOOR_BENCH_A,SEVERE,96.9,78.5,NONE,TSK-1005
2026-09-20T12:15:00Z,CAT-994K-301,OP-104,9867.06,1802.5,89.1,23.0,345.88,9.0,14,HAULING_LOADED,FASTENED,37.3,HAUL_ROAD_SOUTH,NORMAL,92.9,78.0,NONE,TSK-1004
2026-09-20T12:15:00Z,CAT-D11-401,OP-105,16486.2,1755.1,86.9,3.5,439.34,16.5,6,DOZING,FASTENED,21.1,STAGING_BAY_4,MUDDY,96.5,78.4,NONE,TSK-1002
2026-09-20T12:15:45Z,CAT-797F-101,OP-101,8426.78,1559.1,43.3,28.7,394.92,12.8,9,HAULING_EMPTY,FASTENED,23.6,HAUL_ROAD_NORTH,STEEP_INCLINE,89.9,75.3,NONE,TSK-1041
2026-09-20T12:15:45Z,CAT-797F-102,OP-102,14216.28,1567.5,71.7,0.1,434.91,6.0,11,LOADING,FASTENED,8.8,PIT_FLOOR_BENCH_A,MUDDY,93.4,75.1,NONE,TSK-1062
2026-09-20T12:15:45Z,CAT-6060-201,OP-103,5126.47,2038.6,87.2,3.2,678.98,28.5,5,EXCAVATING,FASTENED,14.6,PIT_FLOOR_BENCH_B,SEVERE,97.0,78.6,NONE,TSK-1005
2026-09-20T12:15:45Z,CAT-994K-301,OP-104,9867.08,1748.5,86.4,18.3,346.82,9.0,14,HAULING_LOADED,FASTENED,38.1,HAUL_ROAD_SOUTH,NORMAL,93.0,78.1,NONE,TSK-1004
2026-09-20T12:15:45Z,CAT-D11-401,OP-105,16486.21,1769.7,88.2,3.5,440.26,16.5,6,DOZING,FASTENED,12.1,STAGING_BAY_4,MUDDY,96.6,78.5,NONE,TSK-1002
2026-09-20T12:16:30Z,CAT-797F-101,OP-101,8426.79,1214.1,34.5,1.2,395.44,12.8,9,SPOTTING,FASTENED,9.6,CRUSHER_FEED_1,STEEP_INCLINE,89.7,75.1,NONE,TSK-1041
2026-09-20T12:16:30Z,CAT-797F-102,OP-102,14216.29,1881.3,82.6,18.7,436.09,6.0,11,HAULING_LOADED,FASTENED,28.7,RAMP_ACCESS_EAST,MUDDY,93.7,75.3,NONE,TSK-1062
2026-09-20T12:16:30Z,CAT-6060-201,OP-103,5126.49,1774.7,91.6,4.3,680.42,28.5,5,EXCAVATING,FASTENED,12.1,PIT_FLOOR_BENCH_B,SEVERE,97.1,78.7,NONE,TSK-1005
2026-09-20T12:16:30Z,CAT-994K-301,OP-104,9867.09,1788.7,87.0,25.5,347.75,9.0,14,HAULING_LOADED,FASTENED,44.3,HAUL_ROAD_SOUTH,NORMAL,93.1,78.2,NONE,TSK-1004
2026-09-20T12:16:30Z,CAT-D11-401,OP-105,16486.23,1871.0,79.4,3.7,441.17,16.5,6,DOZING,FASTENED,12.8,STAGING_BAY_4,MUDDY,96.6,78.5,NONE,TSK-1002
2026-09-20T12:17:15Z,CAT-797F-101,OP-101,8426.8,1368.6,46.6,0.6,395.95,12.8,9,SPOTTING,FASTENED,7.1,CRUSHER_FEED_1,STEEP_INCLINE,89.6,75.0,NONE,TSK-1041
2026-09-20T12:17:15Z,CAT-797F-102,OP-102,14216.3,1802.8,77.6,19.6,437.26,6.0,11,HAULING_LOADED,FASTENED,36.1,RAMP_ACCESS_EAST,MUDDY,93.9,75.5,NONE,TSK-1062
2026-09-20T12:17:15Z,CAT-6060-201,OP-103,5126.5,1901.6,92.4,4.1,681.86,28.5,5,EXCAVATING,FASTENED,18.2,PIT_FLOOR_BENCH_B,SEVERE,97.2,78.8,NONE,TSK-1005
2026-09-20T12:17:15Z,CAT-994K-301,OP-104,9867.1,1825.2,75.6,28.3,348.68,9.0,14,HAULING_LOADED,FASTENED,29.3,HAUL_ROAD_SOUTH,NORMAL,93.1,78.2,NONE,TSK-1004
2026-09-20T12:17:15Z,CAT-D11-401,OP-105,16486.24,1889.7,90.8,1.2,442.09,16.5,6,DOZING,FASTENED,17.6,STAGING_BAY_4,MUDDY,96.7,78.6,NONE,TSK-1002
2026-09-20T12:18:00Z,CAT-797F-101,OP-101,8426.81,1116.1,45.6,1.1,396.47,12.8,9,SPOTTING,FASTENED,13.4,CRUSHER_FEED_1,STEEP_INCLINE,89.5,75.0,NONE,TSK-1041
2026-09-20T12:18:00Z,CAT-797F-102,OP-102,14216.31,1891.3,79.1,26.4,438.44,6.0,11,HAULING_LOADED,FASTENED,27.2,RAMP_ACCESS_EAST,MUDDY,94.2,75.6,NONE,TSK-1062
2026-09-20T12:18:00Z,CAT-6060-201,OP-103,5126.51,1962.7,82.5,1.9,683.31,28.5,5,EXCAVATING,FASTENED,10.0,PIT_FLOOR_BENCH_B,SEVERE,97.2,78.8,NONE,TSK-1005
2026-09-20T12:18:00Z,CAT-994K-301,OP-104,9867.11,1850.0,82.5,25.0,349.62,9.0,14,HAULING_LOADED,FASTENED,42.0,HAUL_ROAD_SOUTH,NORMAL,93.1,78.2,NONE,TSK-1004
2026-09-20T12:18:00Z,CAT-D11-401,OP-105,16486.25,1931.9,78.8,3.4,443.01,16.5,6,DOZING,FASTENED,16.8,STAGING_BAY_4,MUDDY,96.7,78.6,NONE,TSK-1002
2026-09-20T12:18:45Z,CAT-797F-101,OP-101,8426.83,1749.8,55.8,0.5,397.12,12.8,9,LOADING,FASTENED,6.2,PIT_FLOOR_BENCH_B,STEEP_INCLINE,89.5,75.0,NONE,TSK-1041
2026-09-20T12:18:45Z,CAT-797F-102,OP-102,14216.33,1721.0,87.0,25.5,439.62,6.0,11,HAULING_LOADED,FASTENED,33.9,RAMP_ACCESS_EAST,MUDDY,94.4,75.9,NONE,TSK-1062
2026-09-20T12:18:45Z,CAT-6060-201,OP-103,5126.52,2047.4,76.8,4.8,684.75,28.5,5,EXCAVATING,FASTENED,20.0,PIT_FLOOR_BENCH_B,SEVERE,97.1,78.8,NONE,TSK-1005
2026-09-20T12:18:45Z,CAT-994K-301,OP-104,9867.13,1831.1,72.2,27.4,350.55,9.0,14,HAULING_LOADED,FASTENED,25.8,HAUL_ROAD_SOUTH,NORMAL,93.0,78.2,NONE,TSK-1004
2026-09-20T12:18:45Z,CAT-D11-401,OP-105,16486.26,1993.2,86.1,2.3,443.93,16.5,6,DOZING,FASTENED,13.8,STAGING_BAY_4,MUDDY,96.8,78.6,NONE,TSK-1002
2026-09-20T12:19:30Z,CAT-797F-101,OP-101,8426.84,1607.2,55.3,0.8,397.78,12.8,9,LOADING,FASTENED,7.7,PIT_FLOOR_BENCH_B,STEEP_INCLINE,89.5,75.0,NONE,TSK-1041
2026-09-20T12:19:30Z,CAT-797F-102,OP-102,14216.34,1824.3,86.6,26.3,440.8,6.0,11,HAULING_LOADED,FASTENED,36.7,RAMP_ACCESS_EAST,MUDDY,94.7,76.1,NONE,TSK-1062
2026-09-20T12:19:30Z,CAT-6060-201,OP-103,5126.54,2022.4,92.4,4.5,686.19,28.5,5,EXCAVATING,FASTENED,17.5,PIT_FLOOR_BENCH_B,SEVERE,97.2,78.9,NONE,TSK-1005
2026-09-20T12:19:30Z,CAT-994K-301,OP-104,9867.14,1786.4,89.7,17.0,351.49,9.0,14,HAULING_LOADED,FASTENED,36.9,HAUL_ROAD_SOUTH,NORMAL,93.1,78.3,NONE,TSK-1004
2026-09-20T12:19:30Z,CAT-D11-401,OP-105,16486.28,2011.3,87.1,3.3,444.85,16.5,6,DOZING,FASTENED,9.5,STAGING_BAY_4,MUDDY,96.8,78.7,NONE,TSK-1002
2026-09-20T12:20:15Z,CAT-797F-101,OP-101,8426.85,1609.0,61.9,0.0,398.44,12.8,9,LOADING,FASTENED,6.7,PIT_FLOOR_BENCH_B,STEEP_INCLINE,89.6,75.0,NONE,TSK-1041
2026-09-20T12:20:15Z,CAT-797F-102,OP-102,14216.35,1748.7,88.3,18.0,441.98,6.0,11,HAULING_LOADED,FASTENED,26.0,RAMP_ACCESS_EAST,MUDDY,94.9,76.3,NONE,TSK-1062
2026-09-20T12:20:15Z,CAT-6060-201,OP-103,5126.55,1794.4,79.6,2.1,687.64,28.5,5,EXCAVATING,FASTENED,12.7,PIT_FLOOR_BENCH_B,SEVERE,97.2,78.9,NONE,TSK-1005
2026-09-20T12:20:15Z,CAT-994K-301,OP-104,9867.15,1709.1,86.9,25.1,352.42,9.0,14,HAULING_LOADED,FASTENED,23.6,HAUL_ROAD_SOUTH,NORMAL,93.2,78.4,NONE,TSK-1004
2026-09-20T12:20:15Z,CAT-D11-401,OP-105,16486.29,2032.2,75.8,2.5,445.77,16.5,6,DOZING,FASTENED,8.3,STAGING_BAY_4,MUDDY,96.8,78.7,NONE,TSK-1002
2026-09-20T12:21:00Z,CAT-797F-101,OP-101,8426.86,1730.7,63.6,1.2,399.09,12.8,9,LOADING,FASTENED,9.7,PIT_FLOOR_BENCH_B,STEEP_INCLINE,89.7,75.1,NONE,TSK-1041
2026-09-20T12:21:00Z,CAT-797F-102,OP-102,14216.36,1724.0,86.9,21.3,443.16,6.0,11,HAULING_LOADED,FASTENED,43.7,RAMP_ACCESS_EAST,MUDDY,95.2,76.4,NONE,TSK-1062
2026-09-20T12:21:00Z,CAT-6060-201,OP-103,5126.56,2033.2,91.6,1.2,689.08,28.5,5,EXCAVATING,FASTENED,20.4,PIT_FLOOR_BENCH_B,SEVERE,97.3,79.0,NONE,TSK-1005
2026-09-20T12:21:00Z,CAT-994K-301,OP-104,9867.16,1851.9,88.4,25.5,353.36,9.0,14,HAULING_LOADED,FASTENED,30.8,HAUL_ROAD_SOUTH,NORMAL,93.3,78.5,NONE,TSK-1004
2026-09-20T12:21:00Z,CAT-D11-401,OP-105,16486.3,1771.8,92.9,1.9,446.69,16.5,6,DOZING,FASTENED,21.3,STAGING_BAY_4,MUDDY,96.9,78.8,NONE,TSK-1002
2026-09-20T12:21:45Z,CAT-797F-101,OP-101,8426.88,1552.2,56.0,0.5,399.75,12.8,9,LOADING,FASTENED,8.8,PIT_FLOOR_BENCH_B,STEEP_INCLINE,89.7,75.1,NONE,TSK-1041
2026-09-20T12:21:45Z,CAT-797F-102,OP-102,14216.38,1727.2,84.5,22.1,444.34,6.0,11,HAULING_LOADED,FASTENED,41.4,RAMP_ACCESS_EAST,MUDDY,95.3,76.6,NONE,TSK-1062
2026-09-20T12:21:45Z,CAT-6060-201,OP-103,5126.57,1792.8,79.0,3.1,690.53,28.5,5,EXCAVATING,FASTENED,11.7,PIT_FLOOR_BENCH_B,SEVERE,97.2,79.0,ENG-TEMP-HIGH-01,TSK-1005
2026-09-20T12:21:45Z,CAT-994K-301,OP-104,9867.18,1760.5,89.9,16.1,354.29,9.0,14,HAULING_LOADED,FASTENED,34.8,HAUL_ROAD_SOUTH,NORMAL,93.4,78.6,NONE,TSK-1004
2026-09-20T12:21:45Z,CAT-D11-401,OP-105,16486.31,1808.2,80.7,2.9,447.61,16.5,6,DOZING,FASTENED,17.3,STAGING_BAY_4,MUDDY,96.9,78.8,NONE,TSK-1002
2026-09-20T12:22:30Z,CAT-797F-101,OP-101,8426.89,1490.9,55.9,0.3,400.41,12.8,9,LOADING,FASTENED,7.9,PIT_FLOOR_BENCH_B,STEEP_INCLINE,89.7,75.1,NONE,TSK-1041
2026-09-20T12:22:30Z,CAT-797F-102,OP-102,14216.39,1713.4,85.3,21.6,445.52,6.0,11,HAULING_LOADED,FASTENED,39.4,RAMP_ACCESS_EAST,MUDDY,95.5,76.7,NONE,TSK-1062
2026-09-20T12:22:30Z,CAT-6060-201,OP-103,5126.59,1764.2,82.0,3.3,691.97,28.5,5,EXCAVATING,FASTENED,17.9,PIT_FLOOR_BENCH_B,SEVERE,97.2,79.0,NONE,TSK-1005
2026-09-20T12:22:30Z,CAT-994K-301,OP-104,9867.19,1745.4,72.3,28.4,355.22,9.0,14,HAULING_LOADED,FASTENED,47.8,HAUL_ROAD_SOUTH,NORMAL,93.3,78.5,NONE,TSK-1004
2026-09-20T12:22:30Z,CAT-D11-401,OP-105,16486.33,1799.7,89.4,3.8,448.52,16.5,6,DOZING,FASTENED,16.7,STAGING_BAY_4,MUDDY,97.0,78.9,NONE,TSK-1002
2026-09-20T12:23:15Z,CAT-797F-101,OP-101,8426.9,1621.8,62.5,0.9,401.06,12.8,9,LOADING,FASTENED,7.5,PIT_FLOOR_BENCH_B,STEEP_INCLINE,89.8,75.1,NONE,TSK-1041
2026-09-20T12:23:15Z,CAT-797F-102,OP-102,14216.4,1851.2,84.0,25.1,446.69,6.0,11,HAULING_LOADED,FASTENED,39.0,RAMP_ACCESS_EAST,MUDDY,95.6,76.9,NONE,TSK-1062
2026-09-20T12:23:15Z,CAT-6060-201,OP-103,5126.6,1886.9,91.9,2.2,693.41,28.5,5,EXCAVATING,FASTENED,15.5,PIT_FLOOR_BENCH_B,SEVERE,97.3,79.1,NONE,TSK-1005
2026-09-20T12:23:15Z,CAT-994K-301,OP-104,9867.2,688.8,13.4,0.0,355.39,9.8,14,IDLE,FASTENED,18.1,STAGING_BAY_4,NORMAL,92.6,78.0,NONE,TSK-1004
2026-09-20T12:23:15Z,CAT-D11-401,OP-105,16486.34,2016.2,85.8,4.2,449.44,16.5,6,DOZING,FASTENED,20.0,STAGING_BAY_4,MUDDY,97.0,78.9,NONE,TSK-1002
2026-09-20T12:24:00Z,CAT-797F-101,OP-101,8426.91,1909.8,96.1,10.8,402.14,12.8,9,HAULING_LOADED,FASTENED,41.9,HAUL_ROAD_NORTH,STEEP_INCLINE,90.3,75.4,NONE,TSK-1041
2026-09-20T12:24:00Z,CAT-797F-102,OP-102,14216.41,1807.5,83.3,28.0,447.87,6.0,11,HAULING_LOADED,FASTENED,21.5,RAMP_ACCESS_EAST,MUDDY,95.8,77.0,NONE,TSK-1062
2026-09-20T12:24:00Z,CAT-6060-201,OP-103,5126.61,1756.9,85.6,1.6,694.86,28.5,5,EXCAVATING,FASTENED,17.0,PIT_FLOOR_BENCH_B,SEVERE,97.3,79.1,NONE,TSK-1005
2026-09-20T12:24:00Z,CAT-994K-301,OP-104,9867.21,733.5,13.9,0.0,355.55,10.5,14,IDLE,FASTENED,16.4,STAGING_BAY_4,NORMAL,91.9,77.5,NONE,TSK-1004
2026-09-20T12:24:00Z,CAT-D11-401,OP-105,16486.35,1918.5,93.9,1.9,450.36,16.5,6,DOZING,FASTENED,16.5,STAGING_BAY_4,MUDDY,97.2,79.0,NONE,TSK-1002
2026-09-20T12:24:45Z,CAT-797F-101,OP-101,8426.93,1927.0,93.0,19.2,403.22,12.8,9,HAULING_LOADED,FASTENED,34.6,HAUL_ROAD_NORTH,STEEP_INCLINE,90.7,75.7,NONE,TSK-1041
2026-09-20T12:24:45Z,CAT-797F-102,OP-102,14216.43,1840.3,72.3,26.2,449.05,6.0,11,HAULING_LOADED,FASTENED,28.0,RAMP_ACCESS_EAST,MUDDY,95.8,77.0,NONE,TSK-1062
2026-09-20T12:24:45Z,CAT-6060-201,OP-103,5126.62,1853.4,82.7,3.7,696.3,28.5,5,EXCAVATING,FASTENED,21.7,PIT_FLOOR_BENCH_B,SEVERE,97.3,79.1,NONE,TSK-1005
2026-09-20T12:24:45Z,CAT-994K-301,OP-104,9867.23,706.0,10.2,0.0,355.71,11.2,14,IDLE,FASTENED,25.3,STAGING_BAY_4,NORMAL,91.2,77.0,NONE,TSK-1004
2026-09-20T12:24:45Z,CAT-D11-401,OP-105,16486.36,1871.9,89.5,3.2,451.28,16.5,6,DOZING,FASTENED,10.1,STAGING_BAY_4,MUDDY,97.2,79.1,NONE,TSK-1002
2026-09-20T12:25:30Z,CAT-797F-101,OP-101,8426.94,1837.7,91.5,12.3,404.3,12.8,9,HAULING_LOADED,FASTENED,37.6,HAUL_ROAD_NORTH,STEEP_INCLINE,91.0,75.9,NONE,TSK-1041
2026-09-20T12:25:30Z,CAT-797F-102,OP-102,14216.44,1754.2,83.2,26.1,450.23,6.0,11,HAULING_LOADED,FASTENED,22.8,RAMP_ACCESS_EAST,MUDDY,95.9,77.1,NONE,TSK-1062
2026-09-20T12:25:30Z,CAT-6060-201,OP-103,5126.64,2014.7,89.6,4.2,697.74,28.5,5,EXCAVATING,FASTENED,12.4,PIT_FLOOR_BENCH_B,SEVERE,97.3,79.2,NONE,TSK-1005
2026-09-20T12:25:30Z,CAT-994K-301,OP-104,9867.24,687.2,15.1,0.0,355.87,12.0,14,IDLE,FASTENED,24.9,STAGING_BAY_4,NORMAL,90.6,76.6,NONE,TSK-1004
2026-09-20T12:25:30Z,CAT-D11-401,OP-105,16486.38,1794.7,86.2,4.1,452.2,16.5,6,DOZING,FASTENED,19.9,STAGING_BAY_4,MUDDY,97.3,79.1,NONE,TSK-1002
2026-09-20T12:26:15Z,CAT-797F-101,OP-101,8426.95,1913.7,96.7,10.1,405.38,12.8,9,HAULING_LOADED,UNFASTENED,41.1,HAUL_ROAD_NORTH,STEEP_INCLINE,91.3,76.2,NONE,TSK-1041
2026-09-20T12:26:15Z,CAT-797F-102,OP-102,14216.45,1866.9,82.3,23.5,451.41,6.0,11,HAULING_LOADED,FASTENED,45.4,RAMP_ACCESS_EAST,MUDDY,96.0,77.2,NONE,TSK-1062
2026-09-20T12:26:15Z,CAT-6060-201,OP-103,5126.65,2049.5,77.2,4.9,699.19,28.5,5,EXCAVATING,FASTENED,13.4,PIT_FLOOR_BENCH_B,SEVERE,97.3,79.1,NONE,TSK-1005
2026-09-20T12:26:15Z,CAT-994K-301,OP-104,9867.25,1464.4,56.3,0.6,356.44,12.0,15,LOADING,FASTENED,9.1,PIT_FLOOR_BENCH_A,NORMAL,90.6,76.5,NONE,TSK-1004
2026-09-20T12:26:15Z,CAT-D11-401,OP-105,16486.39,1837.9,86.5,4.4,453.12,16.5,6,DOZING,FASTENED,12.5,STAGING_BAY_4,MUDDY,97.3,79.2,NONE,TSK-1002
2026-09-20T12:27:00Z,CAT-797F-101,OP-101,8426.96,1915.7,90.4,18.9,406.45,12.8,9,HAULING_LOADED,FASTENED,46.6,HAUL_ROAD_NORTH,STEEP_INCLINE,91.6,76.4,NONE,TSK-1041
2026-09-20T12:27:00Z,CAT-797F-102,OP-102,14216.46,1856.7,73.0,20.6,452.59,6.0,11,HAULING_LOADED,FASTENED,37.9,RAMP_ACCESS_EAST,MUDDY,95.9,77.3,NONE,TSK-1062
2026-09-20T12:27:00Z,CAT-6060-201,OP-103,5126.66,2018.7,83.4,3.4,700.63,28.5,5,EXCAVATING,FASTENED,13.5,PIT_FLOOR_BENCH_B,SEVERE,97.3,79.1,NONE,TSK-1005
2026-09-20T12:27:00Z,CAT-994K-301,OP-104,9867.26,1715.6,69.5,0.9,357.01,12.0,15,LOADING,FASTENED,8.1,PIT_FLOOR_BENCH_A,NORMAL,90.7,76.5,NONE,TSK-1004
2026-09-20T12:27:00Z,CAT-D11-401,OP-105,16486.4,1791.2,75.4,4.2,454.04,16.5,6,DOZING,FASTENED,18.4,STAGING_BAY_4,MUDDY,97.2,79.1,NONE,TSK-1002
2026-09-20T12:27:45Z,CAT-797F-101,OP-101,8426.98,1818.5,87.7,8.6,407.53,12.8,9,HAULING_LOADED,FASTENED,24.5,HAUL_ROAD_NORTH,STEEP_INCLINE,91.8,76.6,NONE,TSK-1041
2026-09-20T12:27:45Z,CAT-797F-102,OP-102,14216.48,1315.4,36.2,1.6,453.15,6.0,11,DUMPING,FASTENED,10.4,OVERBURDEN_DUMP_WEST,MUDDY,95.5,77.0,NONE,TSK-1062
2026-09-20T12:27:45Z,CAT-6060-201,OP-103,5126.67,1770.1,78.7,1.8,702.08,28.5,5,EXCAVATING,FASTENED,11.2,PIT_FLOOR_BENCH_B,SEVERE,97.2,79.1,NONE,TSK-1005
2026-09-20T12:27:45Z,CAT-994K-301,OP-104,9867.28,1544.3,69.3,0.2,357.58,12.0,15,LOADING,FASTENED,7.7,PIT_FLOOR_BENCH_A,NORMAL,90.7,76.6,NONE,TSK-1004
2026-09-20T12:27:45Z,CAT-D11-401,OP-105,16486.41,1782.6,85.3,1.3,454.96,16.5,6,DOZING,FASTENED,8.1,STAGING_BAY_4,MUDDY,97.2,79.1,NONE,TSK-1002
2026-09-20T12:28:30Z,CAT-797F-101,OP-101,8426.99,1741.1,82.0,15.5,408.61,12.8,9,HAULING_LOADED,FASTENED,20.0,HAUL_ROAD_NORTH,STEEP_INCLINE,92.0,76.7,NONE,TSK-1041
2026-09-20T12:28:30Z,CAT-797F-102,OP-102,14216.49,1310.1,35.8,1.9,453.72,6.0,11,DUMPING,FASTENED,11.5,OVERBURDEN_DUMP_WEST,MUDDY,95.1,76.7,NONE,TSK-1062
2026-09-20T12:28:30Z,CAT-6060-201,OP-103,5126.69,1898.7,85.9,2.4,703.52,28.5,5,EXCAVATING,FASTENED,9.7,PIT_FLOOR_BENCH_B,SEVERE,97.2,79.1,NONE,TSK-1005
2026-09-20T12:28:30Z,CAT-994K-301,OP-104,9867.29,1650.4,60.9,0.3,358.15,12.0,15,LOADING,FASTENED,6.2,PIT_FLOOR_BENCH_A,NORMAL,90.7,76.5,NONE,TSK-1004
2026-09-20T12:28:30Z,CAT-D11-401,OP-105,16486.43,2009.4,81.1,1.6,455.87,16.5,6,DOZING,FASTENED,13.5,STAGING_BAY_4,MUDDY,97.2,79.1,NONE,TSK-1002
2026-09-20T12:29:15Z,CAT-797F-101,OP-101,8427.0,1723.6,85.5,20.4,409.69,12.8,9,HAULING_LOADED,FASTENED,26.6,HAUL_ROAD_NORTH,STEEP_INCLINE,92.1,76.9,NONE,TSK-1041
2026-09-20T12:29:15Z,CAT-797F-102,OP-102,14216.5,1170.0,33.6,1.8,454.28,6.0,11,DUMPING,FASTENED,7.3,OVERBURDEN_DUMP_WEST,MUDDY,94.7,76.5,NONE,TSK-1062
2026-09-20T12:29:15Z,CAT-6060-201,OP-103,5126.7,1889.0,90.0,3.7,704.96,28.5,5,EXCAVATING,FASTENED,10.4,PIT_FLOOR_BENCH_B,SEVERE,97.3,79.2,ENG-TEMP-HIGH-01,TSK-1005
2026-09-20T12:29:15Z,CAT-994K-301,OP-104,9867.3,1498.4,56.8,0.6,358.72,12.0,15,LOADING,FASTENED,10.1,PIT_FLOOR_BENCH_A,NORMAL,90.7,76.4,NONE,TSK-1004
2026-09-20T12:29:15Z,CAT-D11-401,OP-105,16486.44,1804.7,86.9,2.0,456.79,16.5,6,DOZING,FASTENED,21.0,STAGING_BAY_4,MUDDY,97.2,79.2,NONE,TSK-1002
2026-09-20T12:30:00Z,CAT-797F-101,OP-101,8427.01,1785.0,96.6,17.8,410.77,12.8,9,HAULING_LOADED,FASTENED,39.2,HAUL_ROAD_NORTH,STEEP_INCLINE,92.4,77.1,NONE,TSK-1041
2026-09-20T12:30:00Z,CAT-797F-102,OP-102,14216.51,1779.9,52.8,39.3,455.05,6.0,12,HAULING_EMPTY,FASTENED,50.0,HAUL_ROAD_NORTH,MUDDY,94.6,76.4,NONE,TSK-1062
2026-09-20T12:30:00Z,CAT-6060-201,OP-103,5126.71,1758.7,79.3,4.0,706.41,28.5,5,EXCAVATING,FASTENED,21.4,PIT_FLOOR_BENCH_B,SEVERE,97.2,79.2,NONE,TSK-1005
2026-09-20T12:30:00Z,CAT-994K-301,OP-104,9867.31,1626.6,69.4,0.5,359.29,12.0,15,LOADING,FASTENED,9.4,PIT_FLOOR_BENCH_A,NORMAL,90.7,76.5,NONE,TSK-1004
2026-09-20T12:30:00Z,CAT-D11-401,OP-105,16486.45,1870.8,92.8,1.9,457.71,16.5,6,DOZING,FASTENED,13.7,STAGING_BAY_4,MUDDY,97.3,79.2,NONE,TSK-1002
2026-09-20T12:30:45Z,CAT-797F-101,OP-101,8427.03,1898.1,87.3,8.0,411.84,12.8,9,HAULING_LOADED,FASTENED,35.1,HAUL_ROAD_NORTH,STEEP_INCLINE,92.5,77.2,NONE,TSK-1041
2026-09-20T12:30:45Z,CAT-797F-102,OP-102,14216.53,1769.0,45.6,35.0,455.82,6.0,12,HAULING_EMPTY,FASTENED,32.8,HAUL_ROAD_NORTH,NORMAL,94.1,76.2,NONE,TSK-1068
2026-09-20T12:30:45Z,CAT-6060-201,OP-103,5126.72,2047.6,87.9,3.6,707.85,28.5,5,EXCAVATING,FASTENED,8.2,PIT_FLOOR_BENCH_B,SEVERE,97.3,79.2,NONE,TSK-1005
2026-09-20T12:30:45Z,CAT-994K-301,OP-104,9867.33,704.3,10.9,0.0,359.45,12.8,15,IDLE,FASTENED,15.0,STAGING_BAY_4,NORMAL,90.2,76.0,NONE,TSK-1004
2026-09-20T12:30:45Z,CAT-D11-401,OP-105,16486.46,2031.1,76.4,3.3,458.63,16.5,6,DOZING,FASTENED,12.6,STAGING_BAY_4,MUDDY,97.2,79.2,NONE,TSK-1002
2026-09-20T12:31:30Z,CAT-797F-101,OP-101,8427.04,1848.5,80.8,15.4,412.92,12.8,9,HAULING_LOADED,FASTENED,41.6,HAUL_ROAD_NORTH,STEEP_INCLINE,92.6,77.3,NONE,TSK-1041
2026-09-20T12:31:30Z,CAT-797F-102,OP-102,14216.54,1637.6,54.2,29.1,456.59,6.0,12,HAULING_EMPTY,FASTENED,40.0,HAUL_ROAD_NORTH,NORMAL,93.7,76.1,NONE,TSK-1068
2026-09-20T12:31:30Z,CAT-6060-201,OP-103,5126.74,1797.5,92.0,1.2,709.29,28.5,5,EXCAVATING,FASTENED,12.6,PIT_FLOOR_BENCH_B,SEVERE,97.4,79.3,NONE,TSK-1005
2026-09-20T12:31:30Z,CAT-994K-301,OP-104,9867.34,723.8,14.0,0.0,359.61,13.5,15,IDLE,FASTENED,21.6,STAGING_BAY_4,NORMAL,89.7,75.7,NONE,TSK-1004
2026-09-20T12:31:30Z,CAT-D11-401,OP-105,16486.48,1929.5,88.1,3.0,459.55,16.5,6,DOZING,FASTENED,12.1,STAGING_BAY_4,MUDDY,97.3,79.2,NONE,TSK-1002
2026-09-20T12:32:15Z,CAT-797F-101,OP-101,8427.05,1336.9,41.8,2.0,413.44,12.8,9,DUMPING,FASTENED,7.0,OVERBURDEN_DUMP_WEST,STEEP_INCLINE,92.2,77.1,NONE,TSK-1041
2026-09-20T12:32:15Z,CAT-797F-102,OP-102,14216.55,1611.0,54.5,32.9,457.35,6.0,12,HAULING_EMPTY,FASTENED,53.8,HAUL_ROAD_NORTH,NORMAL,93.4,76.1,NONE,TSK-1068
2026-09-20T12:32:15Z,CAT-6060-201,OP-103,5126.75,1760.7,87.4,1.4,710.74,28.5,5,EXCAVATING,FASTENED,20.9,PIT_FLOOR_BENCH_B,SEVERE,97.4,79.3,NONE,TSK-1005
2026-09-20T12:32:15Z,CAT-994K-301,OP-104,9867.35,706.9,12.9,0.0,359.77,14.2,15,IDLE,FASTENED,21.5,STAGING_BAY_4,NORMAL,89.2,75.3,NONE,TSK-1004
2026-09-20T12:32:15Z,CAT-D11-401,OP-105,16486.49,1806.0,92.7,2.8,460.47,16.5,6,DOZING,FASTENED,13.3,STAGING_BAY_4,MUDDY,97.4,79.3,NONE,TSK-1002
2026-09-20T12:33:00Z,CAT-797F-101,OP-101,8427.06,1301.4,42.6,1.7,413.95,12.8,9,DUMPING,FASTENED,11.1,OVERBURDEN_DUMP_WEST,STEEP_INCLINE,91.9,76.9,NONE,TSK-1041
2026-09-20T12:33:00Z,CAT-797F-102,OP-102,14216.56,1673.4,59.1,34.1,458.12,6.0,12,HAULING_EMPTY,FASTENED,36.4,HAUL_ROAD_NORTH,NORMAL,93.1,76.0,NONE,TSK-1068
2026-09-20T12:33:00Z,CAT-6060-201,OP-103,5126.76,2003.7,90.9,1.5,712.18,28.5,5,EXCAVATING,FASTENED,15.2,PIT_FLOOR_BENCH_B,SEVERE,97.5,79.4,NONE,TSK-1005
2026-09-20T12:33:00Z,CAT-994K-301,OP-104,9867.36,682.3,13.9,0.0,359.94,15.0,15,IDLE,FASTENED,18.5,STAGING_BAY_4,NORMAL,88.8,74.9,NONE,TSK-1004
2026-09-20T12:33:00Z,CAT-D11-401,OP-105,16486.5,1869.6,78.5,3.5,461.39,16.5,6,DOZING,FASTENED,11.3,STAGING_BAY_4,MUDDY,97.3,79.3,NONE,TSK-1002
2026-09-20T12:33:45Z,CAT-797F-101,OP-101,8427.08,1108.4,46.3,1.5,414.47,12.8,9,DUMPING,FASTENED,14.0,OVERBURDEN_DUMP_WEST,STEEP_INCLINE,91.6,76.7,NONE,TSK-1041
2026-09-20T12:33:45Z,CAT-797F-102,OP-102,14216.58,1698.3,55.7,34.0,458.89,6.0,12,HAULING_EMPTY,FASTENED,23.0,HAUL_ROAD_NORTH,NORMAL,92.9,76.0,NONE,TSK-1068
2026-09-20T12:33:45Z,CAT-6060-201,OP-103,5126.77,1833.9,85.3,4.1,713.63,28.5,5,EXCAVATING,FASTENED,12.8,PIT_FLOOR_BENCH_B,SEVERE,97.5,79.4,NONE,TSK-1005
2026-09-20T12:33:45Z,CAT-994K-301,OP-104,9867.38,736.1,12.4,0.0,360.1,15.8,15,IDLE,FASTENED,22.3,STAGING_BAY_4,NORMAL,88.4,74.6,NONE,TSK-1004
2026-09-20T12:33:45Z,CAT-D11-401,OP-105,16486.51,1855.9,90.5,2.2,462.31,16.5,6,DOZING,FASTENED,16.9,STAGING_BAY_4,MUDDY,97.4,79.3,NONE,TSK-1002
2026-09-20T12:34:30Z,CAT-797F-101,OP-101,8427.09,1249.2,41.2,1.2,414.98,12.8,9,DUMPING,FASTENED,9.4,OVERBURDEN_DUMP_WEST,STEEP_INCLINE,91.3,76.5,NONE,TSK-1041
2026-09-20T12:34:30Z,CAT-797F-102,OP-102,14216.59,1777.2,45.9,40.8,459.66,6.0,12,HAULING_EMPTY,FASTENED,52.5,HAUL_ROAD_NORTH,NORMAL,92.5,75.8,NONE,TSK-1068
2026-09-20T12:34:30Z,CAT-6060-201,OP-103,5126.79,1852.1,78.1,1.3,715.07,28.5,5,EXCAVATING,FASTENED,17.5,PIT_FLOOR_BENCH_B,SEVERE,97.4,79.4,NONE,TSK-1005
2026-09-20T12:34:30Z,CAT-994K-301,OP-104,9867.39,1724.2,61.9,0.2,360.67,15.8,16,LOADING,FASTENED,8.9,PIT_FLOOR_BENCH_A,NORMAL,88.6,74.6,NONE,TSK-1004
2026-09-20T12:34:30Z,CAT-D11-401,OP-105,16486.53,1926.7,91.5,1.9,463.22,16.5,6,DOZING,FASTENED,15.4,STAGING_BAY_4,MUDDY,97.5,79.4,NONE,TSK-1002
2026-09-20T12:35:15Z,CAT-797F-101,OP-101,8427.1,1679.2,49.8,30.4,415.69,12.8,10,HAULING_EMPTY,FASTENED,53.4,HAUL_ROAD_NORTH,STEEP_INCLINE,91.1,76.4,NONE,TSK-1041
2026-09-20T12:35:15Z,CAT-797F-102,OP-102,14216.6,1584.1,49.7,38.9,460.43,6.0,12,HAULING_EMPTY,FASTENED,32.7,HAUL_ROAD_NORTH,NORMAL,92.2,75.8,NONE,TSK-1068
2026-09-20T12:35:15Z,CAT-6060-201,OP-103,5126.8,1976.8,89.7,2.1,716.51,28.5,5,EXCAVATING,FASTENED,11.7,PIT_FLOOR_BENCH_B,SEVERE,97.4,79.4,NONE,TSK-1005
2026-09-20T12:35:15Z,CAT-994K-301,OP-104,9867.4,1637.0,72.6,1.1,361.24,15.8,16,LOADING,FASTENED,10.1,PIT_FLOOR_BENCH_A,NORMAL,88.9,74.8,NONE,TSK-1004
2026-09-20T12:35:15Z,CAT-D11-401,OP-105,16486.54,1999.7,92.4,3.4,464.14,16.5,6,DOZING,FASTENED,10.3,STAGING_BAY_4,MUDDY,97.5,79.5,NONE,TSK-1002
2026-09-20T12:36:00Z,CAT-797F-101,OP-101,8427.11,1606.8,46.7,37.9,416.39,12.8,10,HAULING_EMPTY,FASTENED,24.8,HAUL_ROAD_NORTH,NORMAL,90.9,76.2,NONE,TSK-1044
2026-09-20T12:36:00Z,CAT-797F-102,OP-102,14216.61,1626.2,43.8,29.1,461.2,6.0,12,HAULING_EMPTY,FASTENED,25.5,HAUL_ROAD_NORTH,NORMAL,91.9,75.6,NONE,TSK-1068
2026-09-20T12:36:00Z,CAT-6060-201,OP-103,5126.81,1810.7,79.1,1.7,717.96,28.5,5,EXCAVATING,FASTENED,16.7,PIT_FLOOR_BENCH_B,SEVERE,97.4,79.4,NONE,TSK-1005
2026-09-20T12:36:00Z,CAT-994K-301,OP-104,9867.41,1668.4,74.0,0.1,361.81,15.8,16,LOADING,FASTENED,10.0,PIT_FLOOR_BENCH_A,NORMAL,89.1,74.9,NONE,TSK-1004
2026-09-20T12:36:00Z,CAT-D11-401,OP-105,16486.55,1845.2,75.3,3.5,465.06,16.5,6,DOZING,FASTENED,21.3,STAGING_BAY_4,MUDDY,97.4,79.4,NONE,TSK-1002
2026-09-20T12:36:45Z,CAT-797F-101,OP-101,8427.13,1756.8,47.7,37.5,417.09,12.8,10,HAULING_EMPTY,FASTENED,24.9,HAUL_ROAD_NORTH,NORMAL,90.7,76.1,NONE,TSK-1044
2026-09-20T12:36:45Z,CAT-797F-102,OP-102,14216.63,1556.7,49.7,33.3,461.97,6.0,12,HAULING_EMPTY,FASTENED,54.9,HAUL_ROAD_NORTH,NORMAL,91.7,75.5,NONE,TSK-1068
2026-09-20T12:36:45Z,CAT-6060-201,OP-103,5126.82,1907.1,85.7,3.4,719.4,28.5,5,EXCAVATING,FASTENED,19.7,PIT_FLOOR_BENCH_B,SEVERE,97.4,79.4,ENG-TEMP-HIGH-01,TSK-1005
2026-09-20T12:36:45Z,CAT-994K-301,OP-104,9867.43,1558.3,59.7,0.6,362.37,15.8,16,LOADING,FASTENED,8.8,PIT_FLOOR_BENCH_A,NORMAL,89.2,75.0,NONE,TSK-1004
2026-09-20T12:36:45Z,CAT-D11-401,OP-105,16486.56,2030.6,85.6,4.7,465.98,16.5,6,DOZING,FASTENED,18.9,STAGING_BAY_4,MUDDY,97.4,79.4,NONE,TSK-1002
2026-09-20T12:37:30Z,CAT-797F-101,OP-101,8427.14,1776.5,53.7,31.3,417.8,12.8,10,HAULING_EMPTY,FASTENED,46.9,HAUL_ROAD_NORTH,NORMAL,90.6,76.0,NONE,TSK-1044
2026-09-20T12:37:30Z,CAT-797F-102,OP-102,14216.64,1589.5,59.3,26.4,462.74,6.0,12,HAULING_EMPTY,FASTENED,45.3,HAUL_ROAD_NORTH,NORMAL,91.6,75.5,NONE,TSK-1068
2026-09-20T12:37:30Z,CAT-6060-201,OP-103,5126.84,2044.9,92.0,2.1,720.84,28.5,5,EXCAVATING,FASTENED,16.9,PIT_FLOOR_BENCH_B,SEVERE,97.5,79.5,NONE,TSK-1005
2026-09-20T12:37:30Z,CAT-994K-301,OP-104,9867.44,1559.1,72.3,0.9,362.94,15.8,16,LOADING,FASTENED,10.2,PIT_FLOOR_BENCH_A,NORMAL,89.5,75.1,NONE,TSK-1004
2026-09-20T12:37:30Z,CAT-D11-401,OP-105,16486.58,1900.6,80.8,3.5,466.9,16.5,6,DOZING,FASTENED,9.7,STAGING_BAY_4,MUDDY,97.4,79.4,NONE,TSK-1002
2026-09-20T12:38:15Z,CAT-797F-101,OP-101,8427.15,1815.3,42.5,40.3,418.5,12.8,10,HAULING_EMPTY,FASTENED,22.2,HAUL_ROAD_NORTH,NORMAL,90.4,75.9,NONE,TSK-1044
2026-09-20T12:38:15Z,CAT-797F-102,OP-102,14216.65,1549.9,48.1,35.2,463.5,6.0,12,HAULING_EMPTY,FASTENED,41.3,HAUL_ROAD_NORTH,NORMAL,91.3,75.4,NONE,TSK-1068
2026-09-20T12:38:15Z,CAT-6060-201,OP-103,5126.85,1771.8,79.5,3.6,722.29,28.5,5,EXCAVATING,FASTENED,19.6,PIT_FLOOR_BENCH_B,SEVERE,97.4,79.4,NONE,TSK-1005
2026-09-20T12:38:15Z,CAT-994K-301,OP-104,9867.45,1547.8,61.3,0.3,363.51,15.8,16,LOADING,FASTENED,7.6,PIT_FLOOR_BENCH_A,NORMAL,89.6,75.1,NONE,TSK-1004
2026-09-20T12:38:15Z,CAT-D11-401,OP-105,16486.59,1906.5,87.0,2.7,467.82,16.5,6,DOZING,FASTENED,18.3,STAGING_BAY_4,MUDDY,97.4,79.4,NONE,TSK-1002
2026-09-20T12:39:00Z,CAT-797F-101,OP-101,8427.16,1591.0,52.4,34.8,419.2,12.8,10,HAULING_EMPTY,FASTENED,34.7,HAUL_ROAD_NORTH,NORMAL,90.3,75.8,NONE,TSK-1044
2026-09-20T12:39:00Z,CAT-797F-102,OP-102,14216.66,1729.4,44.9,40.9,464.27,6.0,12,HAULING_EMPTY,FASTENED,44.8,HAUL_ROAD_NORTH,NORMAL,91.1,75.3,NONE,TSK-1068
2026-09-20T12:39:00Z,CAT-6060-201,OP-103,5126.86,1876.9,92.1,4.2,723.73,28.5,5,EXCAVATING,FASTENED,18.1,PIT_FLOOR_BENCH_B,SEVERE,97.5,79.5,NONE,TSK-1005
2026-09-20T12:39:00Z,CAT-994K-301,OP-104,9867.46,1674.1,57.6,1.0,364.08,15.8,16,LOADING,FASTENED,10.9,PIT_FLOOR_BENCH_A,NORMAL,89.6,75.1,NONE,TSK-1004
2026-09-20T12:39:00Z,CAT-D11-401,OP-105,16486.6,2025.8,80.5,4.8,468.74,16.5,6,DOZING,FASTENED,9.0,STAGING_BAY_4,MUDDY,97.3,79.4,NONE,TSK-1002
2026-09-20T12:39:45Z,CAT-797F-101,OP-101,8427.18,1726.4,58.2,25.9,419.91,12.8,10,HAULING_EMPTY,FASTENED,26.4,HAUL_ROAD_NORTH,NORMAL,90.3,75.8,NONE,TSK-1044
2026-09-20T12:39:45Z,CAT-797F-102,OP-102,14216.68,1540.4,54.1,39.4,465.04,6.0,12,HAULING_EMPTY,FASTENED,43.3,HAUL_ROAD_NORTH,NORMAL,91.0,75.3,NONE,TSK-1068
2026-09-20T12:39:45Z,CAT-6060-201,OP-103,5126.87,1937.2,76.1,4.0,725.18,28.5,5,EXCAVATING,FASTENED,20.4,PIT_FLOOR_BENCH_B,SEVERE,97.4,79.4,NONE,TSK-1005
2026-09-20T12:39:45Z,CAT-994K-301,OP-104,9867.48,1553.5,65.7,0.9,364.65,15.8,16,LOADING,FASTENED,8.0,PIT_FLOOR_BENCH_B,NORMAL,89.7,75.2,NONE,TSK-1004
2026-09-20T12:39:45Z,CAT-D11-401,OP-105,16486.61,1949.5,78.4,1.7,469.66,16.5,6,DOZING,FASTENED,12.9,STAGING_BAY_4,MUDDY,97.3,79.4,NONE,TSK-1002
2026-09-20T12:40:30Z,CAT-797F-101,OP-101,8427.19,1811.5,53.2,28.6,420.61,12.8,10,HAULING_EMPTY,FASTENED,26.5,HAUL_ROAD_NORTH,NORMAL,90.2,75.7,NONE,TSK-1044
2026-09-20T12:40:30Z,CAT-797F-102,OP-102,14216.69,1682.8,42.7,26.5,465.81,6.0,12,HAULING_EMPTY,FASTENED,25.0,HAUL_ROAD_NORTH,NORMAL,90.7,75.2,NONE,TSK-1068
2026-09-20T12:40:30Z,CAT-6060-201,OP-103,5126.89,702.9,13.9,0.0,725.45,29.2,5,IDLE,FASTENED,17.4,STAGING_BAY_4,SEVERE,96.6,78.9,NONE,TSK-1005
2026-09-20T12:40:30Z,CAT-994K-301,OP-104,9867.49,1710.7,69.4,1.2,365.22,15.8,16,LOADING,FASTENED,9.2,PIT_FLOOR_BENCH_B,NORMAL,89.9,75.3,NONE,TSK-1004
2026-09-20T12:40:30Z,CAT-D11-401,OP-105,16486.63,1887.2,79.1,2.8,470.57,16.5,6,DOZING,FASTENED,18.0,STAGING_BAY_4,MUDDY,97.2,79.3,NONE,TSK-1002
2026-09-20T12:41:15Z,CAT-797F-101,OP-101,8427.2,1686.4,45.7,38.7,421.31,12.8,10,HAULING_EMPTY,FASTENED,23.0,HAUL_ROAD_NORTH,NORMAL,90.1,75.6,NONE,TSK-1044
2026-09-20T12:41:15Z,CAT-797F-102,OP-102,14216.7,1261.5,41.1,2.2,466.37,6.0,12,SPOTTING,FASTENED,12.1,CRUSHER_FEED_1,NORMAL,90.5,75.0,NONE,TSK-1068
2026-09-20T12:41:15Z,CAT-6060-201,OP-103,5126.9,737.3,14.4,0.0,725.73,30.0,5,IDLE,FASTENED,25.2,STAGING_BAY_4,SEVERE,95.8,78.3,NONE,TSK-1005
2026-09-20T12:41:15Z,CAT-994K-301,OP-104,9867.5,1625.6,67.8,0.3,365.79,15.8,16,LOADING,FASTENED,8.8,PIT_FLOOR_BENCH_B,NORMAL,90.0,75.4,NONE,TSK-1004
2026-09-20T12:41:15Z,CAT-D11-401,OP-105,16486.64,1800.0,87.4,3.8,471.49,16.5,6,DOZING,FASTENED,11.4,STAGING_BAY_4,MUDDY,97.3,79.3,NONE,TSK-1002
2026-09-20T12:42:00Z,CAT-797F-101,OP-101,8427.21,1565.0,53.1,29.4,422.02,12.8,10,HAULING_EMPTY,FASTENED,35.8,HAUL_ROAD_NORTH,NORMAL,90.0,75.5,NONE,TSK-1044
2026-09-20T12:42:00Z,CAT-797F-102,OP-102,14216.71,1280.5,43.8,2.9,466.94,6.0,12,SPOTTING,FASTENED,8.1,CRUSHER_FEED_1,NORMAL,90.3,74.9,NONE,TSK-1068
2026-09-20T12:42:00Z,CAT-6060-201,OP-103,5126.91,697.4,15.7,0.0,726.0,30.8,5,IDLE,FASTENED,22.0,STAGING_BAY_4,SEVERE,95.2,77.8,NONE,TSK-1005
2026-09-20T12:42:00Z,CAT-994K-301,OP-104,9867.51,1526.2,71.2,0.9,366.36,15.8,16,LOADING,FASTENED,9.1,PIT_FLOOR_BENCH_B,NORMAL,90.2,75.5,NONE,TSK-1004
2026-09-20T12:42:00Z,CAT-D11-401,OP-105,16486.65,1804.1,83.5,4.3,472.41,16.5,6,DOZING,FASTENED,20.0,STAGING_BAY_4,MUDDY,97.3,79.4,NONE,TSK-1002
2026-09-20T12:42:45Z,CAT-797F-101,OP-101,8427.23,1555.8,43.4,25.0,422.72,12.8,10,HAULING_EMPTY,FASTENED,30.1,HAUL_ROAD_NORTH,NORMAL,89.9,75.4,NONE,TSK-1044
2026-09-20T12:42:45Z,CAT-797F-102,OP-102,14216.73,1665.6,59.3,0.8,467.66,6.0,12,LOADING,FASTENED,10.1,PIT_FLOOR_BENCH_B,NORMAL,90.3,75.0,NONE,TSK-1068
2026-09-20T12:42:45Z,CAT-6060-201,OP-103,5126.92,737.1,15.7,0.0,726.28,31.5,5,IDLE,FASTENED,21.3,STAGING_BAY_4,SEVERE,94.6,77.4,NONE,TSK-1005
2026-09-20T12:42:45Z,CAT-994K-301,OP-104,9867.53,1458.4,68.5,1.2,366.92,15.8,16,LOADING,FASTENED,6.7,PIT_FLOOR_BENCH_B,NORMAL,90.3,75.6,NONE,TSK-1004
2026-09-20T12:42:45Z,CAT-D11-401,OP-105,16486.66,1968.8,88.8,1.2,473.33,16.5,6,DOZING,FASTENED,10.6,STAGING_BAY_4,MUDDY,97.3,79.4,ENG-TEMP-HIGH-01,TSK-1002
2026-09-20T12:43:30Z,CAT-797F-101,OP-101,8427.24,1743.5,51.8,38.2,423.42,12.8,10,HAULING_EMPTY,FASTENED,44.6,HAUL_ROAD_NORTH,NORMAL,89.8,75.3,NONE,TSK-1044
2026-09-20T12:43:30Z,CAT-797F-102,OP-102,14216.74,1601.0,72.3,0.5,468.37,6.0,12,LOADING,FASTENED,9.4,PIT_FLOOR_BENCH_B,NORMAL,90.4,75.1,NONE,TSK-1068
2026-09-20T12:43:30Z,CAT-6060-201,OP-103,5126.94,723.3,15.3,0.0,726.55,32.2,5,IDLE,FASTENED,23.3,STAGING_BAY_4,SEVERE,94.0,76.9,NONE,TSK-1005
2026-09-20T12:43:30Z,CAT-994K-301,OP-104,9867.54,1689.6,73.5,0.9,367.49,15.8,16,LOADING,FASTENED,10.1,PIT_FLOOR_BENCH_A,NORMAL,90.4,75.7,NONE,TSK-1004
2026-09-20T12:43:30Z,CAT-D11-401,OP-105,16486.68,1755.2,93.6,1.9,474.25,16.5,6,DOZING,FASTENED,13.4,STAGING_BAY_4,MUDDY,97.4,79.5,NONE,TSK-1002
2026-09-20T12:44:15Z,CAT-797F-101,OP-101,8427.25,1754.2,48.4,32.1,424.12,12.8,10,HAULING_EMPTY,FASTENED,33.4,HAUL_ROAD_NORTH,NORMAL,89.8,75.3,NONE,TSK-1044
2026-09-20T12:44:15Z,CAT-797F-102,OP-102,14216.75,1736.2,72.4,0.7,469.09,6.0,12,LOADING,FASTENED,10.6,PIT_FLOOR_BENCH_B,NORMAL,90.6,75.2,NONE,TSK-1068
2026-09-20T12:44:15Z,CAT-6060-201,OP-103,5126.95,726.7,13.9,0.0,726.83,33.0,5,IDLE,FASTENED,16.3,STAGING_BAY_4,SEVERE,93.5,76.5,NONE,TSK-1005
2026-09-20T12:44:15Z,CAT-994K-301,OP-104,9867.55,1732.5,70.0,0.8,368.06,15.8,16,LOADING,FASTENED,6.5,PIT_FLOOR_BENCH_A,NORMAL,90.5,75.7,NONE,TSK-1004
2026-09-20T12:44:15Z,CAT-D11-401,OP-105,16486.69,1833.2,91.5,3.0,475.17,16.5,6,DOZING,FASTENED,8.8,STAGING_BAY_4,MUDDY,97.5,79.5,NONE,TSK-1002
2026-09-20T12:45:00Z,CAT-797F-101,OP-101,8427.26,1377.8,33.3,2.4,424.64,12.8,10,SPOTTING,FASTENED,10.2,CRUSHER_FEED_1,NORMAL,89.5,75.1,NONE,TSK-1044
2026-09-20T12:45:00Z,CAT-797F-102,OP-102,14216.76,1484.6,63.0,0.8,469.81,6.0,12,LOADING,FASTENED,9.7,PIT_FLOOR_BENCH_B,NORMAL,90.6,75.3,NONE,TSK-1068
2026-09-20T12:45:00Z,CAT-6060-201,OP-103,5126.96,1873.0,89.3,1.6,728.27,33.0,6,EXCAVATING,FASTENED,9.6,PIT_FLOOR_BENCH_B,SEVERE,93.9,76.7,NONE,TSK-1005
2026-09-20T12:45:00Z,CAT-994K-301,OP-104,9867.56,1652.0,57.3,0.5,368.63,15.8,16,LOADING,FASTENED,6.5,PIT_FLOOR_BENCH_A,NORMAL,90.5,75.7,NONE,TSK-1004
2026-09-20T12:45:00Z,CAT-D11-401,OP-105,16486.7,1966.5,83.5,3.9,476.09,16.5,6,DOZING,FASTENED,17.3,STAGING_BAY_4,MUDDY,97.5,79.5,NONE,TSK-1002
2026-09-20T12:45:45Z,CAT-797F-101,OP-101,8427.28,1361.1,35.2,2.2,425.16,12.8,10,SPOTTING,FASTENED,12.0,CRUSHER_FEED_1,NORMAL,89.3,74.9,NONE,TSK-1044
2026-09-20T12:45:45Z,CAT-797F-102,OP-102,14216.78,1621.6,63.6,0.4,470.53,6.0,12,LOADING,FASTENED,8.7,PIT_FLOOR_BENCH_B,NORMAL,90.6,75.3,NONE,TSK-1068
2026-09-20T12:45:45Z,CAT-6060-201,OP-103,5126.97,1886.6,91.7,4.2,729.71,33.0,6,EXCAVATING,FASTENED,18.9,PIT_FLOOR_BENCH_B,SEVERE,94.2,76.9,NONE,TSK-1005
2026-09-20T12:45:45Z,CAT-994K-301,OP-104,9867.58,1679.3,60.6,0.1,369.2,15.8,16,LOADING,FASTENED,7.4,PIT_FLOOR_BENCH_A,NORMAL,90.5,75.7,NONE,TSK-1004
2026-09-20T12:45:45Z,CAT-D11-401,OP-105,16486.71,1954.9,86.9,1.6,477.01,16.5,6,DOZING,FASTENED,12.7,STAGING_BAY_4,MUDDY,97.5,79.5,NONE,TSK-1002
2026-09-20T12:46:30Z,CAT-797F-101,OP-101,8427.29,1375.0,34.4,1.3,425.67,12.8,10,SPOTTING,FASTENED,7.5,CRUSHER_FEED_1,NORMAL,89.1,74.7,NONE,TSK-1044
2026-09-20T12:46:30Z,CAT-797F-102,OP-102,14216.79,1627.4,69.0,0.4,471.24,6.0,12,LOADING,FASTENED,10.8,PIT_FLOOR_BENCH_B,NORMAL,90.7,75.4,NONE,TSK-1068
2026-09-20T12:46:30Z,CAT-6060-201,OP-103,5126.99,2001.9,76.3,4.0,731.16,33.0,6,EXCAVATING,FASTENED,17.2,PIT_FLOOR_BENCH_B,SEVERE,94.4,76.9,NONE,TSK-1005
2026-09-20T12:46:30Z,CAT-994K-301,OP-104,9867.59,1514.4,68.3,0.7,369.77,15.8,16,LOADING,FASTENED,6.6,PIT_FLOOR_BENCH_A,NORMAL,90.6,75.8,NONE,TSK-1004
2026-09-20T12:46:30Z,CAT-D11-401,OP-105,16486.73,1899.0,75.3,1.4,477.92,16.5,6,DOZING,FASTENED,21.6,STAGING_BAY_4,MUDDY,97.4,79.5,NONE,TSK-1002
2026-09-20T12:47:15Z,CAT-797F-101,OP-101,8427.3,1614.9,65.8,0.5,426.33,12.8,10,LOADING,FASTENED,9.8,PIT_FLOOR_BENCH_B,NORMAL,89.3,74.8,NONE,TSK-1044
2026-09-20T12:47:15Z,CAT-797F-102,OP-102,14216.8,1703.9,60.2,0.1,471.96,6.0,12,LOADING,FASTENED,9.7,PIT_FLOOR_BENCH_B,NORMAL,90.7,75.4,NONE,TSK-1068
2026-09-20T12:47:15Z,CAT-6060-201,OP-103,5127.0,1792.3,84.2,1.2,732.6,33.0,6,EXCAVATING,FASTENED,9.7,PIT_FLOOR_BENCH_B,SEVERE,94.6,77.1,NONE,TSK-1005
2026-09-20T12:47:15Z,CAT-994K-301,OP-104,9867.6,1593.8,66.2,0.3,370.34,15.8,16,LOADING,FASTENED,6.8,PIT_FLOOR_BENCH_A,NORMAL,90.6,75.8,NONE,TSK-1004
2026-09-20T12:47:15Z,CAT-D11-401,OP-105,16486.74,1882.9,88.7,1.3,478.84,16.5,6,DOZING,FASTENED,14.0,STAGING_BAY_4,MUDDY,97.4,79.5,NONE,TSK-1002
2026-09-20T12:48:00Z,CAT-797F-101,OP-101,8427.31,1489.0,72.2,0.6,426.98,12.8,10,LOADING,FASTENED,10.7,PIT_FLOOR_BENCH_B,NORMAL,89.5,75.0,NONE,TSK-1044
2026-09-20T12:48:00Z,CAT-797F-102,OP-102,14216.81,1938.2,75.2,27.0,473.14,6.0,12,HAULING_LOADED,FASTENED,37.7,HAUL_ROAD_SOUTH,NORMAL,90.8,75.5,NONE,TSK-1068
2026-09-20T12:48:00Z,CAT-6060-201,OP-103,5127.01,1960.4,91.5,1.1,734.04,33.0,6,EXCAVATING,FASTENED,8.8,PIT_FLOOR_BENCH_B,SEVERE,94.9,77.3,NONE,TSK-1005
2026-09-20T12:48:00Z,CAT-994K-301,OP-104,9867.61,1559.0,73.1,1.1,370.91,15.8,16,LOADING,FASTENED,8.8,PIT_FLOOR_BENCH_A,NORMAL,90.8,75.9,NONE,TSK-1004
2026-09-20T12:48:00Z,CAT-D11-401,OP-105,16486.75,1885.4,83.0,4.1,479.76,16.5,6,DOZING,FASTENED,16.7,STAGING_BAY_4,MUDDY,97.4,79.5,NONE,TSK-1002
2026-09-20T12:48:45Z,CAT-797F-101,OP-101,8427.33,1683.5,62.0,0.3,427.64,12.8,10,LOADING,FASTENED,10.2,PIT_FLOOR_BENCH_B,NORMAL,89.6,75.0,NONE,TSK-1044
2026-09-20T12:48:45Z,CAT-797F-102,OP-102,14216.83,1762.8,88.8,17.7,474.32,6.0,12,HAULING_LOADED,FASTENED,42.7,HAUL_ROAD_SOUTH,NORMAL,91.1,75.8,NONE,TSK-1068
2026-09-20T12:48:45Z,CAT-6060-201,OP-103,5127.02,1750.8,75.8,1.2,735.49,33.0,6,EXCAVATING,FASTENED,9.7,PIT_FLOOR_BENCH_B,SEVERE,95.0,77.3,NONE,TSK-1005
2026-09-20T12:48:45Z,CAT-994K-301,OP-104,9867.63,1691.8,69.7,0.5,371.47,15.8,16,LOADING,FASTENED,7.1,PIT_FLOOR_BENCH_A,NORMAL,90.9,76.0,NONE,TSK-1004
2026-09-20T12:48:45Z,CAT-D11-401,OP-105,16486.76,1832.9,92.9,3.0,480.68,16.5,6,DOZING,FASTENED,13.9,STAGING_BAY_4,MUDDY,97.5,79.6,ENG-TEMP-HIGH-01,TSK-1002
2026-09-20T12:49:30Z,CAT-797F-101,OP-101,8427.34,1479.2,69.5,0.4,428.3,12.8,10,LOADING,FASTENED,6.5,PIT_FLOOR_BENCH_B,NORMAL,89.8,75.1,NONE,TSK-1044
2026-09-20T12:49:30Z,CAT-797F-102,OP-102,14216.84,1917.1,74.2,20.3,475.5,6.0,12,HAULING_LOADED,FASTENED,21.7,HAUL_ROAD_SOUTH,NORMAL,91.2,75.9,NONE,TSK-1068
2026-09-20T12:49:30Z,CAT-6060-201,OP-103,5127.04,1902.5,82.8,1.4,736.93,33.0,6,EXCAVATING,FASTENED,8.8,PIT_FLOOR_BENCH_B,SEVERE,95.2,77.4,NONE,TSK-1005
2026-09-20T12:49:30Z,CAT-994K-301,OP-104,9867.64,1549.6,74.4,1.0,372.04,15.8,16,LOADING,FASTENED,7.4,PIT_FLOOR_BENCH_A,NORMAL,91.0,76.1,NONE,TSK-1004
2026-09-20T12:49:30Z,CAT-D11-401,OP-105,16486.78,2036.2,84.3,1.8,481.6,16.5,6,DOZING,FASTENED,13.6,STAGING_BAY_4,MUDDY,97.5,79.6,NONE,TSK-1002
2026-09-20T12:50:15Z,CAT-797F-101,OP-101,8427.35,1455.2,63.7,0.4,428.95,12.8,10,LOADING,FASTENED,10.3,PIT_FLOOR_BENCH_B,NORMAL,89.9,75.2,NONE,TSK-1044
2026-09-20T12:50:15Z,CAT-797F-102,OP-102,14216.85,1811.7,86.1,23.5,476.68,6.0,12,HAULING_LOADED,FASTENED,33.9,HAUL_ROAD_SOUTH,NORMAL,91.4,76.1,NONE,TSK-1068
2026-09-20T12:50:15Z,CAT-6060-201,OP-103,5127.05,1918.4,81.3,5.0,738.38,33.0,6,EXCAVATING,FASTENED,19.3,PIT_FLOOR_BENCH_B,SEVERE,95.3,77.5,NONE,TSK-1005
2026-09-20T12:50:15Z,CAT-994K-301,OP-104,9867.65,1632.1,58.1,1.0,372.61,15.8,16,LOADING,FASTENED,10.7,PIT_FLOOR_BENCH_A,NORMAL,90.9,76.0,NONE,TSK-1004
2026-09-20T12:50:15Z,CAT-D11-401,OP-105,16486.79,2001.5,91.9,2.7,482.52,16.5,6,DOZING,FASTENED,10.1,STAGING_BAY_4,MUDDY,97.5,79.6,NONE,TSK-1002
2026-09-20T12:51:00Z,CAT-797F-101,OP-101,8427.36,1522.2,57.8,1.0,429.61,12.8,10,LOADING,FASTENED,6.1,PIT_FLOOR_BENCH_B,NORMAL,89.9,75.2,NONE,TSK-1044
2026-09-20T12:51:00Z,CAT-797F-102,OP-102,14216.86,1766.5,80.3,17.3,477.85,6.0,12,HAULING_LOADED,FASTENED,47.0,HAUL_ROAD_SOUTH,NORMAL,91.6,76.2,NONE,TSK-1068
2026-09-20T12:51:00Z,CAT-6060-201,OP-103,5127.06,1757.5,76.3,1.5,739.82,33.0,6,EXCAVATING,FASTENED,14.3,PIT_FLOOR_BENCH_B,SEVERE,95.4,77.5,NONE,TSK-1005
2026-09-20T12:51:00Z,CAT-994K-301,OP-104,9867.66,1590.2,73.3,0.0,373.18,15.8,16,LOADING,FASTENED,9.7,PIT_FLOOR_BENCH_A,NORMAL,91.0,76.1,NONE,TSK-1004
2026-09-20T12:51:00Z,CAT-D11-401,OP-105,16486.8,1820.8,89.6,3.2,483.44,16.5,6,DOZING,FASTENED,19.5,STAGING_BAY_4,MUDDY,97.6,79.7,NONE,TSK-1002
2026-09-20T12:51:45Z,CAT-797F-101,OP-101,8427.38,1662.3,68.9,0.7,430.27,12.8,10,LOADING,FASTENED,7.6,PIT_FLOOR_BENCH_B,NORMAL,90.0,75.3,NONE,TSK-1044
2026-09-20T12:51:45Z,CAT-797F-102,OP-102,14216.88,1876.9,78.3,18.2,479.03,6.0,12,HAULING_LOADED,FASTENED,27.2,HAUL_ROAD_SOUTH,NORMAL,91.7,76.3,NONE,TSK-1068
2026-09-20T12:51:45Z,CAT-6060-201,OP-103,5127.07,1761.4,86.2,3.6,741.26,33.0,6,EXCAVATING,FASTENED,16.4,PIT_FLOOR_BENCH_B,SEVERE,95.6,77.6,NONE,TSK-1005
2026-09-20T12:51:45Z,CAT-994K-301,OP-104,9867.68,1723.8,70.7,0.6,373.75,15.8,16,LOADING,FASTENED,8.5,PIT_FLOOR_BENCH_A,NORMAL,91.1,76.2,NONE,TSK-1004
2026-09-20T12:51:45Z,CAT-D11-401,OP-105,16486.81,1769.5,83.8,2.8,484.36,16.5,6,DOZING,FASTENED,9.7,STAGING_BAY_4,MUDDY,97.5,79.6,NONE,TSK-1002
2026-09-20T12:52:30Z,CAT-797F-101,OP-101,8427.39,1802.7,79.6,17.2,431.34,12.8,10,HAULING_LOADED,FASTENED,26.1,HAUL_ROAD_NORTH,NORMAL,90.3,75.4,NONE,TSK-1044
2026-09-20T12:52:30Z,CAT-797F-102,OP-102,14216.89,1712.3,81.6,19.3,480.21,6.0,12,HAULING_LOADED,FASTENED,26.5,HAUL_ROAD_SOUTH,NORMAL,91.8,76.5,NONE,TSK-1068
2026-09-20T12:52:30Z,CAT-6060-201,OP-103,5127.09,1846.7,78.5,3.9,742.71,33.0,6,EXCAVATING,FASTENED,21.5,PIT_FLOOR_BENCH_B,SEVERE,95.6,77.7,NONE,TSK-1005
2026-09-20T12:52:30Z,CAT-994K-301,OP-104,9867.69,1692.1,56.3,1.0,374.32,15.8,16,LOADING,FASTENED,7.3,PIT_FLOOR_BENCH_B,NORMAL,91.0,76.1,NONE,TSK-1004
2026-09-20T12:52:30Z,CAT-D11-401,OP-105,16486.83,2004.4,93.2,1.6,485.27,16.5,6,DOZING,FASTENED,11.0,STAGING_BAY_4,MUDDY,97.6,79.7,NONE,TSK-1002
2026-09-20T12:53:15Z,CAT-797F-101,OP-101,8427.4,1926.0,88.9,17.3,432.42,12.8,10,HAULING_LOADED,FASTENED,31.5,HAUL_ROAD_NORTH,NORMAL,90.6,75.7,NONE,TSK-1044
2026-09-20T12:53:15Z,CAT-797F-102,OP-102,14216.9,1865.2,85.2,23.9,481.39,6.0,12,HAULING_LOADED,FASTENED,38.5,HAUL_ROAD_SOUTH,NORMAL,92.0,76.6,NONE,TSK-1068
2026-09-20T12:53:15Z,CAT-6060-201,OP-103,5127.1,2004.9,92.1,3.2,744.15,33.0,6,EXCAVATING,FASTENED,21.6,PIT_FLOOR_BENCH_B,SEVERE,95.9,77.8,NONE,TSK-1005
2026-09-20T12:53:15Z,CAT-994K-301,OP-104,9867.7,1560.8,69.0,0.7,374.89,15.8,16,LOADING,FASTENED,8.6,PIT_FLOOR_BENCH_B,NORMAL,91.0,76.2,NONE,TSK-1004
2026-09-20T12:53:15Z,CAT-D11-401,OP-105,16486.84,2047.9,86.1,4.6,486.19,16.5,6,DOZING,FASTENED,20.6,STAGING_BAY_4,MUDDY,97.6,79.7,NONE,TSK-1002
2026-09-20T12:54:00Z,CAT-797F-101,OP-101,8427.41,1705.6,88.7,22.3,433.5,12.8,10,HAULING_LOADED,FASTENED,36.5,HAUL_ROAD_NORTH,NORMAL,90.9,75.9,NONE,TSK-1044
2026-09-20T12:54:00Z,CAT-797F-102,OP-102,14216.91,1865.4,72.6,26.3,482.57,6.0,12,HAULING_LOADED,FASTENED,22.0,HAUL_ROAD_SOUTH,NORMAL,92.0,76.7,NONE,TSK-1068
2026-09-20T12:54:00Z,CAT-6060-201,OP-103,5127.11,1869.7,79.9,3.1,745.59,33.0,6,EXCAVATING,FASTENED,10.3,PIT_FLOOR_BENCH_B,SEVERE,95.9,77.9,NONE,TSK-1005
2026-09-20T12:54:00Z,CAT-994K-301,OP-104,9867.71,1734.0,72.7,0.6,375.46,15.8,16,LOADING,FASTENED,9.7,PIT_FLOOR_BENCH_B,NORMAL,91.1,76.2,NONE,TSK-1004
2026-09-20T12:54:00Z,CAT-D11-401,OP-105,16486.85,2044.9,93.5,2.5,487.11,16.5,6,DOZING,FASTENED,21.1,STAGING_BAY_4,MUDDY,97.7,79.8,NONE,TSK-1002
2026-09-20T12:54:45Z,CAT-797F-101,OP-101,8427.43,1706.4,82.8,21.2,434.58,12.8,10,HAULING_LOADED,FASTENED,29.0,HAUL_ROAD_NORTH,NORMAL,91.1,76.1,NONE,TSK-1044
2026-09-20T12:54:45Z,CAT-797F-102,OP-102,14216.93,1907.2,75.6,18.4,483.75,6.0,12,HAULING_LOADED,FASTENED,35.8,HAUL_ROAD_SOUTH,NORMAL,92.1,76.7,NONE,TSK-1068
2026-09-20T12:54:45Z,CAT-6060-201,OP-103,5127.12,1871.0,89.5,3.7,747.04,33.0,6,EXCAVATING,FASTENED,21.1,PIT_FLOOR_BENCH_B,SEVERE,96.1,78.0,NONE,TSK-1005
2026-09-20T12:54:45Z,CAT-994K-301,OP-104,9867.73,1599.9,71.3,0.3,376.02,15.8,16,LOADING,FASTENED,6.8,PIT_FLOOR_BENCH_B,NORMAL,91.2,76.3,NONE,TSK-1004
2026-09-20T12:54:45Z,CAT-D11-401,OP-105,16486.86,1917.9,84.6,2.9,488.03,16.5,6,DOZING,FASTENED,18.5,STAGING_BAY_4,MUDDY,97.7,79.8,NONE,TSK-1002
2026-09-20T12:55:30Z,CAT-797F-101,OP-101,8427.44,1932.6,81.5,23.9,435.66,12.8,10,HAULING_LOADED,FASTENED,27.5,HAUL_ROAD_NORTH,NORMAL,91.3,76.2,NONE,TSK-1044
2026-09-20T12:55:30Z,CAT-797F-102,OP-102,14216.94,1757.3,74.4,27.3,484.93,6.0,12,HAULING_LOADED,FASTENED,22.5,HAUL_ROAD_SOUTH,NORMAL,92.1,76.8,NONE,TSK-1068
2026-09-20T12:55:30Z,CAT-6060-201,OP-103,5127.14,1783.7,83.1,3.0,748.48,33.0,6,EXCAVATING,FASTENED,15.7,PIT_FLOOR_BENCH_B,SEVERE,96.2,78.1,NONE,TSK-1005
2026-09-20T12:55:30Z,CAT-994K-301,OP-104,9867.74,1666.9,62.1,0.9,376.59,15.8,16,LOADING,FASTENED,8.3,PIT_FLOOR_BENCH_B,NORMAL,91.2,76.3,NONE,TSK-1004
2026-09-20T12:55:30Z,CAT-D11-401,OP-105,16486.88,1991.4,87.7,2.6,488.95,16.5,6,DOZING,FASTENED,12.1,STAGING_BAY_4,MUDDY,97.7,79.8,NONE,TSK-1002
2026-09-20T12:56:15Z,CAT-797F-101,OP-101,8427.45,1805.4,84.8,26.4,436.73,12.8,10,HAULING_LOADED,FASTENED,30.5,HAUL_ROAD_NORTH,NORMAL,91.5,76.4,NONE,TSK-1044
2026-09-20T12:56:15Z,CAT-797F-102,OP-102,14216.95,1880.1,90.7,21.4,486.11,6.0,12,HAULING_LOADED,FASTENED,27.4,HAUL_ROAD_SOUTH,NORMAL,92.3,77.0,NONE,TSK-1068
2026-09-20T12:56:15Z,CAT-6060-201,OP-103,5127.15,1795.5,83.4,1.6,749.93,33.0,6,EXCAVATING,FASTENED,12.7,PIT_FLOOR_BENCH_B,SEVERE,96.3,78.1,NONE,TSK-1005
2026-09-20T12:56:15Z,CAT-994K-301,OP-104,9867.75,1497.9,73.7,0.7,377.16,15.8,16,LOADING,FASTENED,7.2,PIT_FLOOR_BENCH_B,NORMAL,91.3,76.4,NONE,TSK-1004
2026-09-20T12:56:15Z,CAT-D11-401,OP-105,16486.89,1832.6,85.4,1.0,489.87,16.5,6,DOZING,FASTENED,21.5,STAGING_BAY_4,MUDDY,97.7,79.8,NONE,TSK-1002
2026-09-20T12:57:00Z,CAT-797F-101,OP-101,8427.46,1766.5,80.0,24.7,437.81,12.8,10,HAULING_LOADED,FASTENED,26.4,HAUL_ROAD_NORTH,NORMAL,91.6,76.5,NONE,TSK-1044
2026-09-20T12:57:00Z,CAT-797F-102,OP-102,14216.96,1809.0,91.7,20.9,487.28,6.0,12,HAULING_LOADED,FASTENED,24.2,HAUL_ROAD_SOUTH,NORMAL,92.5,77.2,NONE,TSK-1068
2026-09-20T12:57:00Z,CAT-6060-201,OP-103,5127.16,1908.2,86.4,1.3,751.37,33.0,6,EXCAVATING,FASTENED,8.3,PIT_FLOOR_BENCH_B,SEVERE,96.4,78.2,NONE,TSK-1005
2026-09-20T12:57:00Z,CAT-994K-301,OP-104,9867.76,1476.8,56.5,1.2,377.73,15.8,16,LOADING,FASTENED,6.6,PIT_FLOOR_BENCH_B,NORMAL,91.1,76.3,NONE,TSK-1004
2026-09-20T12:57:00Z,CAT-D11-401,OP-105,16486.9,2048.3,79.7,3.6,490.79,16.5,6,DOZING,FASTENED,21.8,STAGING_BAY_4,MUDDY,97.6,79.7,NONE,TSK-1002
2026-09-20T12:57:45Z,CAT-797F-101,OP-101,8427.48,1905.2,76.1,21.1,438.89,12.8,10,HAULING_LOADED,FASTENED,26.5,HAUL_ROAD_NORTH,NORMAL,91.7,76.6,NONE,TSK-1044
2026-09-20T12:57:45Z,CAT-797F-102,OP-102,14216.98,1801.9,72.0,18.3,488.46,6.0,12,HAULING_LOADED,FASTENED,27.0,HAUL_ROAD_SOUTH,NORMAL,92.5,77.2,NONE,TSK-1068
2026-09-20T12:57:45Z,CAT-6060-201,OP-103,5127.17,1846.4,84.7,2.6,752.81,33.0,6,EXCAVATING,FASTENED,18.9,PIT_FLOOR_BENCH_B,SEVERE,96.4,78.3,NONE,TSK-1005
2026-09-20T12:57:45Z,CAT-994K-301,OP-104,9867.78,1723.0,62.2,1.1,378.3,15.8,16,LOADING,FASTENED,9.8,PIT_FLOOR_BENCH_B,NORMAL,91.1,76.3,NONE,TSK-1004
2026-09-20T12:57:45Z,CAT-D11-401,OP-105,16486.91,1828.7,86.7,2.7,491.71,16.5,6,DOZING,FASTENED,17.1,STAGING_BAY_4,MUDDY,97.6,79.7,NONE,TSK-1002
2026-09-20T12:58:30Z,CAT-797F-101,OP-101,8427.49,1768.4,87.8,21.2,439.97,12.8,10,HAULING_LOADED,FASTENED,43.7,HAUL_ROAD_NORTH,NORMAL,91.9,76.8,NONE,TSK-1044
2026-09-20T12:58:30Z,CAT-797F-102,OP-102,14216.99,1885.1,89.9,27.6,489.64,6.0,12,HAULING_LOADED,FASTENED,21.8,HAUL_ROAD_SOUTH,NORMAL,92.6,77.3,NONE,TSK-1068
2026-09-20T12:58:30Z,CAT-6060-201,OP-103,5127.19,1960.1,86.3,3.3,754.26,33.0,6,EXCAVATING,FASTENED,15.7,PIT_FLOOR_BENCH_B,SEVERE,96.5,78.4,NONE,TSK-1005
2026-09-20T12:58:30Z,CAT-994K-301,OP-104,9867.79,1722.3,55.1,0.5,378.87,15.8,16,LOADING,FASTENED,10.2,PIT_FLOOR_BENCH_B,NORMAL,91.0,76.2,NONE,TSK-1004
2026-09-20T12:58:30Z,CAT-D11-401,OP-105,16486.93,1831.3,84.8,5.0,492.62,16.5,6,DOZING,FASTENED,19.0,STAGING_BAY_4,MUDDY,97.6,79.7,NONE,TSK-1002
2026-09-20T12:59:15Z,CAT-797F-101,OP-101,8427.5,1929.8,84.5,27.8,441.05,12.8,10,HAULING_LOADED,FASTENED,35.3,HAUL_ROAD_NORTH,NORMAL,92.1,76.9,NONE,TSK-1044
2026-09-20T12:59:15Z,CAT-797F-102,OP-102,14217.0,1295.7,41.3,2.4,490.21,6.0,12,DUMPING,FASTENED,10.6,OVERBURDEN_DUMP_WEST,NORMAL,92.3,77.1,NONE,TSK-1068
2026-09-20T12:59:15Z,CAT-6060-201,OP-103,5127.2,1956.6,91.5,2.3,755.7,33.0,6,EXCAVATING,FASTENED,16.2,PIT_FLOOR_BENCH_B,SEVERE,96.7,78.5,NONE,TSK-1005
2026-09-20T12:59:15Z,CAT-994K-301,OP-104,9867.8,1666.7,68.6,0.1,379.44,15.8,16,LOADING,FASTENED,9.4,PIT_FLOOR_BENCH_A,NORMAL,91.0,76.2,NONE,TSK-1004
2026-09-20T12:59:15Z,CAT-D11-401,OP-105,16486.94,1858.4,88.2,2.5,493.54,16.5,6,DOZING,FASTENED,17.7,STAGING_BAY_4,MUDDY,97.6,79.7,NONE,TSK-1002
2026-09-20T13:00:00Z,CAT-797F-101,OP-101,8427.51,1719.7,85.7,16.8,442.12,12.8,10,HAULING_LOADED,FASTENED,43.3,HAUL_ROAD_NORTH,NORMAL,92.2,77.0,NONE,TSK-1044
2026-09-20T13:00:00Z,CAT-797F-102,OP-102,14217.01,1316.0,44.9,1.1,490.77,6.0,12,DUMPING,FASTENED,8.9,OVERBURDEN_DUMP_WEST,NORMAL,91.9,76.9,NONE,TSK-1068
2026-09-20T13:00:00Z,CAT-6060-201,OP-103,5127.21,1962.8,77.4,3.1,757.14,33.0,6,EXCAVATING,FASTENED,11.6,PIT_FLOOR_BENCH_B,SEVERE,96.6,78.5,NONE,TSK-1005
2026-09-20T13:00:00Z,CAT-994K-301,OP-104,9867.81,1595.7,56.0,0.7,380.01,15.8,16,LOADING,FASTENED,9.3,PIT_FLOOR_BENCH_A,NORMAL,91.0,76.2,NONE,TSK-1004
2026-09-20T13:00:00Z,CAT-D11-401,OP-105,16486.95,1790.8,85.1,3.3,494.46,16.5,6,DOZING,FASTENED,10.5,STAGING_BAY_4,MUDDY,97.6,79.7,NONE,TSK-1002
2026-09-20T13:00:45Z,CAT-797F-101,OP-101,8427.53,1793.8,89.3,25.8,443.2,12.8,10,HAULING_LOADED,FASTENED,40.7,HAUL_ROAD_NORTH,NORMAL,92.4,77.2,NONE,TSK-1044
2026-09-20T13:00:45Z,CAT-797F-102,OP-102,14217.03,1221.8,40.0,0.6,491.33,6.0,12,DUMPING,FASTENED,12.4,OVERBURDEN_DUMP_WEST,NORMAL,91.6,76.7,NONE,TSK-1068
2026-09-20T13:00:45Z,CAT-6060-201,OP-103,5127.22,1754.3,90.0,2.2,758.59,33.0,6,EXCAVATING,FASTENED,13.9,PIT_FLOOR_BENCH_B,SEVERE,96.8,78.6,NONE,TSK-1005
2026-09-20T13:00:45Z,CAT-994K-301,OP-104,9867.83,1552.0,72.8,0.7,380.58,15.8,16,LOADING,FASTENED,9.9,PIT_FLOOR_BENCH_A,NORMAL,91.1,76.2,NONE,TSK-1004
2026-09-20T13:00:45Z,CAT-D11-401,OP-105,16486.96,1845.7,79.2,4.1,495.38,16.5,6,DOZING,FASTENED,19.3,STAGING_BAY_4,MUDDY,97.5,79.7,NONE,TSK-1002
2026-09-20T13:01:30Z,CAT-797F-101,OP-101,8427.54,1914.3,79.4,26.0,444.28,12.8,10,HAULING_LOADED,FASTENED,44.5,HAUL_ROAD_NORTH,NORMAL,92.5,77.3,NONE,TSK-1044
2026-09-20T13:01:30Z,CAT-797F-102,OP-102,14217.04,1607.7,47.8,25.9,492.1,6.0,13,HAULING_EMPTY,FASTENED,42.9,HAUL_ROAD_SOUTH,NORMAL,91.4,76.5,NONE,TSK-1068
2026-09-20T13:01:30Z,CAT-6060-201,OP-103,5127.24,1854.1,92.6,1.0,760.03,33.0,6,EXCAVATING,FASTENED,21.0,PIT_FLOOR_BENCH_B,SEVERE,96.9,78.7,NONE,TSK-1005
2026-09-20T13:01:30Z,CAT-994K-301,OP-104,9867.84,1485.5,58.0,0.2,381.14,15.8,16,LOADING,FASTENED,9.8,PIT_FLOOR_BENCH_A,NORMAL,91.0,76.2,NONE,TSK-1004
2026-09-20T13:01:30Z,CAT-D11-401,OP-105,16486.98,2039.3,84.1,3.6,496.3,16.5,6,DOZING,FASTENED,12.3,STAGING_BAY_4,MUDDY,97.5,79.7,NONE,TSK-1002
2026-09-20T13:02:15Z,CAT-797F-101,OP-101,8427.55,1716.8,72.6,17.0,445.36,12.8,10,HAULING_LOADED,FASTENED,27.9,HAUL_ROAD_NORTH,NORMAL,92.4,77.3,NONE,TSK-1044
2026-09-20T13:02:15Z,CAT-797F-102,OP-102,14217.05,1529.5,60.2,38.9,492.87,6.0,13,HAULING_EMPTY,FASTENED,48.9,HAUL_ROAD_SOUTH,STEEP_INCLINE,91.3,76.5,NONE,TSK-1070
2026-09-20T13:02:15Z,CAT-6060-201,OP-103,5127.25,1989.1,87.1,5.0,761.48,33.0,6,EXCAVATING,FASTENED,8.1,PIT_FLOOR_BENCH_B,SEVERE,97.0,78.7,NONE,TSK-1005
2026-09-20T13:02:15Z,CAT-994K-301,OP-104,9867.85,1663.3,74.8,0.2,381.71,15.8,16,LOADING,FASTENED,10.4,PIT_FLOOR_BENCH_B,NORMAL,91.1,76.3,NONE,TSK-1004
2026-09-20T13:02:15Z,CAT-D11-401,OP-105,16486.99,1928.7,92.9,2.8,497.22,16.5,6,DOZING,FASTENED,19.0,STAGING_BAY_4,MUDDY,97.6,79.7,NONE,TSK-1002
2026-09-20T13:03:00Z,CAT-797F-101,OP-101,8427.56,1137.8,43.5,2.6,445.88,12.8,10,DUMPING,FASTENED,12.9,OVERBURDEN_DUMP_WEST,NORMAL,92.1,77.1,NONE,TSK-1044
2026-09-20T13:03:00Z,CAT-797F-102,OP-102,14217.06,1636.0,44.9,25.9,493.64,6.0,13,HAULING_EMPTY,FASTENED,27.4,HAUL_ROAD_SOUTH,STEEP_INCLINE,91.0,76.3,NONE,TSK-1070
2026-09-20T13:03:00Z,CAT-6060-201,OP-103,5127.26,1825.4,89.0,4.5,762.92,33.0,6,EXCAVATING,FASTENED,12.8,PIT_FLOOR_BENCH_B,SEVERE,97.0,78.8,NONE,TSK-1005
2026-09-20T13:03:00Z,CAT-994K-301,OP-104,9867.86,1668.8,72.3,0.6,382.28,15.8,16,LOADING,FASTENED,8.3,PIT_FLOOR_BENCH_B,NORMAL,91.2,76.4,NONE,TSK-1004
2026-09-20T13:03:00Z,CAT-D11-401,OP-105,16487.0,1995.7,78.2,4.9,498.14,16.5,6,DOZING,FASTENED,21.3,STAGING_BAY_4,MUDDY,97.5,79.7,NONE,TSK-1002
2026-09-20T13:03:45Z,CAT-797F-101,OP-101,8427.58,1288.1,43.1,1.1,446.39,12.8,10,DUMPING,FASTENED,8.9,OVERBURDEN_DUMP_WEST,NORMAL,91.8,76.9,NONE,TSK-1044
2026-09-20T13:03:45Z,CAT-797F-102,OP-102,14217.08,1755.0,61.6,28.7,494.41,6.0,13,HAULING_EMPTY,FASTENED,23.0,HAUL_ROAD_SOUTH,STEEP_INCLINE,91.0,76.3,NONE,TSK-1070
2026-09-20T13:03:45Z,CAT-6060-201,OP-103,5127.27,1826.3,87.4,2.1,764.36,33.0,6,EXCAVATING,FASTENED,14.5,PIT_FLOOR_BENCH_B,SEVERE,97.1,78.9,NONE,TSK-1005
2026-09-20T13:03:45Z,CAT-994K-301,OP-104,9867.88,1703.7,56.5,0.2,382.85,15.8,16,LOADING,FASTENED,7.0,PIT_FLOOR_BENCH_B,NORMAL,91.1,76.3,NONE,TSK-1004
2026-09-20T13:03:45Z,CAT-D11-401,OP-105,16487.01,2045.4,80.4,3.1,499.06,16.5,6,DOZING,FASTENED,18.7,STAGING_BAY_4,MUDDY,97.4,79.6,NONE,TSK-1002
2026-09-20T13:04:30Z,CAT-797F-101,OP-101,8427.59,1363.2,43.7,3.2,446.91,12.8,10,DUMPING,FASTENED,9.9,OVERBURDEN_DUMP_WEST,NORMAL,91.5,76.7,NONE,TSK-1044
2026-09-20T13:04:30Z,CAT-797F-102,OP-102,14217.09,1627.4,46.1,35.6,495.18,6.0,13,HAULING_EMPTY,FASTENED,43.3,HAUL_ROAD_SOUTH,STEEP_INCLINE,90.8,76.2,NONE,TSK-1070
2026-09-20T13:04:30Z,CAT-6060-201,OP-103,5127.29,1799.9,78.2,1.8,765.81,33.0,6,EXCAVATING,FASTENED,19.7,PIT_FLOOR_BENCH_B,SEVERE,97.0,78.9,NONE,TSK-1005
2026-09-20T13:04:30Z,CAT-994K-301,OP-104,9867.89,1695.9,73.0,0.4,383.42,15.8,16,LOADING,FASTENED,6.1,PIT_FLOOR_BENCH_B,NORMAL,91.2,76.4,NONE,TSK-1004
2026-09-20T13:04:30Z,CAT-D11-401,OP-105,16487.03,1990.4,76.3,4.1,499.97,16.5,6,DOZING,FASTENED,21.5,STAGING_BAY_4,MUDDY,97.3,79.6,NONE,TSK-1002
2026-09-20T13:05:15Z,CAT-797F-101,OP-101,8427.6,1300.1,35.1,1.5,447.42,12.8,10,DUMPING,FASTENED,14.0,OVERBURDEN_DUMP_WEST,NORMAL,91.1,76.4,NONE,TSK-1044
2026-09-20T13:05:15Z,CAT-797F-102,OP-102,14217.1,1604.0,52.9,38.5,495.95,6.0,13,HAULING_EMPTY,FASTENED,30.8,HAUL_ROAD_SOUTH,STEEP_INCLINE,90.7,76.1,NONE,TSK-1070
2026-09-20T13:05:15Z,CAT-6060-201,OP-103,5127.3,1849.3,79.4,2.2,767.25,33.0,6,EXCAVATING,FASTENED,8.5,PIT_FLOOR_BENCH_B,SEVERE,97.0,78.8,NONE,TSK-1005
2026-09-20T13:05:15Z,CAT-994K-301,OP-104,9867.9,1640.3,57.1,0.1,383.99,15.8,16,LOADING,FASTENED,10.4,PIT_FLOOR_BENCH_B,NORMAL,91.1,76.3,NONE,TSK-1004
2026-09-20T13:05:15Z,CAT-D11-401,OP-105,16487.04,1901.5,84.8,1.3,500.89,16.5,6,DOZING,FASTENED,13.9,STAGING_BAY_4,MUDDY,97.3,79.6,NONE,TSK-1002
2026-09-20T13:06:00Z,CAT-797F-101,OP-101,8427.61,1583.7,50.5,38.5,448.12,12.8,11,HAULING_EMPTY,FASTENED,28.9,HAUL_ROAD_SOUTH,NORMAL,91.0,76.3,NONE,TSK-1044
2026-09-20T13:06:00Z,CAT-797F-102,OP-102,14217.11,1615.7,43.3,34.5,496.71,6.0,13,HAULING_EMPTY,FASTENED,29.2,HAUL_ROAD_SOUTH,STEEP_INCLINE,90.5,75.9,NONE,TSK-1070
2026-09-20T13:06:00Z,CAT-6060-201,OP-103,5127.31,1915.7,75.3,3.7,768.69,33.0,6,EXCAVATING,FASTENED,18.6,PIT_FLOOR_BENCH_B,SEVERE,96.9,78.8,NONE,TSK-1005
2026-09-20T13:06:00Z,CAT-994K-301,OP-104,9867.91,1522.3,66.9,0.2,384.56,15.8,16,LOADING,FASTENED,8.3,PIT_FLOOR_BENCH_B,NORMAL,91.1,76.3,NONE,TSK-1004
2026-09-20T13:06:00Z,CAT-D11-401,OP-105,16487.05,1948.3,91.6,3.9,501.81,16.5,6,DOZING,FASTENED,19.3,STAGING_BAY_4,MUDDY,97.4,79.6,NONE,TSK-1002
2026-09-20T13:06:45Z,CAT-797F-101,OP-101,8427.63,1687.6,52.3,26.7,448.83,12.8,11,HAULING_EMPTY,FASTENED,51.3,HAUL_ROAD_SOUTH,STEEP_INCLINE,90.8,76.2,NONE,TSK-1049
2026-09-20T13:06:45Z,CAT-797F-102,OP-102,14217.13,1519.5,61.9,29.5,497.48,6.0,13,HAULING_EMPTY,FASTENED,41.1,HAUL_ROAD_SOUTH,STEEP_INCLINE,90.5,75.9,NONE,TSK-1070
2026-09-20T13:06:45Z,CAT-6060-201,OP-103,5127.32,1893.8,80.2,2.8,770.14,33.0,6,EXCAVATING,FASTENED,9.9,PIT_FLOOR_BENCH_B,SEVERE,96.9,78.8,ENG-TEMP-HIGH-01,TSK-1005
2026-09-20T13:06:45Z,CAT-994K-301,OP-104,9867.93,1476.9,69.6,0.7,385.13,15.8,16,LOADING,FASTENED,9.7,PIT_FLOOR_BENCH_B,NORMAL,91.1,76.4,NONE,TSK-1004
2026-09-20T13:06:45Z,CAT-D11-401,OP-105,16487.06,1825.8,80.1,4.6,502.73,16.5,6,DOZING,FASTENED,19.6,STAGING_BAY_4,MUDDY,97.3,79.6,NONE,TSK-1002
2026-09-20T13:07:30Z,CAT-797F-101,OP-101,8427.64,1552.1,46.7,33.9,449.53,12.8,11,HAULING_EMPTY,FASTENED,25.4,HAUL_ROAD_SOUTH,STEEP_INCLINE,90.6,76.1,NONE,TSK-1049
2026-09-20T13:07:30Z,CAT-797F-102,OP-102,14217.14,1815.3,55.2,32.7,498.25,6.0,13,HAULING_EMPTY,FASTENED,34.9,HAUL_ROAD_SOUTH,STEEP_INCLINE,90.4,75.9,NONE,TSK-1070
2026-09-20T13:07:30Z,CAT-6060-201,OP-103,5127.34,2033.1,85.8,4.9,771.58,33.0,6,EXCAVATING,FASTENED,15.2,PIT_FLOOR_BENCH_B,SEVERE,97.0,78.9,ENG-TEMP-HIGH-01,TSK-1005
2026-09-20T13:07:30Z,CAT-994K-301,OP-104,9867.94,1493.7,55.9,0.1,385.69,15.8,16,LOADING,FASTENED,6.9,PIT_FLOOR_BENCH_A,NORMAL,91.0,76.3,NONE,TSK-1004
2026-09-20T13:07:30Z,CAT-D11-401,OP-105,16487.08,1750.6,76.2,3.1,503.65,16.5,6,DOZING,FASTENED,14.5,STAGING_BAY_4,MUDDY,97.3,79.5,ENG-TEMP-HIGH-01,TSK-1002
2026-09-20T13:08:15Z,CAT-797F-101,OP-101,8427.65,1509.5,58.8,34.4,450.23,12.8,11,HAULING_EMPTY,FASTENED,50.6,HAUL_ROAD_SOUTH,STEEP_INCLINE,90.6,76.0,NONE,TSK-1049
2026-09-20T13:08:15Z,CAT-797F-102,OP-102,14217.15,1716.6,56.3,26.1,499.02,6.0,13,HAULING_EMPTY,FASTENED,40.1,HAUL_ROAD_SOUTH,STEEP_INCLINE,90.4,75.8,NONE,TSK-1070
2026-09-20T13:08:15Z,CAT-6060-201,OP-103,5127.35,1806.8,82.3,1.4,773.03,33.0,6,EXCAVATING,FASTENED,8.9,PIT_FLOOR_BENCH_B,SEVERE,97.0,78.9,NONE,TSK-1005
2026-09-20T13:08:15Z,CAT-994K-301,OP-104,9867.95,1536.8,61.4,0.3,386.26,15.8,16,LOADING,FASTENED,10.7,PIT_FLOOR_BENCH_A,NORMAL,91.0,76.3,NONE,TSK-1004
2026-09-20T13:08:15Z,CAT-D11-401,OP-105,16487.09,1976.5,89.9,2.1,504.57,16.5,6,DOZING,FASTENED,19.0,STAGING_BAY_4,MUDDY,97.3,79.5,NONE,TSK-1002
2026-09-20T13:09:00Z,CAT-797F-101,OP-101,8427.66,1544.2,48.3,31.2,450.94,12.8,11,HAULING_EMPTY,FASTENED,54.4,HAUL_ROAD_SOUTH,STEEP_INCLINE,90.5,75.9,NONE,TSK-1049
2026-09-20T13:09:00Z,CAT-797F-102,OP-102,14217.16,1109.8,35.2,2.6,499.58,6.0,13,SPOTTING,FASTENED,6.6,CRUSHER_FEED_1,STEEP_INCLINE,90.1,75.6,NONE,TSK-1070
2026-09-20T13:09:00Z,CAT-6060-201,OP-103,5127.36,1871.3,78.5,2.5,774.47,33.0,6,EXCAVATING,FASTENED,19.4,PIT_FLOOR_BENCH_B,SEVERE,96.9,78.9,NONE,TSK-1005
2026-09-20T13:09:00Z,CAT-994K-301,OP-104,9867.96,1626.5,63.8,0.1,386.83,15.8,16,LOADING,FASTENED,6.1,PIT_FLOOR_BENCH_A,NORMAL,91.0,76.3,NONE,TSK-1004
2026-09-20T13:09:00Z,CAT-D11-401,OP-105,16487.1,1880.8,93.5,3.7,505.49,16.5,6,DOZING,FASTENED,13.9,STAGING_BAY_4,MUDDY,97.4,79.6,ENG-TEMP-HIGH-01,TSK-1002
2026-09-20T13:09:45Z,CAT-797F-101,OP-101,8427.68,1707.1,60.3,29.2,451.64,12.8,11,HAULING_EMPTY,FASTENED,24.9,HAUL_ROAD_SOUTH,STEEP_INCLINE,90.5,75.9,NONE,TSK-1049
2026-09-20T13:09:45Z,CAT-797F-102,OP-102,14217.18,1335.4,47.9,1.1,500.15,6.0,13,SPOTTING,FASTENED,8.6,CRUSHER_FEED_1,STEEP_INCLINE,90.0,75.5,NONE,TSK-1070
2026-09-20T13:09:45Z,CAT-6060-201,OP-103,5127.37,1912.5,76.9,3.5,775.91,33.0,6,EXCAVATING,FASTENED,20.9,PIT_FLOOR_BENCH_B,SEVERE,96.9,78.8,NONE,TSK-1005
2026-09-20T13:09:45Z,CAT-994K-301,OP-104,9867.98,1590.8,65.5,0.0,387.4,15.8,16,LOADING,FASTENED,9.9,PIT_FLOOR_BENCH_A,NORMAL,91.0,76.3,NONE,TSK-1004
2026-09-20T13:09:45Z,CAT-D11-401,OP-105,16487.11,1879.0,85.4,2.2,506.41,16.5,6,DOZING,FASTENED,10.0,STAGING_BAY_4,MUDDY,97.4,79.6,NONE,TSK-1002
2026-09-20T13:10:30Z,CAT-797F-101,OP-101,8427.69,1699.0,45.2,34.6,452.34,12.8,11,HAULING_EMPTY,FASTENED,47.9,HAUL_ROAD_SOUTH,STEEP_INCLINE,90.3,75.8,NONE,TSK-1049
2026-09-20T13:10:30Z,CAT-797F-102,OP-102,14217.19,1591.7,74.9,0.8,500.87,6.0,13,LOADING,FASTENED,8.4,PIT_FLOOR_BENCH_A,STEEP_INCLINE,90.2,75.6,NONE,TSK-1070
2026-09-20T13:10:30Z,CAT-6060-201,OP-103,5127.39,1859.2,82.0,3.4,777.36,33.0,6,EXCAVATING,FASTENED,10.5,PIT_FLOOR_BENCH_B,SEVERE,96.9,78.8,NONE,TSK-1005
2026-09-20T13:10:30Z,CAT-994K-301,OP-104,9867.99,1586.3,62.5,0.8,387.97,15.8,16,LOADING,FASTENED,7.2,PIT_FLOOR_BENCH_A,NORMAL,91.0,76.3,NONE,TSK-1004
2026-09-20T13:10:30Z,CAT-D11-401,OP-105,16487.13,2014.4,89.5,2.4,507.32,16.5,6,DOZING,FASTENED,19.9,STAGING_BAY_4,MUDDY,97.5,79.7,NONE,TSK-1002
2026-09-20T13:11:15Z,CAT-797F-101,OP-101,8427.7,1765.9,45.7,24.3,453.05,12.8,11,HAULING_EMPTY,FASTENED,54.3,HAUL_ROAD_SOUTH,STEEP_INCLINE,90.1,75.7,NONE,TSK-1049
2026-09-20T13:11:15Z,CAT-797F-102,OP-102,14217.2,1451.8,73.9,1.1,501.58,6.0,13,LOADING,FASTENED,7.8,PIT_FLOOR_BENCH_A,STEEP_INCLINE,90.4,75.7,NONE,TSK-1070
2026-09-20T13:11:15Z,CAT-6060-201,OP-103,5127.4,1771.9,83.8,2.3,778.8,33.0,6,EXCAVATING,FASTENED,12.4,PIT_FLOOR_BENCH_B,SEVERE,96.9,78.9,NONE,TSK-1005
2026-09-20T13:11:15Z,CAT-994K-301,OP-104,9868.0,1596.5,62.7,0.2,388.54,15.8,16,LOADING,FASTENED,6.4,PIT_FLOOR_BENCH_A,NORMAL,91.0,76.2,NONE,TSK-1004
2026-09-20T13:11:15Z,CAT-D11-401,OP-105,16487.14,1989.2,87.3,1.6,508.24,16.5,6,DOZING,FASTENED,9.3,STAGING_BAY_4,MUDDY,97.5,79.7,NONE,TSK-1002
2026-09-20T13:12:00Z,CAT-797F-101,OP-101,8427.71,1544.1,47.3,26.8,453.75,12.8,11,HAULING_EMPTY,FASTENED,41.9,HAUL_ROAD_SOUTH,STEEP_INCLINE,90.0,75.5,NONE,TSK-1049
2026-09-20T13:12:00Z,CAT-797F-102,OP-102,14217.21,1603.7,56.5,0.1,502.3,6.0,13,LOADING,FASTENED,9.5,PIT_FLOOR_BENCH_A,STEEP_INCLINE,90.3,75.7,NONE,TSK-1070
2026-09-20T13:12:00Z,CAT-6060-201,OP-103,5127.41,2015.2,88.7,2.5,780.24,33.0,6,EXCAVATING,FASTENED,20.8,PIT_FLOOR_BENCH_B,SEVERE,97.0,78.9,NONE,TSK-1005
2026-09-20T13:12:00Z,CAT-994K-301,OP-104,9868.01,1654.3,62.5,1.0,389.11,15.8,16,LOADING,FASTENED,6.2,PIT_FLOOR_BENCH_A,NORMAL,91.0,76.2,NONE,TSK-1004
2026-09-20T13:12:00Z,CAT-D11-401,OP-105,16487.15,1901.7,75.1,3.3,509.16,16.5,6,DOZING,FASTENED,9.8,STAGING_BAY_4,MUDDY,97.4,79.6,NONE,TSK-1002
2026-09-20T13:12:45Z,CAT-797F-101,OP-101,8427.73,1500.0,53.5,40.4,454.45,12.8,11,HAULING_EMPTY,FASTENED,23.6,HAUL_ROAD_SOUTH,STEEP_INCLINE,90.0,75.5,NONE,TSK-1049
2026-09-20T13:12:45Z,CAT-797F-102,OP-102,14217.23,1515.9,69.1,0.4,503.02,6.0,13,LOADING,FASTENED,7.4,PIT_FLOOR_BENCH_A,STEEP_INCLINE,90.4,75.8,NONE,TSK-1070
2026-09-20T13:12:45Z,CAT-6060-201,OP-103,5127.42,2004.3,83.9,1.7,781.69,33.0,6,EXCAVATING,FASTENED,10.3,PIT_FLOOR_BENCH_B,SEVERE,97.0,79.0,NONE,TSK-1005
2026-09-20T13:12:45Z,CAT-994K-301,OP-104,9868.03,1666.3,70.8,0.0,389.68,15.8,16,LOADING,FASTENED,6.4,PIT_FLOOR_BENCH_A,NORMAL,91.0,76.3,NONE,TSK-1004
2026-09-20T13:12:45Z,CAT-D11-401,OP-105,16487.16,2033.6,90.5,1.7,510.08,16.5,6,DOZING,FASTENED,17.6,STAGING_BAY_4,MUDDY,97.4,79.6,NONE,TSK-1002
2026-09-20T13:13:30Z,CAT-797F-101,OP-101,8427.74,1543.6,50.4,30.8,455.16,12.8,11,HAULING_EMPTY,FASTENED,52.8,HAUL_ROAD_SOUTH,STEEP_INCLINE,89.9,75.4,NONE,TSK-1049
2026-09-20T13:13:30Z,CAT-797F-102,OP-102,14217.24,1688.5,62.5,0.6,503.74,6.0,13,LOADING,FASTENED,6.3,PIT_FLOOR_BENCH_A,STEEP_INCLINE,90.5,75.8,NONE,TSK-1070
2026-09-20T13:13:30Z,CAT-6060-201,OP-103,5127.44,1918.7,88.3,4.8,783.13,33.0,6,EXCAVATING,FASTENED,9.3,PIT_FLOOR_BENCH_B,SEVERE,97.1,79.0,NONE,TSK-1005
2026-09-20T13:13:30Z,CAT-994K-301,OP-104,9868.04,1633.1,71.9,1.1,390.24,15.8,16,LOADING,FASTENED,6.5,PIT_FLOOR_BENCH_A,NORMAL,91.1,76.3,NONE,TSK-1004
2026-09-20T13:13:30Z,CAT-D11-401,OP-105,16487.18,1775.9,78.5,1.3,511.0,16.5,6,DOZING,FASTENED,20.3,STAGING_BAY_4,MUDDY,97.4,79.6,NONE,TSK-1002
2026-09-20T13:14:15Z,CAT-797F-101,OP-101,8427.75,1761.4,57.9,24.9,455.86,12.8,11,HAULING_EMPTY,FASTENED,40.8,HAUL_ROAD_SOUTH,STEEP_INCLINE,89.9,75.4,NONE,TSK-1049
2026-09-20T13:14:15Z,CAT-797F-102,OP-102,14217.25,1459.8,56.4,0.5,504.45,6.0,13,LOADING,FASTENED,7.6,PIT_FLOOR_BENCH_A,STEEP_INCLINE,90.4,75.7,NONE,TSK-1070
2026-09-20T13:14:15Z,CAT-6060-201,OP-103,5127.45,2037.1,79.9,3.8,784.58,33.0,6,EXCAVATING,FASTENED,21.8,PIT_FLOOR_BENCH_B,SEVERE,97.1,79.0,NONE,TSK-1005
2026-09-20T13:14:15Z,CAT-994K-301,OP-104,9868.05,1773.3,88.2,17.8,391.18,15.8,16,HAULING_LOADED,FASTENED,35.9,RAMP_ACCESS_EAST,NORMAL,91.4,76.5,NONE,TSK-1004
2026-09-20T13:14:15Z,CAT-D11-401,OP-105,16487.19,1927.9,85.9,4.5,511.92,16.5,6,DOZING,FASTENED,13.8,STAGING_BAY_4,MUDDY,97.4,79.6,NONE,TSK-1002
2026-09-20T13:15:00Z,CAT-797F-101,OP-101,8427.76,1806.1,57.3,31.2,456.56,12.8,11,HAULING_EMPTY,FASTENED,46.2,HAUL_ROAD_SOUTH,STEEP_INCLINE,89.9,75.4,NONE,TSK-1049
2026-09-20T13:15:00Z,CAT-797F-102,OP-102,14217.26,1687.9,65.3,0.2,505.17,6.0,13,LOADING,FASTENED,8.4,PIT_FLOOR_BENCH_A,STEEP_INCLINE,90.5,75.8,NONE,TSK-1070
2026-09-20T13:15:00Z,CAT-6060-201,OP-103,5127.46,1993.3,76.6,4.6,786.02,33.0,6,EXCAVATING,FASTENED,18.2,PIT_FLOOR_BENCH_B,SEVERE,97.0,79.0,NONE,TSK-1005
2026-09-20T13:15:00Z,CAT-994K-301,OP-104,9868.06,1711.4,79.0,23.0,392.11,15.8,16,HAULING_LOADED,FASTENED,37.1,RAMP_ACCESS_EAST,NORMAL,91.5,76.6,NONE,TSK-1004
2026-09-20T13:15:00Z,CAT-D11-401,OP-105,16487.2,1805.0,83.9,2.2,512.84,16.5,6,DOZING,FASTENED,21.6,STAGING_BAY_4,MUDDY,97.4,79.6,NONE,TSK-1002
2026-09-20T13:15:45Z,CAT-797F-101,OP-101,8427.78,1640.1,52.5,39.4,457.27,12.8,11,HAULING_EMPTY,FASTENED,30.0,HAUL_ROAD_SOUTH,STEEP_INCLINE,89.9,75.4,NONE,TSK-1049
2026-09-20T13:15:45Z,CAT-797F-102,OP-102,14217.28,1832.5,88.1,11.4,506.35,6.0,13,HAULING_LOADED,FASTENED,35.3,HAUL_ROAD_SOUTH,STEEP_INCLINE,90.8,76.0,NONE,TSK-1070
2026-09-20T13:15:45Z,CAT-6060-201,OP-103,5127.47,1878.8,78.7,3.2,787.46,33.0,6,EXCAVATING,FASTENED,21.9,PIT_FLOOR_BENCH_B,SEVERE,96.9,78.9,NONE,TSK-1005
2026-09-20T13:15:45Z,CAT-994K-301,OP-104,9868.08,1932.7,82.1,22.8,393.05,15.8,16,HAULING_LOADED,FASTENED,47.1,RAMP_ACCESS_EAST,NORMAL,91.7,76.8,NONE,TSK-1004
2026-09-20T13:15:45Z,CAT-D11-401,OP-105,16487.21,1818.4,92.5,4.2,513.76,16.5,6,DOZING,FASTENED,16.8,STAGING_BAY_4,MUDDY,97.5,79.6,NONE,TSK-1002
2026-09-20T13:16:30Z,CAT-797F-101,OP-101,8427.79,1251.3,37.3,0.6,457.78,12.8,11,SPOTTING,FASTENED,12.6,CRUSHER_FEED_1,STEEP_INCLINE,89.7,75.2,NONE,TSK-1049
2026-09-20T13:16:30Z,CAT-797F-102,OP-102,14217.29,1876.2,87.9,13.6,507.53,6.0,13,HAULING_LOADED,FASTENED,29.4,HAUL_ROAD_SOUTH,STEEP_INCLINE,91.1,76.2,NONE,TSK-1070
2026-09-20T13:16:30Z,CAT-6060-201,OP-103,5127.49,2038.3,78.0,3.3,788.91,33.0,6,EXCAVATING,FASTENED,18.2,PIT_FLOOR_BENCH_B,SEVERE,96.9,78.9,ENG-TEMP-HIGH-01,TSK-1005
2026-09-20T13:16:30Z,CAT-994K-301,OP-104,9868.09,1934.2,90.0,20.1,393.98,15.8,16,HAULING_LOADED,FASTENED,21.2,RAMP_ACCESS_EAST,NORMAL,91.9,76.9,NONE,TSK-1004
2026-09-20T13:16:30Z,CAT-D11-401,OP-105,16487.23,1842.8,75.5,5.0,514.67,16.5,6,DOZING,FASTENED,9.4,STAGING_BAY_4,MUDDY,97.3,79.6,NONE,TSK-1002
2026-09-20T13:17:15Z,CAT-797F-101,OP-101,8427.8,1379.1,39.4,1.9,458.3,12.8,11,SPOTTING,FASTENED,9.4,CRUSHER_FEED_1,STEEP_INCLINE,89.5,75.0,NONE,TSK-1049
2026-09-20T13:17:15Z,CAT-797F-102,OP-102,14217.3,1871.7,82.8,18.1,508.71,6.0,13,HAULING_LOADED,FASTENED,39.7,HAUL_ROAD_SOUTH,STEEP_INCLINE,91.3,76.4,NONE,TSK-1070
2026-09-20T13:17:15Z,CAT-6060-201,OP-103,5127.5,1866.7,88.0,1.7,790.35,33.0,6,EXCAVATING,FASTENED,16.9,PIT_FLOOR_BENCH_B,SEVERE,97.0,79.0,NONE,TSK-1005
2026-09-20T13:17:15Z,CAT-994K-301,OP-104,9868.1,1929.8,78.3,27.5,394.92,15.8,16,HAULING_LOADED,FASTENED,27.5,RAMP_ACCESS_EAST,NORMAL,92.0,77.0,NONE,TSK-1004
2026-09-20T13:17:15Z,CAT-D11-401,OP-105,16487.24,1954.8,94.0,4.6,515.59,16.5,6,DOZING,FASTENED,17.3,STAGING_BAY_4,MUDDY,97.4,79.6,NONE,TSK-1002
2026-09-20T13:18:00Z,CAT-797F-101,OP-101,8427.81,1453.2,72.2,0.9,458.95,12.8,11,LOADING,FASTENED,9.5,PIT_FLOOR_BENCH_A,STEEP_INCLINE,89.7,75.2,NONE,TSK-1049
2026-09-20T13:18:00Z,CAT-797F-102,OP-102,14217.31,1779.9,86.7,18.8,509.89,6.0,13,HAULING_LOADED,FASTENED,46.1,HAUL_ROAD_SOUTH,STEEP_INCLINE,91.5,76.5,NONE,TSK-1070
2026-09-20T13:18:00Z,CAT-6060-201,OP-103,5127.51,1854.1,90.2,3.7,791.79,33.0,6,EXCAVATING,FASTENED,16.2,PIT_FLOOR_BENCH_B,SEVERE,97.1,79.1,NONE,TSK-1005
2026-09-20T13:18:00Z,CAT-994K-301,OP-104,9868.11,1784.9,80.8,16.5,395.85,15.8,16,HAULING_LOADED,FASTENED,43.4,RAMP_ACCESS_EAST,NORMAL,92.1,77.1,NONE,TSK-1004
2026-09-20T13:18:00Z,CAT-D11-401,OP-105,16487.25,1882.9,78.6,1.5,516.51,16.5,6,DOZING,FASTENED,16.3,STAGING_BAY_4,MUDDY,97.4,79.6,NONE,TSK-1002
2026-09-20T13:18:45Z,CAT-797F-101,OP-101,8427.83,1672.9,68.5,0.8,459.61,12.8,11,LOADING,FASTENED,10.6,PIT_FLOOR_BENCH_A,STEEP_INCLINE,89.9,75.3,NONE,TSK-1049
2026-09-20T13:18:45Z,CAT-797F-102,OP-102,14217.33,1907.3,81.0,20.3,511.06,6.0,13,HAULING_LOADED,FASTENED,28.1,HAUL_ROAD_SOUTH,STEEP_INCLINE,91.6,76.7,NONE,TSK-1070
2026-09-20T13:18:45Z,CAT-6060-201,OP-103,5127.52,1814.9,80.8,3.9,793.24,33.0,6,EXCAVATING,FASTENED,10.8,PIT_FLOOR_BENCH_B,SEVERE,97.0,79.0,NONE,TSK-1005
2026-09-20T13:18:45Z,CAT-994K-301,OP-104,9868.13,1769.4,74.5,16.4,396.78,15.8,16,HAULING_LOADED,FASTENED,26.0,RAMP_ACCESS_EAST,NORMAL,92.1,77.2,NONE,TSK-1004
2026-09-20T13:18:45Z,CAT-D11-401,OP-105,16487.26,1933.5,93.5,2.1,517.43,16.5,6,DOZING,FASTENED,9.0,STAGING_BAY_4,MUDDY,97.5,79.7,NONE,TSK-1002
2026-09-20T13:19:30Z,CAT-797F-101,OP-101,8427.84,1478.1,59.4,0.8,460.27,12.8,11,LOADING,FASTENED,10.4,PIT_FLOOR_BENCH_A,STEEP_INCLINE,89.9,75.3,NONE,TSK-1049
2026-09-20T13:19:30Z,CAT-797F-102,OP-102,14217.34,1743.6,90.9,12.3,512.24,6.0,13,HAULING_LOADED,FASTENED,41.0,HAUL_ROAD_SOUTH,STEEP_INCLINE,91.9,76.8,NONE,TSK-1070
2026-09-20T13:19:30Z,CAT-6060-201,OP-103,5127.54,1955.8,81.5,1.2,794.68,33.0,6,EXCAVATING,FASTENED,13.4,PIT_FLOOR_BENCH_B,SEVERE,97.0,79.0,NONE,TSK-1005
2026-09-20T13:19:30Z,CAT-994K-301,OP-104,9868.14,1821.7,90.8,16.2,397.72,15.8,16,HAULING_LOADED,FASTENED,20.5,RAMP_ACCESS_EAST,NORMAL,92.3,77.3,NONE,TSK-1004
2026-09-20T13:19:30Z,CAT-D11-401,OP-105,16487.28,2032.9,92.3,3.2,518.35,16.5,6,DOZING,FASTENED,9.0,STAGING_BAY_4,MUDDY,97.5,79.7,NONE,TSK-1002
2026-09-20T13:20:15Z,CAT-797F-101,OP-101,8427.85,1528.8,70.6,1.1,460.92,12.8,11,LOADING,FASTENED,11.0,PIT_FLOOR_BENCH_A,STEEP_INCLINE,90.1,75.4,NONE,TSK-1049
2026-09-20T13:20:15Z,CAT-797F-102,OP-102,14217.35,1873.6,82.5,19.1,513.42,6.0,13,HAULING_LOADED,FASTENED,26.1,HAUL_ROAD_SOUTH,STEEP_INCLINE,92.0,77.0,NONE,TSK-1070
2026-09-20T13:20:15Z,CAT-6060-201,OP-103,5127.55,2004.5,80.8,3.8,796.13,33.0,6,EXCAVATING,FASTENED,21.8,PIT_FLOOR_BENCH_B,SEVERE,97.0,79.0,ENG-TEMP-HIGH-01,TSK-1005
2026-09-20T13:20:15Z,CAT-994K-301,OP-104,9868.15,1798.2,81.2,25.5,398.65,15.8,16,HAULING_LOADED,FASTENED,43.7,RAMP_ACCESS_EAST,NORMAL,92.4,77.4,NONE,TSK-1004
2026-09-20T13:20:15Z,CAT-D11-401,OP-105,16487.29,1752.4,78.1,2.4,519.27,16.5,6,DOZING,FASTENED,8.2,STAGING_BAY_4,MUDDY,97.5,79.6,NONE,TSK-1002
2026-09-20T13:21:00Z,CAT-797F-101,OP-101,8427.86,1543.9,57.6,0.5,461.58,12.8,11,LOADING,FASTENED,7.4,PIT_FLOOR_BENCH_A,STEEP_INCLINE,90.1,75.4,NONE,TSK-1049
2026-09-20T13:21:00Z,CAT-797F-102,OP-102,14217.36,1763.7,91.6,15.8,514.6,6.0,13,HAULING_LOADED,FASTENED,38.5,HAUL_ROAD_SOUTH,STEEP_INCLINE,92.2,77.1,NONE,TSK-1070
2026-09-20T13:21:00Z,CAT-6060-201,OP-103,5127.56,1842.3,91.3,1.3,797.57,33.0,6,EXCAVATING,FASTENED,18.3,PIT_FLOOR_BENCH_A,SEVERE,97.1,79.1,ENG-TEMP-HIGH-01,TSK-1005
2026-09-20T13:21:00Z,CAT-994K-301,OP-104,9868.16,1923.8,80.4,24.5,399.59,15.8,16,HAULING_LOADED,FASTENED,30.0,RAMP_ACCESS_EAST,NORMAL,92.5,77.5,NONE,TSK-1004
2026-09-20T13:21:00Z,CAT-D11-401,OP-105,16487.3,1979.3,85.3,4.7,520.19,16.5,6,DOZING,FASTENED,15.1,STAGING_BAY_4,MUDDY,97.5,79.6,NONE,TSK-1002
2026-09-20T13:21:45Z,CAT-797F-101,OP-101,8427.88,1720.9,56.8,0.5,462.23,12.8,11,LOADING,FASTENED,7.1,PIT_FLOOR_BENCH_A,STEEP_INCLINE,90.0,75.3,NONE,TSK-1049
2026-09-20T13:21:45Z,CAT-797F-102,OP-102,14217.38,1931.9,85.6,16.5,515.78,6.0,13,HAULING_LOADED,FASTENED,46.8,HAUL_ROAD_SOUTH,STEEP_INCLINE,92.4,77.3,NONE,TSK-1070
2026-09-20T13:21:45Z,CAT-6060-201,OP-103,5127.57,1887.0,89.3,5.0,799.01,33.0,6,EXCAVATING,FASTENED,15.8,PIT_FLOOR_BENCH_A,SEVERE,97.2,79.2,NONE,TSK-1005
2026-09-20T13:21:45Z,CAT-994K-301,OP-104,9868.18,1914.3,89.2,17.1,400.52,15.8,16,HAULING_LOADED,FASTENED,36.6,RAMP_ACCESS_EAST,NORMAL,92.6,77.6,NONE,TSK-1004
2026-09-20T13:21:45Z,CAT-D11-401,OP-105,16487.31,1868.6,79.4,4.4,521.11,16.5,6,DOZING,FASTENED,13.9,STAGING_BAY_4,MUDDY,97.4,79.6,NONE,TSK-1002
2026-09-20T13:22:30Z,CAT-797F-101,OP-101,8427.89,1735.4,87.4,14.5,463.31,12.8,11,HAULING_LOADED,FASTENED,22.2,RAMP_ACCESS_EAST,STEEP_INCLINE,90.4,75.6,NONE,TSK-1049
2026-09-20T13:22:30Z,CAT-797F-102,OP-102,14217.39,1815.8,80.5,15.4,516.96,6.0,13,HAULING_LOADED,FASTENED,20.0,HAUL_ROAD_SOUTH,STEEP_INCLINE,92.5,77.4,NONE,TSK-1070
2026-09-20T13:22:30Z,CAT-6060-201,OP-103,5127.59,1777.3,81.5,1.6,800.46,33.0,6,EXCAVATING,FASTENED,18.0,PIT_FLOOR_BENCH_A,SEVERE,97.2,79.2,NONE,TSK-1005
2026-09-20T13:22:30Z,CAT-994K-301,OP-104,9868.19,1807.9,91.1,17.2,401.46,15.8,16,HAULING_LOADED,FASTENED,42.3,RAMP_ACCESS_EAST,NORMAL,92.8,77.8,NONE,TSK-1004
2026-09-20T13:22:30Z,CAT-D11-401,OP-105,16487.33,1801.3,81.7,4.6,522.02,16.5,6,DOZING,FASTENED,19.0,STAGING_BAY_4,MUDDY,97.4,79.6,NONE,TSK-1002
2026-09-20T13:23:15Z,CAT-797F-101,OP-101,8427.9,1880.7,93.7,15.1,464.39,12.8,11,HAULING_LOADED,FASTENED,32.1,RAMP_ACCESS_EAST,STEEP_INCLINE,90.8,75.9,NONE,TSK-1049
2026-09-20T13:23:15Z,CAT-797F-102,OP-102,14217.4,1825.8,84.2,12.6,518.14,6.0,13,HAULING_LOADED,FASTENED,35.4,HAUL_ROAD_SOUTH,STEEP_INCLINE,92.6,77.5,NONE,TSK-1070
2026-09-20T13:23:15Z,CAT-6060-201,OP-103,5127.6,1926.6,80.9,4.0,801.9,33.0,6,EXCAVATING,FASTENED,17.7,PIT_FLOOR_BENCH_A,SEVERE,97.1,79.2,NONE,TSK-1005
2026-09-20T13:23:15Z,CAT-994K-301,OP-104,9868.2,1723.5,83.1,16.6,402.39,15.8,16,HAULING_LOADED,FASTENED,21.4,RAMP_ACCESS_EAST,NORMAL,92.9,77.8,NONE,TSK-1004
2026-09-20T13:23:15Z,CAT-D11-401,OP-105,16487.34,1851.9,79.5,3.1,522.94,16.5,6,DOZING,FASTENED,19.3,STAGING_BAY_4,MUDDY,97.3,79.5,NONE,TSK-1002
2026-09-20T13:24:00Z,CAT-797F-101,OP-101,8427.91,1836.9,87.5,19.8,465.47,12.8,11,HAULING_LOADED,FASTENED,34.2,RAMP_ACCESS_EAST,STEEP_INCLINE,91.0,76.1,NONE,TSK-1049
2026-09-20T13:24:00Z,CAT-797F-102,OP-102,14217.41,1924.8,96.1,11.5,519.32,6.0,13,HAULING_LOADED,FASTENED,46.9,HAUL_ROAD_SOUTH,STEEP_INCLINE,92.8,77.7,NONE,TSK-1070
2026-09-20T13:24:00Z,CAT-6060-201,OP-103,5127.61,1766.0,76.8,3.1,803.34,33.0,6,EXCAVATING,FASTENED,10.4,PIT_FLOOR_BENCH_A,SEVERE,97.1,79.1,NONE,TSK-1005
2026-09-20T13:24:00Z,CAT-994K-301,OP-104,9868.21,1713.5,83.0,23.7,403.33,15.8,16,HAULING_LOADED,FASTENED,35.0,RAMP_ACCESS_EAST,NORMAL,92.9,77.9,NONE,TSK-1004
2026-09-20T13:24:00Z,CAT-D11-401,OP-105,16487.35,2001.6,79.3,3.6,523.86,16.5,6,DOZING,FASTENED,10.2,STAGING_BAY_4,MUDDY,97.2,79.5,NONE,TSK-1002
2026-09-20T13:24:45Z,CAT-797F-101,OP-101,8427.93,1821.8,85.6,10.6,466.55,12.8,11,HAULING_LOADED,FASTENED,23.7,RAMP_ACCESS_EAST,STEEP_INCLINE,91.3,76.2,NONE,TSK-1049
2026-09-20T13:24:45Z,CAT-797F-102,OP-102,14217.43,1118.5,47.6,3.1,519.88,6.0,13,DUMPING,FASTENED,10.8,OVERBURDEN_DUMP_WEST,STEEP_INCLINE,92.5,77.5,NONE,TSK-1070
2026-09-20T13:24:45Z,CAT-6060-201,OP-103,5127.62,1960.3,87.8,3.9,804.79,33.0,6,EXCAVATING,FASTENED,18.3,PIT_FLOOR_BENCH_A,SEVERE,97.1,79.2,NONE,TSK-1005
2026-09-20T13:24:45Z,CAT-994K-301,OP-104,9868.23,1944.7,77.5,24.9,404.26,15.8,16,HAULING_LOADED,FASTENED,24.2,RAMP_ACCESS_EAST,NORMAL,92.9,77.9,NONE,TSK-1004
2026-09-20T13:24:45Z,CAT-D11-401,OP-105,16487.36,1789.2,83.3,2.4,524.78,16.5,6,DOZING,FASTENED,21.0,STAGING_BAY_4,MUDDY,97.2,79.5,NONE,TSK-1002
2026-09-20T13:25:30Z,CAT-797F-101,OP-101,8427.94,1793.2,83.9,19.2,467.62,12.8,11,HAULING_LOADED,FASTENED,41.3,RAMP_ACCESS_EAST,STEEP_INCLINE,91.5,76.4,NONE,TSK-1049
2026-09-20T13:25:30Z,CAT-797F-102,OP-102,14217.44,1217.0,46.2,1.6,520.44,6.0,13,DUMPING,FASTENED,9.5,OVERBURDEN_DUMP_WEST,STEEP_INCLINE,92.1,77.3,NONE,TSK-1070
2026-09-20T13:25:30Z,CAT-6060-201,OP-103,5127.64,2045.3,76.1,3.9,806.23,33.0,6,EXCAVATING,FASTENED,16.3,PIT_FLOOR_BENCH_A,SEVERE,97.1,79.1,NONE,TSK-1005
2026-09-20T13:25:30Z,CAT-994K-301,OP-104,9868.24,1633.3,59.5,0.9,404.83,15.8,17,LOADING,FASTENED,9.4,PIT_FLOOR_BENCH_A,NORMAL,92.7,77.8,NONE,TSK-1004
2026-09-20T13:25:30Z,CAT-D11-401,OP-105,16487.38,2047.2,76.7,3.7,525.7,16.5,6,DOZING,FASTENED,19.4,STAGING_BAY_4,MUDDY,97.2,79.4,NONE,TSK-1002
2026-09-20T13:26:15Z,CAT-797F-101,OP-101,8427.95,1774.6,97.3,8.5,468.7,12.8,11,HAULING_LOADED,FASTENED,46.5,RAMP_ACCESS_EAST,STEEP_INCLINE,91.8,76.7,NONE,TSK-1049
2026-09-20T13:26:15Z,CAT-797F-102,OP-102,14217.45,1367.6,35.5,3.0,521.01,6.0,13,DUMPING,FASTENED,6.7,OVERBURDEN_DUMP_WEST,STEEP_INCLINE,91.7,77.0,NONE,TSK-1070
2026-09-20T13:26:15Z,CAT-6060-201,OP-103,5127.65,1912.4,80.2,3.5,807.68,33.0,6,EXCAVATING,FASTENED,13.5,PIT_FLOOR_BENCH_A,SEVERE,97.0,79.1,NONE,TSK-1005
2026-09-20T13:26:15Z,CAT-994K-301,OP-104,9868.25,1710.6,73.8,0.5,405.4,15.8,17,LOADING,FASTENED,6.1,PIT_FLOOR_BENCH_A,NORMAL,92.7,77.8,NONE,TSK-1004
2026-09-20T13:26:15Z,CAT-D11-401,OP-105,16487.39,1871.8,91.8,4.9,526.62,16.5,6,DOZING,FASTENED,13.8,STAGING_BAY_4,MUDDY,97.2,79.5,NONE,TSK-1002
2026-09-20T13:27:00Z,CAT-797F-101,OP-101,8427.96,1938.5,97.5,8.5,469.78,12.8,11,HAULING_LOADED,FASTENED,26.5,RAMP_ACCESS_EAST,STEEP_INCLINE,92.1,76.9,NONE,TSK-1049
2026-09-20T13:27:00Z,CAT-797F-102,OP-102,14217.46,1757.3,49.2,25.1,521.78,6.0,14,HAULING_EMPTY,FASTENED,41.2,RAMP_ACCESS_EAST,STEEP_INCLINE,91.5,76.8,NONE,TSK-1070
2026-09-20T13:27:00Z,CAT-6060-201,OP-103,5127.66,1985.0,80.7,1.1,809.12,33.0,6,EXCAVATING,FASTENED,21.5,PIT_FLOOR_BENCH_A,SEVERE,97.0,79.1,NONE,TSK-1005
2026-09-20T13:27:00Z,CAT-994K-301,OP-104,9868.26,1541.9,70.4,0.9,405.97,15.8,17,LOADING,FASTENED,8.8,PIT_FLOOR_BENCH_A,NORMAL,92.6,77.8,NONE,TSK-1004
2026-09-20T13:27:00Z,CAT-D11-401,OP-105,16487.4,1840.7,86.5,1.7,527.54,16.5,6,DOZING,FASTENED,10.7,STAGING_BAY_4,MUDDY,97.3,79.5,NONE,TSK-1002
2026-09-20T13:27:45Z,CAT-797F-101,OP-101,8427.98,1808.5,96.7,9.1,470.86,12.8,11,HAULING_LOADED,FASTENED,47.1,RAMP_ACCESS_EAST,STEEP_INCLINE,92.4,77.1,NONE,TSK-1049
2026-09-20T13:27:45Z,CAT-797F-102,OP-102,14217.48,1751.5,55.3,40.1,522.54,6.0,14,HAULING_EMPTY,FASTENED,46.4,RAMP_ACCESS_EAST,MUDDY,91.6,76.7,NONE,TSK-1074
2026-09-20T13:27:45Z,CAT-6060-201,OP-103,5127.67,1916.4,81.1,3.7,810.56,33.0,6,EXCAVATING,FASTENED,9.4,PIT_FLOOR_BENCH_A,SEVERE,97.0,79.1,NONE,TSK-1005
2026-09-20T13:27:45Z,CAT-994K-301,OP-104,9868.28,1715.9,55.8,0.9,406.53,15.8,17,LOADING,FASTENED,10.7,PIT_FLOOR_BENCH_A,NORMAL,92.4,77.7,NONE,TSK-1004
2026-09-20T13:27:45Z,CAT-D11-401,OP-105,16487.41,1956.2,76.9,3.5,528.46,16.5,6,DOZING,FASTENED,13.7,STAGING_BAY_4,MUDDY,97.2,79.4,NONE,TSK-1002
2026-09-20T13:28:30Z,CAT-797F-101,OP-101,8427.99,1926.9,94.2,16.2,471.94,12.8,11,HAULING_LOADED,FASTENED,36.0,RAMP_ACCESS_EAST,STEEP_INCLINE,92.6,77.3,NONE,TSK-1049
2026-09-20T13:28:30Z,CAT-797F-102,OP-102,14217.49,1570.6,53.2,38.1,523.31,6.0,14,HAULING_EMPTY,FASTENED,51.3,RAMP_ACCESS_EAST,MUDDY,91.7,76.6,NONE,TSK-1074
2026-09-20T13:28:30Z,CAT-6060-201,OP-103,5127.69,2038.7,80.4,2.8,812.01,33.0,6,EXCAVATING,FASTENED,21.4,PIT_FLOOR_BENCH_A,SEVERE,97.0,79.1,NONE,TSK-1005
2026-09-20T13:28:30Z,CAT-994K-301,OP-104,9868.29,1559.4,59.7,0.3,407.1,15.8,17,LOADING,FASTENED,10.7,PIT_FLOOR_BENCH_A,NORMAL,92.2,77.5,NONE,TSK-1004
2026-09-20T13:28:30Z,CAT-D11-401,OP-105,16487.43,1760.4,88.1,1.3,529.37,16.5,6,DOZING,FASTENED,17.9,STAGING_BAY_4,MUDDY,97.2,79.5,NONE,TSK-1002
2026-09-20T13:29:15Z,CAT-797F-101,OP-101,8428.0,1824.9,80.6,20.3,473.02,12.8,11,HAULING_LOADED,FASTENED,27.5,RAMP_ACCESS_EAST,STEEP_INCLINE,92.7,77.4,NONE,TSK-1049
2026-09-20T13:29:15Z,CAT-797F-102,OP-102,14217.5,1749.1,49.8,36.1,524.08,6.0,14,HAULING_EMPTY,FASTENED,44.3,RAMP_ACCESS_EAST,MUDDY,91.8,76.5,NONE,TSK-1074
2026-09-20T13:29:15Z,CAT-6060-201,OP-103,5127.7,1988.8,82.6,3.8,813.45,33.0,6,EXCAVATING,FASTENED,18.1,PIT_FLOOR_BENCH_A,SEVERE,97.0,79.1,NONE,TSK-1005
2026-09-20T13:29:15Z,CAT-994K-301,OP-104,9868.3,1732.8,73.3,0.4,407.67,15.8,17,LOADING,FASTENED,7.0,PIT_FLOOR_BENCH_A,NORMAL,92.2,77.6,NONE,TSK-1004
2026-09-20T13:29:15Z,CAT-D11-401,OP-105,16487.44,1881.0,85.7,5.0,530.29,16.5,6,DOZING,FASTENED,11.8,STAGING_BAY_4,MUDDY,97.3,79.5,NONE,TSK-1002
2026-09-20T13:30:00Z,CAT-797F-101,OP-101,8428.01,1369.4,33.0,1.1,473.53,12.8,11,DUMPING,FASTENED,8.6,OVERBURDEN_DUMP_WEST,STEEP_INCLINE,92.2,77.1,NONE,TSK-1049
2026-09-20T13:30:00Z,CAT-797F-102,OP-102,14217.51,1609.8,49.4,33.4,524.85,6.0,14,HAULING_EMPTY,FASTENED,52.0,RAMP_ACCESS_EAST,MUDDY,91.9,76.3,NONE,TSK-1074
2026-09-20T13:30:00Z,CAT-6060-201,OP-103,5127.71,710.5,14.9,0.0,813.73,33.8,6,IDLE,FASTENED,16.6,STAGING_BAY_4,SEVERE,96.2,78.5,NONE,TSK-1005
2026-09-20T13:30:00Z,CAT-994K-301,OP-104,9868.31,1492.8,70.7,0.4,408.24,15.8,17,LOADING,FASTENED,7.9,PIT_FLOOR_BENCH_A,NORMAL,92.2,77.5,NONE,TSK-1004
2026-09-20T13:30:00Z,CAT-D11-401,OP-105,16487.45,2006.0,79.6,2.8,531.21,16.5,6,DOZING,FASTENED,21.7,STAGING_BAY_4,MUDDY,97.2,79.4,NONE,TSK-1002
2026-09-20T13:30:45Z,CAT-797F-101,OP-101,8428.03,1300.9,47.8,1.2,474.05,12.8,11,DUMPING,FASTENED,9.4,OVERBURDEN_DUMP_WEST,STEEP_INCLINE,91.9,76.9,NONE,TSK-1049
2026-09-20T13:30:45Z,CAT-797F-102,OP-102,14217.53,1591.5,62.0,40.7,525.62,6.0,14,HAULING_EMPTY,FASTENED,43.5,RAMP_ACCESS_EAST,MUDDY,92.0,76.3,NONE,TSK-1074
2026-09-20T13:30:45Z,CAT-6060-201,OP-103,5127.72,694.9,15.4,0.0,814.0,34.5,6,IDLE,FASTENED,27.2,STAGING_BAY_4,SEVERE,95.5,78.0,NONE,TSK-1005
2026-09-20T13:30:45Z,CAT-994K-301,OP-104,9868.33,1514.0,71.2,0.5,408.81,15.8,17,LOADING,FASTENED,8.1,PIT_FLOOR_BENCH_B,NORMAL,92.2,77.5,NONE,TSK-1004
2026-09-20T13:30:45Z,CAT-D11-401,OP-105,16487.46,1887.4,77.0,4.6,532.13,16.5,6,DOZING,FASTENED,20.7,STAGING_BAY_4,MUDDY,97.1,79.4,NONE,TSK-1002
2026-09-20T13:31:30Z,CAT-797F-101,OP-101,8428.04,1304.6,39.9,1.9,474.56,12.8,11,DUMPING,FASTENED,9.2,OVERBURDEN_DUMP_WEST,STEEP_INCLINE,91.6,76.7,NONE,TSK-1049
2026-09-20T13:31:30Z,CAT-797F-102,OP-102,14217.54,1798.2,43.6,36.8,526.39,6.0,14,HAULING_EMPTY,FASTENED,36.7,RAMP_ACCESS_EAST,MUDDY,92.0,76.2,NONE,TSK-1074
2026-09-20T13:31:30Z,CAT-6060-201,OP-103,5127.74,713.4,11.9,0.0,814.28,35.2,6,IDLE,FASTENED,16.9,STAGING_BAY_4,SEVERE,94.9,77.5,NONE,TSK-1005
2026-09-20T13:31:30Z,CAT-994K-301,OP-104,9868.34,1647.4,69.8,0.2,409.38,15.8,17,LOADING,FASTENED,10.4,PIT_FLOOR_BENCH_B,NORMAL,92.2,77.5,NONE,TSK-1004
2026-09-20T13:31:30Z,CAT-D11-401,OP-105,16487.48,1888.2,80.1,3.7,533.05,16.5,6,DOZING,FASTENED,20.5,STAGING_BAY_4,MUDDY,97.1,79.4,NONE,TSK-1002
2026-09-20T13:32:15Z,CAT-797F-101,OP-101,8428.05,1154.3,47.4,2.8,475.08,12.8,11,DUMPING,FASTENED,13.5,OVERBURDEN_DUMP_WEST,STEEP_INCLINE,91.3,76.5,NONE,TSK-1049
2026-09-20T13:32:15Z,CAT-797F-102,OP-102,14217.55,1721.3,50.2,30.0,527.16,6.0,14,HAULING_EMPTY,FASTENED,46.5,RAMP_ACCESS_EAST,MUDDY,92.0,76.1,NONE,TSK-1074
2026-09-20T13:32:15Z,CAT-6060-201,OP-103,5127.75,734.3,12.8,0.0,814.55,36.0,6,IDLE,FASTENED,15.8,STAGING_BAY_4,SEVERE,94.3,77.1,NONE,TSK-1005
2026-09-20T13:32:15Z,CAT-994K-301,OP-104,9868.35,1654.6,63.1,0.2,409.95,15.8,17,LOADING,FASTENED,6.0,PIT_FLOOR_BENCH_B,NORMAL,92.1,77.4,NONE,TSK-1004
2026-09-20T13:32:15Z,CAT-D11-401,OP-105,16487.49,1768.6,90.7,4.7,533.97,16.5,6,DOZING,FASTENED,16.8,STAGING_BAY_4,MUDDY,97.2,79.4,NONE,TSK-1002
2026-09-20T13:33:00Z,CAT-797F-101,OP-101,8428.06,1507.9,60.7,29.7,475.78,12.8,12,HAULING_EMPTY,FASTENED,39.1,HAUL_ROAD_NORTH,STEEP_INCLINE,91.3,76.5,NONE,TSK-1049
2026-09-20T13:33:00Z,CAT-797F-102,OP-102,14217.56,1511.6,60.4,32.5,527.93,6.0,14,HAULING_EMPTY,FASTENED,44.5,RAMP_ACCESS_EAST,MUDDY,92.2,76.0,NONE,TSK-1074
2026-09-20T13:33:00Z,CAT-6060-201,OP-103,5127.76,683.9,11.1,0.0,814.83,36.8,6,IDLE,FASTENED,20.5,STAGING_BAY_4,SEVERE,93.7,76.6,NONE,TSK-1005
2026-09-20T13:33:00Z,CAT-994K-301,OP-104,9868.36,1508.5,63.5,0.7,410.52,15.8,17,LOADING,FASTENED,7.1,PIT_FLOOR_BENCH_B,NORMAL,92.0,77.4,NONE,TSK-1004
2026-09-20T13:33:00Z,CAT-D11-401,OP-105,16487.5,1987.5,89.6,1.9,534.89,16.5,6,DOZING,FASTENED,13.6,STAGING_BAY_4,MUDDY,97.3,79.5,NONE,TSK-1002
2026-09-20T13:33:45Z,CAT-797F-101,OP-101,8428.08,1658.2,45.3,24.6,476.48,12.8,12,HAULING_EMPTY,FASTENED,26.0,HAUL_ROAD_NORTH,MODERATE,91.0,76.3,NONE,TSK-1050
2026-09-20T13:33:45Z,CAT-797F-102,OP-102,14217.58,1610.7,56.2,33.1,528.69,6.0,14,HAULING_EMPTY,FASTENED,34.9,RAMP_ACCESS_EAST,MUDDY,92.3,76.0,NONE,TSK-1074
2026-09-20T13:33:45Z,CAT-6060-201,OP-103,5127.77,1922.7,87.0,2.9,816.27,36.8,7,EXCAVATING,FASTENED,11.4,PIT_FLOOR_BENCH_A,SEVERE,94.0,76.8,NONE,TSK-1005
2026-09-20T13:33:45Z,CAT-994K-301,OP-104,9868.38,1562.1,67.3,1.0,411.08,15.8,17,LOADING,FASTENED,10.3,PIT_FLOOR_BENCH_B,NORMAL,91.9,77.4,NONE,TSK-1004
2026-09-20T13:33:45Z,CAT-D11-401,OP-105,16487.51,2022.9,77.8,1.6,535.81,16.5,6,DOZING,FASTENED,17.7,STAGING_BAY_4,MUDDY,97.2,79.4,NONE,TSK-1002
2026-09-20T13:34:30Z,CAT-797F-101,OP-101,8428.09,1697.1,59.9,34.6,477.19,12.8,12,HAULING_EMPTY,FASTENED,27.8,HAUL_ROAD_NORTH,MODERATE,91.0,76.3,NONE,TSK-1050
2026-09-20T13:34:30Z,CAT-797F-102,OP-102,14217.59,1772.9,55.8,38.5,529.46,6.0,14,HAULING_EMPTY,FASTENED,47.8,RAMP_ACCESS_EAST,MUDDY,92.4,75.9,NONE,TSK-1074
2026-09-20T13:34:30Z,CAT-6060-201,OP-103,5127.79,1856.2,77.5,2.7,817.71,36.8,7,EXCAVATING,FASTENED,9.2,PIT_FLOOR_BENCH_A,SEVERE,94.2,76.8,NONE,TSK-1005
2026-09-20T13:34:30Z,CAT-994K-301,OP-104,9868.39,1460.4,62.9,1.1,411.65,15.8,17,LOADING,FASTENED,8.8,PIT_FLOOR_BENCH_B,NORMAL,91.8,77.3,NONE,TSK-1004
2026-09-20T13:34:30Z,CAT-D11-401,OP-105,16487.53,1903.4,82.4,3.0,536.72,16.5,6,DOZING,FASTENED,21.4,STAGING_BAY_4,MUDDY,97.2,79.4,NONE,TSK-1002
2026-09-20T13:35:15Z,CAT-797F-101,OP-101,8428.1,1765.5,46.0,24.7,477.89,12.8,12,HAULING_EMPTY,FASTENED,22.5,HAUL_ROAD_NORTH,MODERATE,90.8,76.2,NONE,TSK-1050
2026-09-20T13:35:15Z,CAT-797F-102,OP-102,14217.6,1626.9,49.1,38.8,530.23,6.0,14,HAULING_EMPTY,FASTENED,49.2,RAMP_ACCESS_EAST,MUDDY,92.4,75.8,NONE,TSK-1074
2026-09-20T13:35:15Z,CAT-6060-201,OP-103,5127.8,2017.9,85.6,3.2,819.16,36.8,7,EXCAVATING,FASTENED,21.5,PIT_FLOOR_BENCH_A,SEVERE,94.5,77.0,NONE,TSK-1005
2026-09-20T13:35:15Z,CAT-994K-301,OP-104,9868.4,720.0,15.1,0.0,411.82,16.5,17,IDLE,FASTENED,20.1,STAGING_BAY_4,NORMAL,91.2,76.8,NONE,TSK-1004
2026-09-20T13:35:15Z,CAT-D11-401,OP-105,16487.54,1828.6,91.3,4.1,537.64,16.5,6,DOZING,FASTENED,14.7,STAGING_BAY_4,MUDDY,97.3,79.5,NONE,TSK-1002
2026-09-20T13:36:00Z,CAT-797F-101,OP-101,8428.11,1541.9,46.2,41.0,478.59,12.8,12,HAULING_EMPTY,FASTENED,29.2,HAUL_ROAD_NORTH,MODERATE,90.6,76.0,NONE,TSK-1050
2026-09-20T13:36:00Z,CAT-797F-102,OP-102,14217.61,1548.9,61.0,40.1,531.0,6.0,14,HAULING_EMPTY,FASTENED,38.8,RAMP_ACCESS_EAST,MUDDY,92.5,75.8,NONE,TSK-1074
2026-09-20T13:36:00Z,CAT-6060-201,OP-103,5127.81,1976.3,80.5,5.0,820.6,36.8,7,EXCAVATING,FASTENED,12.8,PIT_FLOOR_BENCH_A,SEVERE,94.6,77.1,NONE,TSK-1005
2026-09-20T13:36:00Z,CAT-994K-301,OP-104,9868.41,731.5,13.4,0.0,411.98,17.2,17,IDLE,FASTENED,24.0,STAGING_BAY_4,NORMAL,90.6,76.4,NONE,TSK-1004
2026-09-20T13:36:00Z,CAT-D11-401,OP-105,16487.55,1955.6,91.3,1.7,538.56,16.5,6,DOZING,FASTENED,21.4,STAGING_BAY_4,MUDDY,97.4,79.5,NONE,TSK-1002
2026-09-20T13:36:45Z,CAT-797F-101,OP-101,8428.13,1762.7,54.4,41.4,479.3,12.8,12,HAULING_EMPTY,FASTENED,29.0,HAUL_ROAD_NORTH,MODERATE,90.5,76.0,NONE,TSK-1050
2026-09-20T13:36:45Z,CAT-797F-102,OP-102,14217.63,1167.8,46.4,2.6,531.56,6.0,14,SPOTTING,FASTENED,10.1,CRUSHER_FEED_1,MUDDY,92.5,75.7,NONE,TSK-1074
2026-09-20T13:36:45Z,CAT-6060-201,OP-103,5127.82,1770.0,87.3,3.1,822.04,36.8,7,EXCAVATING,FASTENED,11.8,PIT_FLOOR_BENCH_A,SEVERE,94.9,77.2,NONE,TSK-1005
2026-09-20T13:36:45Z,CAT-994K-301,OP-104,9868.43,709.5,10.6,0.0,412.14,18.0,17,IDLE,FASTENED,17.3,STAGING_BAY_4,NORMAL,90.1,76.0,NONE,TSK-1004
2026-09-20T13:36:45Z,CAT-D11-401,OP-105,16487.56,1844.6,91.3,4.8,539.48,16.5,6,DOZING,FASTENED,18.8,STAGING_BAY_4,MUDDY,97.4,79.6,NONE,TSK-1002
2026-09-20T13:37:30Z,CAT-797F-101,OP-101,8428.14,1504.3,55.2,27.8,480.0,12.8,12,HAULING_EMPTY,FASTENED,34.7,HAUL_ROAD_NORTH,MODERATE,90.4,75.9,NONE,TSK-1050
2026-09-20T13:37:30Z,CAT-797F-102,OP-102,14217.64,1116.1,44.6,2.3,532.13,6.0,14,SPOTTING,FASTENED,8.2,CRUSHER_FEED_1,MUDDY,92.4,75.6,NONE,TSK-1074
2026-09-20T13:37:30Z,CAT-6060-201,OP-103,5127.84,1892.1,81.9,1.3,823.49,36.8,7,EXCAVATING,FASTENED,18.2,PIT_FLOOR_BENCH_A,SEVERE,95.1,77.3,NONE,TSK-1005
2026-09-20T13:37:30Z,CAT-994K-301,OP-104,9868.44,682.7,11.9,0.0,412.3,18.8,17,IDLE,FASTENED,22.0,STAGING_BAY_4,NORMAL,89.5,75.6,NONE,TSK-1004
2026-09-20T13:37:30Z,CAT-D11-401,OP-105,16487.58,702.1,12.6,0.0,539.66,17.2,6,IDLE,FASTENED,24.1,STAGING_BAY_4,MUDDY,96.6,79.0,NONE,TSK-1002
2026-09-20T13:38:15Z,CAT-797F-101,OP-101,8428.15,1793.9,48.8,31.5,480.7,12.8,12,HAULING_EMPTY,FASTENED,22.6,HAUL_ROAD_NORTH,MODERATE,90.3,75.8,NONE,TSK-1050
2026-09-20T13:38:15Z,CAT-797F-102,OP-102,14217.65,1125.6,43.5,2.1,532.69,6.0,14,SPOTTING,FASTENED,8.1,CRUSHER_FEED_1,MUDDY,92.3,75.4,NONE,TSK-1074
2026-09-20T13:38:15Z,CAT-6060-201,OP-103,5127.85,1914.1,81.8,1.7,824.93,36.8,7,EXCAVATING,UNFASTENED,14.7,PIT_FLOOR_BENCH_A,SEVERE,95.2,77.4,NONE,TSK-1005
2026-09-20T13:38:15Z,CAT-994K-301,OP-104,9868.45,688.2,11.5,0.0,412.47,19.5,17,IDLE,FASTENED,20.1,STAGING_BAY_4,NORMAL,89.1,75.2,NONE,TSK-1004
2026-09-20T13:38:15Z,CAT-D11-401,OP-105,16487.59,680.9,13.7,0.0,539.83,18.0,6,IDLE,FASTENED,23.1,STAGING_BAY_4,MUDDY,95.9,78.5,NONE,TSK-1002
2026-09-20T13:39:00Z,CAT-797F-101,OP-101,8428.16,1733.3,43.8,29.4,481.41,12.8,12,HAULING_EMPTY,FASTENED,53.0,HAUL_ROAD_NORTH,MODERATE,90.1,75.7,NONE,TSK-1050
2026-09-20T13:39:00Z,CAT-797F-102,OP-102,14217.66,1588.8,66.3,0.5,533.41,6.0,14,LOADING,FASTENED,6.2,PIT_FLOOR_BENCH_B,MUDDY,92.5,75.5,NONE,TSK-1074
2026-09-20T13:39:00Z,CAT-6060-201,OP-103,5127.86,1892.4,76.4,2.7,826.38,36.8,7,EXCAVATING,FASTENED,20.5,PIT_FLOOR_BENCH_A,SEVERE,95.3,77.4,NONE,TSK-1005
2026-09-20T13:39:00Z,CAT-994K-301,OP-104,9868.46,727.9,15.9,0.0,412.63,20.2,17,IDLE,FASTENED,16.6,STAGING_BAY_4,NORMAL,88.7,74.9,NONE,TSK-1004
2026-09-20T13:39:00Z,CAT-D11-401,OP-105,16487.6,703.4,14.6,0.0,540.01,18.8,6,IDLE,FASTENED,20.4,STAGING_BAY_4,MUDDY,95.2,78.0,NONE,TSK-1002
2026-09-20T13:39:45Z,CAT-797F-101,OP-101,8428.18,1684.6,52.6,34.9,482.11,12.8,12,HAULING_EMPTY,FASTENED,43.4,HAUL_ROAD_NORTH,MODERATE,90.1,75.6,NONE,TSK-1050
2026-09-20T13:39:45Z,CAT-797F-102,OP-102,14217.68,1521.2,67.7,0.2,534.13,6.0,14,LOADING,FASTENED,9.2,PIT_FLOOR_BENCH_B,MUDDY,92.7,75.6,NONE,TSK-1074
2026-09-20T13:39:45Z,CAT-6060-201,OP-103,5127.87,2024.8,88.2,1.8,827.82,36.8,7,EXCAVATING,FASTENED,16.4,PIT_FLOOR_BENCH_A,SEVERE,95.5,77.6,NONE,TSK-1005
2026-09-20T13:39:45Z,CAT-994K-301,OP-104,9868.48,1459.3,65.2,0.9,413.2,20.2,18,LOADING,FASTENED,8.9,PIT_FLOOR_BENCH_A,NORMAL,88.9,74.9,NONE,TSK-1004
2026-09-20T13:39:45Z,CAT-D11-401,OP-105,16487.61,1763.7,77.3,1.3,540.92,18.8,7,DOZING,FASTENED,19.8,STAGING_BAY_4,MUDDY,95.3,78.0,NONE,TSK-1002
2026-09-20T13:40:30Z,CAT-797F-101,OP-101,8428.19,1655.6,49.6,41.4,482.81,12.8,12,HAULING_EMPTY,FASTENED,40.6,HAUL_ROAD_NORTH,MODERATE,90.0,75.5,NONE,TSK-1050
2026-09-20T13:40:30Z,CAT-797F-102,OP-102,14217.69,1726.5,64.6,0.9,534.84,6.0,14,LOADING,FASTENED,6.0,PIT_FLOOR_BENCH_B,MUDDY,92.9,75.6,NONE,TSK-1074
2026-09-20T13:40:30Z,CAT-6060-201,OP-103,5127.89,1918.4,82.5,2.2,829.26,36.8,7,EXCAVATING,FASTENED,17.3,PIT_FLOOR_BENCH_A,SEVERE,95.6,77.7,NONE,TSK-1005
2026-09-20T13:40:30Z,CAT-994K-301,OP-104,9868.49,1570.3,66.4,0.7,413.77,20.2,18,LOADING,FASTENED,10.6,PIT_FLOOR_BENCH_A,NORMAL,89.1,75.0,NONE,TSK-1004
2026-09-20T13:40:30Z,CAT-D11-401,OP-105,16487.63,1776.7,90.5,2.5,541.84,18.8,7,DOZING,FASTENED,12.9,STAGING_BAY_4,MUDDY,95.5,78.1,NONE,TSK-1002
2026-09-20T13:41:15Z,CAT-797F-101,OP-101,8428.2,1510.8,59.2,24.6,483.52,12.8,12,HAULING_EMPTY,FASTENED,35.4,HAUL_ROAD_NORTH,MODERATE,90.0,75.5,NONE,TSK-1050
2026-09-20T13:41:15Z,CAT-797F-102,OP-102,14217.7,1659.7,64.4,0.0,535.56,6.0,14,LOADING,FASTENED,9.7,PIT_FLOOR_BENCH_B,MUDDY,93.0,75.6,NONE,TSK-1074
2026-09-20T13:41:15Z,CAT-6060-201,OP-103,5127.9,1919.5,86.7,4.9,830.71,36.8,7,EXCAVATING,FASTENED,14.2,PIT_FLOOR_BENCH_A,SEVERE,95.8,77.8,NONE,TSK-1005
2026-09-20T13:41:15Z,CAT-994K-301,OP-104,9868.5,1640.5,68.0,0.2,414.33,20.2,18,LOADING,FASTENED,9.5,PIT_FLOOR_BENCH_A,NORMAL,89.3,75.1,NONE,TSK-1004
2026-09-20T13:41:15Z,CAT-D11-401,OP-105,16487.64,1811.8,88.2,3.4,542.76,18.8,7,DOZING,FASTENED,18.1,STAGING_BAY_4,MUDDY,95.7,78.2,NONE,TSK-1002
2026-09-20T13:42:00Z,CAT-797F-101,OP-101,8428.21,1611.9,45.2,26.8,484.22,12.8,12,HAULING_EMPTY,FASTENED,35.6,HAUL_ROAD_NORTH,MODERATE,89.9,75.4,NONE,TSK-1050
2026-09-20T13:42:00Z,CAT-797F-102,OP-102,14217.71,1539.9,74.7,1.0,536.28,6.0,14,LOADING,FASTENED,9.1,PIT_FLOOR_BENCH_B,MUDDY,93.2,75.8,NONE,TSK-1074
2026-09-20T13:42:00Z,CAT-6060-201,OP-103,5127.91,1936.2,85.6,3.3,832.15,36.8,7,EXCAVATING,FASTENED,12.7,PIT_FLOOR_BENCH_A,SEVERE,95.9,77.9,NONE,TSK-1005
2026-09-20T13:42:00Z,CAT-994K-301,OP-104,9868.51,1726.8,63.3,0.5,414.9,20.2,18,LOADING,FASTENED,7.5,PIT_FLOOR_BENCH_A,NORMAL,89.4,75.2,NONE,TSK-1004
2026-09-20T13:42:00Z,CAT-D11-401,OP-105,16487.65,1828.5,92.1,4.7,543.68,18.8,7,DOZING,FASTENED,18.4,STAGING_BAY_4,MUDDY,95.9,78.3,NONE,TSK-1002
2026-09-20T13:42:45Z,CAT-797F-101,OP-101,8428.23,1320.0,44.7,1.3,484.73,12.8,12,SPOTTING,FASTENED,7.4,CRUSHER_FEED_1,MODERATE,89.7,75.3,NONE,TSK-1050
2026-09-20T13:42:45Z,CAT-797F-102,OP-102,14217.73,1631.0,59.9,0.7,537.0,6.0,14,LOADING,FASTENED,10.2,PIT_FLOOR_BENCH_B,MUDDY,93.3,75.7,NONE,TSK-1074
2026-09-20T13:42:45Z,CAT-6060-201,OP-103,5127.92,1827.5,86.0,2.1,833.59,36.8,7,EXCAVATING,FASTENED,16.0,PIT_FLOOR_BENCH_A,SEVERE,96.0,78.0,NONE,TSK-1005
2026-09-20T13:42:45Z,CAT-994K-301,OP-104,9868.53,1573.0,55.3,0.9,415.47,20.2,18,LOADING,FASTENED,10.2,PIT_FLOOR_BENCH_A,NORMAL,89.4,75.1,NONE,TSK-1004
2026-09-20T13:42:45Z,CAT-D11-401,OP-105,16487.66,1801.4,79.3,3.4,544.6,18.8,7,DOZING,FASTENED,15.0,STAGING_BAY_4,MUDDY,96.0,78.3,NONE,TSK-1002
2026-09-20T13:43:30Z,CAT-797F-101,OP-101,8428.24,1302.4,43.6,1.1,485.25,12.8,12,SPOTTING,FASTENED,10.8,CRUSHER_FEED_1,MODERATE,89.6,75.2,NONE,TSK-1050
2026-09-20T13:43:30Z,CAT-797F-102,OP-102,14217.74,1642.8,72.6,0.7,537.71,6.0,14,LOADING,FASTENED,10.7,PIT_FLOOR_BENCH_B,MUDDY,93.5,75.8,NONE,TSK-1074
2026-09-20T13:43:30Z,CAT-6060-201,OP-103,5127.94,1797.3,93.4,5.0,835.04,36.8,7,EXCAVATING,FASTENED,18.6,PIT_FLOOR_BENCH_A,SEVERE,96.2,78.1,NONE,TSK-1005
2026-09-20T13:43:30Z,CAT-994K-301,OP-104,9868.54,1468.4,58.5,1.0,416.04,20.2,18,LOADING,FASTENED,9.8,PIT_FLOOR_BENCH_A,NORMAL,89.5,75.2,NONE,TSK-1004
2026-09-20T13:43:30Z,CAT-D11-401,OP-105,16487.68,1840.4,91.2,2.4,545.52,18.8,7,DOZING,FASTENED,12.0,STAGING_BAY_4,MUDDY,96.2,78.5,NONE,TSK-1002
2026-09-20T13:44:15Z,CAT-797F-101,OP-101,8428.25,1215.6,37.4,2.7,485.77,12.8,12,SPOTTING,FASTENED,7.5,CRUSHER_FEED_1,MODERATE,89.4,75.0,NONE,TSK-1050
2026-09-20T13:44:15Z,CAT-797F-102,OP-102,14217.75,1702.5,78.0,23.1,538.89,6.0,14,HAULING_LOADED,FASTENED,43.8,HAUL_ROAD_NORTH,MUDDY,93.7,76.0,NONE,TSK-1074
2026-09-20T13:44:15Z,CAT-6060-201,OP-103,5127.95,1769.2,88.7,1.9,836.48,36.8,7,EXCAVATING,FASTENED,8.8,PIT_FLOOR_BENCH_A,SEVERE,96.4,78.2,NONE,TSK-1005
2026-09-20T13:44:15Z,CAT-994K-301,OP-104,9868.55,1734.1,74.3,25.2,416.98,20.2,18,HAULING_LOADED,FASTENED,32.9,HAUL_ROAD_NORTH,NORMAL,89.7,75.3,NONE,TSK-1004
2026-09-20T13:44:15Z,CAT-D11-401,OP-105,16487.69,2009.3,85.0,3.4,546.44,18.8,7,DOZING,FASTENED,10.7,STAGING_BAY_4,MUDDY,96.3,78.5,NONE,TSK-1002
2026-09-20T13:45:00Z,CAT-797F-101,OP-101,8428.26,1616.6,63.6,1.0,486.42,12.8,12,LOADING,FASTENED,10.6,PIT_FLOOR_BENCH_A,MODERATE,89.5,75.1,NONE,TSK-1050
2026-09-20T13:45:00Z,CAT-797F-102,OP-102,14217.76,1936.1,77.2,20.5,540.07,6.0,14,HAULING_LOADED,FASTENED,28.4,HAUL_ROAD_NORTH,MUDDY,93.9,76.1,NONE,TSK-1074
2026-09-20T13:45:00Z,CAT-6060-201,OP-103,5127.96,1848.2,82.4,1.3,837.93,36.8,7,EXCAVATING,FASTENED,11.1,PIT_FLOOR_BENCH_A,SEVERE,96.4,78.3,NONE,TSK-1005
2026-09-20T13:45:00Z,CAT-994K-301,OP-104,9868.56,1792.7,89.7,19.7,417.91,20.2,18,HAULING_LOADED,FASTENED,25.1,HAUL_ROAD_NORTH,NORMAL,90.1,75.5,NONE,TSK-1004
2026-09-20T13:45:00Z,CAT-D11-401,OP-105,16487.7,1797.3,87.7,1.5,547.36,18.8,7,DOZING,FASTENED,20.0,STAGING_BAY_4,MUDDY,96.4,78.6,NONE,TSK-1002
2026-09-20T13:45:45Z,CAT-797F-101,OP-101,8428.28,1587.3,58.7,0.5,487.08,12.8,12,LOADING,FASTENED,9.3,PIT_FLOOR_BENCH_A,MODERATE,89.6,75.1,NONE,TSK-1050
2026-09-20T13:45:45Z,CAT-797F-102,OP-102,14217.78,1758.0,81.0,23.2,541.25,6.0,14,HAULING_LOADED,FASTENED,34.1,HAUL_ROAD_NORTH,MUDDY,94.2,76.2,NONE,TSK-1074
2026-09-20T13:45:45Z,CAT-6060-201,OP-103,5127.97,1990.3,82.5,4.3,839.37,36.8,7,EXCAVATING,FASTENED,19.6,PIT_FLOOR_BENCH_A,SEVERE,96.5,78.3,NONE,TSK-1005
2026-09-20T13:45:45Z,CAT-994K-301,OP-104,9868.58,1897.9,91.8,24.1,418.84,20.2,18,HAULING_LOADED,FASTENED,39.9,HAUL_ROAD_NORTH,NORMAL,90.5,75.8,NONE,TSK-1004
2026-09-20T13:45:45Z,CAT-D11-401,OP-105,16487.71,1920.7,80.3,4.0,548.27,18.8,7,DOZING,FASTENED,21.4,STAGING_BAY_4,MUDDY,96.4,78.6,NONE,TSK-1002
2026-09-20T13:46:30Z,CAT-797F-101,OP-101,8428.29,1691.4,56.8,0.8,487.73,12.8,12,LOADING,FASTENED,8.4,PIT_FLOOR_BENCH_A,MODERATE,89.6,75.1,NONE,TSK-1050
2026-09-20T13:46:30Z,CAT-797F-102,OP-102,14217.79,1716.1,77.3,28.4,542.43,6.0,14,HAULING_LOADED,FASTENED,28.5,HAUL_ROAD_NORTH,MUDDY,94.3,76.3,NONE,TSK-1074
2026-09-20T13:46:30Z,CAT-6060-201,OP-103,5127.99,1767.5,79.3,4.2,840.81,36.8,7,EXCAVATING,FASTENED,19.7,PIT_FLOOR_BENCH_A,SEVERE,96.5,78.3,NONE,TSK-1005
2026-09-20T13:46:30Z,CAT-994K-301,OP-104,9868.59,1740.8,88.3,23.6,419.78,20.2,18,HAULING_LOADED,FASTENED,27.8,HAUL_ROAD_NORTH,NORMAL,90.8,76.0,NONE,TSK-1004
2026-09-20T13:46:30Z,CAT-D11-401,OP-105,16487.73,1804.4,89.3,3.9,549.19,18.8,7,DOZING,FASTENED,18.6,STAGING_BAY_4,MUDDY,96.5,78.7,NONE,TSK-1002
2026-09-20T13:47:15Z,CAT-797F-101,OP-101,8428.3,1490.0,74.9,0.7,488.39,12.8,12,LOADING,FASTENED,7.2,PIT_FLOOR_BENCH_A,MODERATE,89.9,75.2,NONE,TSK-1050
2026-09-20T13:47:15Z,CAT-797F-102,OP-102,14217.8,1733.6,80.0,28.4,543.61,6.0,14,HAULING_LOADED,FASTENED,26.0,HAUL_ROAD_NORTH,MUDDY,94.5,76.5,NONE,TSK-1074
2026-09-20T13:47:15Z,CAT-6060-201,OP-103,5128.0,1818.9,79.2,2.0,842.26,36.8,7,EXCAVATING,FASTENED,14.6,PIT_FLOOR_BENCH_A,SEVERE,96.5,78.3,NONE,TSK-1005
2026-09-20T13:47:15Z,CAT-994K-301,OP-104,9868.6,1867.6,80.6,21.7,420.71,20.2,18,HAULING_LOADED,FASTENED,46.1,HAUL_ROAD_NORTH,NORMAL,91.0,76.2,NONE,TSK-1004
2026-09-20T13:47:15Z,CAT-D11-401,OP-105,16487.74,2006.8,77.7,2.9,550.11,18.8,7,DOZING,FASTENED,16.5,STAGING_BAY_4,MUDDY,96.5,78.7,NONE,TSK-1002
2026-09-20T13:48:00Z,CAT-797F-101,OP-101,8428.31,1719.6,56.1,0.3,489.05,12.8,12,LOADING,FASTENED,7.9,PIT_FLOOR_BENCH_A,MODERATE,89.9,75.2,NONE,TSK-1050
2026-09-20T13:48:00Z,CAT-797F-102,OP-102,14217.81,1935.4,75.5,18.9,544.79,6.0,14,HAULING_LOADED,FASTENED,36.3,HAUL_ROAD_NORTH,MUDDY,94.6,76.5,NONE,TSK-1074
2026-09-20T13:48:00Z,CAT-6060-201,OP-103,5128.01,1758.7,80.1,4.7,843.7,36.8,7,EXCAVATING,FASTENED,19.1,PIT_FLOOR_BENCH_A,SEVERE,96.5,78.4,NONE,TSK-1005
2026-09-20T13:48:00Z,CAT-994K-301,OP-104,9868.61,1814.6,90.9,26.0,421.65,20.2,18,HAULING_LOADED,FASTENED,42.7,HAUL_ROAD_NORTH,NORMAL,91.3,76.4,NONE,TSK-1004
2026-09-20T13:48:00Z,CAT-D11-401,OP-105,16487.75,685.5,14.3,0.0,550.29,19.5,7,IDLE,FASTENED,27.4,STAGING_BAY_4,MUDDY,95.8,78.2,NONE,TSK-1002
2026-09-20T13:48:45Z,CAT-797F-101,OP-101,8428.33,1489.7,56.0,0.4,489.7,12.8,12,LOADING,FASTENED,8.2,PIT_FLOOR_BENCH_A,MODERATE,89.9,75.2,NONE,TSK-1050
2026-09-20T13:48:45Z,CAT-797F-102,OP-102,14217.83,1803.4,88.6,24.3,545.97,6.0,14,HAULING_LOADED,FASTENED,35.3,HAUL_ROAD_NORTH,MUDDY,94.9,76.7,NONE,TSK-1074
2026-09-20T13:48:45Z,CAT-6060-201,OP-103,5128.02,2037.5,90.8,2.9,845.14,36.8,7,EXCAVATING,FASTENED,16.9,PIT_FLOOR_BENCH_A,SEVERE,96.7,78.5,NONE,TSK-1005
2026-09-20T13:48:45Z,CAT-994K-301,OP-104,9868.63,1803.5,84.4,26.4,422.58,20.2,18,HAULING_LOADED,FASTENED,46.2,HAUL_ROAD_NORTH,NORMAL,91.5,76.5,NONE,TSK-1004
2026-09-20T13:48:45Z,CAT-D11-401,OP-105,16487.76,695.8,12.3,0.0,550.46,20.2,7,IDLE,FASTENED,23.0,STAGING_BAY_4,MUDDY,95.1,77.6,NONE,TSK-1002
2026-09-20T13:49:30Z,CAT-797F-101,OP-101,8428.34,1711.7,63.8,0.9,490.36,12.8,12,LOADING,FASTENED,8.3,PIT_FLOOR_BENCH_A,MODERATE,89.9,75.3,NONE,TSK-1050
2026-09-20T13:49:30Z,CAT-797F-102,OP-102,14217.84,1826.4,90.6,18.2,547.14,6.0,14,HAULING_LOADED,FASTENED,28.9,HAUL_ROAD_NORTH,MUDDY,95.2,76.9,NONE,TSK-1074
2026-09-20T13:49:30Z,CAT-6060-201,OP-103,5128.04,2036.7,89.9,2.4,846.59,36.8,7,EXCAVATING,FASTENED,13.5,PIT_FLOOR_BENCH_A,SEVERE,96.8,78.6,NONE,TSK-1005
2026-09-20T13:49:30Z,CAT-994K-301,OP-104,9868.64,1928.7,86.5,17.8,423.52,20.2,18,HAULING_LOADED,FASTENED,26.9,HAUL_ROAD_NORTH,NORMAL,91.7,76.7,NONE,TSK-1004
2026-09-20T13:49:30Z,CAT-D11-401,OP-105,16487.78,691.3,13.4,0.0,550.64,21.0,7,IDLE,FASTENED,27.2,STAGING_BAY_4,MUDDY,94.5,77.2,NONE,TSK-1002
2026-09-20T13:50:15Z,CAT-797F-101,OP-101,8428.35,1721.1,91.6,17.5,491.44,12.8,12,HAULING_LOADED,FASTENED,32.8,HAUL_ROAD_NORTH,MODERATE,90.3,75.5,NONE,TSK-1050
2026-09-20T13:50:15Z,CAT-797F-102,OP-102,14217.85,1758.9,78.9,24.6,548.32,6.0,14,HAULING_LOADED,FASTENED,31.6,HAUL_ROAD_NORTH,MUDDY,95.3,77.0,NONE,TSK-1074
2026-09-20T13:50:15Z,CAT-6060-201,OP-103,5128.05,1934.3,87.7,4.6,848.03,36.8,7,EXCAVATING,FASTENED,20.6,PIT_FLOOR_BENCH_A,SEVERE,96.8,78.6,ENG-TEMP-HIGH-01,TSK-1005
2026-09-20T13:50:15Z,CAT-994K-301,OP-104,9868.65,1906.1,77.8,16.5,424.45,20.2,18,HAULING_LOADED,FASTENED,37.6,HAUL_ROAD_NORTH,NORMAL,91.8,76.8,NONE,TSK-1004
2026-09-20T13:50:15Z,CAT-D11-401,OP-105,16487.79,1926.3,86.8,2.0,551.56,21.0,8,DOZING,FASTENED,13.0,STAGING_BAY_4,MUDDY,94.8,77.3,NONE,TSK-1002
2026-09-20T13:51:00Z,CAT-797F-101,OP-101,8428.36,1883.8,89.9,17.4,492.52,12.8,12,HAULING_LOADED,FASTENED,22.9,HAUL_ROAD_NORTH,MODERATE,90.7,75.8,NONE,TSK-1050
2026-09-20T13:51:00Z,CAT-797F-102,OP-102,14217.86,1926.3,90.9,25.4,549.5,6.0,14,HAULING_LOADED,FASTENED,27.0,HAUL_ROAD_NORTH,MUDDY,95.5,77.2,NONE,TSK-1074
2026-09-20T13:51:00Z,CAT-6060-201,OP-103,5128.06,1804.5,75.4,4.4,849.48,36.8,7,EXCAVATING,FASTENED,10.1,PIT_FLOOR_BENCH_A,SEVERE,96.8,78.6,NONE,TSK-1005
2026-09-20T13:51:00Z,CAT-994K-301,OP-104,9868.66,1869.8,85.7,19.3,425.38,20.2,18,HAULING_LOADED,FASTENED,44.6,HAUL_ROAD_NORTH,NORMAL,92.0,76.9,NONE,TSK-1004
2026-09-20T13:51:00Z,CAT-D11-401,OP-105,16487.8,2037.4,92.3,4.0,552.47,21.0,8,DOZING,FASTENED,8.0,STAGING_BAY_4,MUDDY,95.0,77.5,NONE,TSK-1002
2026-09-20T13:51:45Z,CAT-797F-101,OP-101,8428.38,1748.9,91.5,19.7,493.59,12.8,12,HAULING_LOADED,FASTENED,32.4,HAUL_ROAD_NORTH,MODERATE,91.0,76.0,NONE,TSK-1050
2026-09-20T13:51:45Z,CAT-797F-102,OP-102,14217.88,1185.3,45.4,1.8,550.07,6.0,14,DUMPING,FASTENED,11.0,OVERBURDEN_DUMP_WEST,MUDDY,95.2,77.0,NONE,TSK-1074
2026-09-20T13:51:45Z,CAT-6060-201,OP-103,5128.07,1753.5,83.8,4.2,850.92,36.8,7,EXCAVATING,FASTENED,8.1,PIT_FLOOR_BENCH_A,SEVERE,96.8,78.7,NONE,TSK-1005
2026-09-20T13:51:45Z,CAT-994K-301,OP-104,9868.68,1891.5,85.7,16.9,426.32,20.2,18,HAULING_LOADED,FASTENED,41.5,HAUL_ROAD_NORTH,NORMAL,92.1,77.1,NONE,TSK-1004
2026-09-20T13:51:45Z,CAT-D11-401,OP-105,16487.81,1986.4,83.5,2.0,553.39,21.0,8,DOZING,FASTENED,17.8,STAGING_BAY_4,MUDDY,95.2,77.6,NONE,TSK-1002
2026-09-20T13:52:30Z,CAT-797F-101,OP-101,8428.39,1806.8,85.2,18.0,494.67,12.8,12,HAULING_LOADED,FASTENED,44.6,HAUL_ROAD_NORTH,MODERATE,91.2,76.2,NONE,TSK-1050
2026-09-20T13:52:30Z,CAT-797F-102,OP-102,14217.89,1216.0,36.3,1.7,550.63,6.0,14,DUMPING,FASTENED,10.2,OVERBURDEN_DUMP_WEST,MUDDY,94.9,76.7,NONE,TSK-1074
2026-09-20T13:52:30Z,CAT-6060-201,OP-103,5128.09,1801.1,92.3,3.3,852.36,36.8,7,EXCAVATING,FASTENED,8.2,PIT_FLOOR_BENCH_A,SEVERE,96.9,78.8,NONE,TSK-1005
2026-09-20T13:52:30Z,CAT-994K-301,OP-104,9868.69,1835.7,74.8,23.6,427.25,20.2,18,HAULING_LOADED,FASTENED,20.8,HAUL_ROAD_NORTH,NORMAL,92.2,77.1,NONE,TSK-1004
2026-09-20T13:52:30Z,CAT-D11-401,OP-105,16487.83,1967.5,78.0,3.4,554.31,21.0,8,DOZING,FASTENED,9.6,STAGING_BAY_4,MUDDY,95.3,77.6,NONE,TSK-1002
2026-09-20T13:53:15Z,CAT-797F-101,OP-101,8428.4,1916.2,90.6,21.1,495.75,12.8,12,HAULING_LOADED,FASTENED,21.2,HAUL_ROAD_NORTH,MODERATE,91.5,76.4,NONE,TSK-1050
2026-09-20T13:53:15Z,CAT-797F-102,OP-102,14217.9,1188.4,42.6,2.1,551.19,6.0,14,DUMPING,FASTENED,8.2,OVERBURDEN_DUMP_WEST,MUDDY,94.6,76.5,NONE,TSK-1074
2026-09-20T13:53:15Z,CAT-6060-201,OP-103,5128.1,1950.5,90.4,3.6,853.81,36.8,7,EXCAVATING,FASTENED,10.4,PIT_FLOOR_BENCH_A,SEVERE,97.0,78.8,NONE,TSK-1005
2026-09-20T13:53:15Z,CAT-994K-301,OP-104,9868.7,1891.0,75.6,21.4,428.19,20.2,18,HAULING_LOADED,FASTENED,22.1,HAUL_ROAD_NORTH,NORMAL,92.2,77.2,NONE,TSK-1004
2026-09-20T13:53:15Z,CAT-D11-401,OP-105,16487.84,1937.1,75.5,3.7,555.23,21.0,8,DOZING,FASTENED,12.8,STAGING_BAY_4,MUDDY,95.4,77.6,NONE,TSK-1002
2026-09-20T13:54:00Z,CAT-797F-101,OP-101,8428.41,1881.0,76.5,22.7,496.83,12.8,12,HAULING_LOADED,FASTENED,43.8,HAUL_ROAD_NORTH,MODERATE,91.6,76.5,NONE,TSK-1050
2026-09-20T13:54:00Z,CAT-797F-102,OP-102,14217.91,1725.4,45.1,38.3,551.96,6.0,15,HAULING_EMPTY,FASTENED,24.8,HAUL_ROAD_NORTH,MUDDY,94.4,76.4,NONE,TSK-1074
2026-09-20T13:54:00Z,CAT-6060-201,OP-103,5128.11,1778.3,90.7,4.1,855.25,36.8,7,EXCAVATING,FASTENED,13.2,PIT_FLOOR_BENCH_A,SEVERE,97.1,78.9,NONE,TSK-1005
2026-09-20T13:54:00Z,CAT-994K-301,OP-104,9868.71,1920.9,86.2,22.7,429.12,20.2,18,HAULING_LOADED,FASTENED,44.4,HAUL_ROAD_NORTH,NORMAL,92.3,77.3,NONE,TSK-1004
2026-09-20T13:54:00Z,CAT-D11-401,OP-105,16487.85,1910.7,93.8,2.2,556.15,21.0,8,DOZING,FASTENED,8.1,STAGING_BAY_4,MUDDY,95.6,77.8,NONE,TSK-1002
2026-09-20T13:54:45Z,CAT-797F-101,OP-101,8428.43,1727.4,78.5,23.0,497.91,12.8,12,HAULING_LOADED,FASTENED,21.6,HAUL_ROAD_NORTH,MODERATE,91.7,76.6,NONE,TSK-1050
2026-09-20T13:54:45Z,CAT-797F-102,OP-102,14217.93,1597.8,44.7,38.6,552.73,6.0,15,HAULING_EMPTY,FASTENED,22.0,HAUL_ROAD_NORTH,STEEP_INCLINE,93.9,76.2,NONE,TSK-1079
2026-09-20T13:54:45Z,CAT-6060-201,OP-103,5128.12,1803.3,92.6,4.7,856.69,36.8,7,EXCAVATING,FASTENED,15.0,PIT_FLOOR_BENCH_A,SEVERE,97.2,79.0,NONE,TSK-1005
2026-09-20T13:54:45Z,CAT-994K-301,OP-104,9868.73,1908.0,82.4,25.7,430.06,20.2,18,HAULING_LOADED,FASTENED,46.9,HAUL_ROAD_NORTH,NORMAL,92.4,77.4,NONE,TSK-1004
2026-09-20T13:54:45Z,CAT-D11-401,OP-105,16487.86,1834.5,91.5,4.0,557.07,21.0,8,DOZING,FASTENED,18.9,STAGING_BAY_4,MUDDY,95.8,78.0,NONE,TSK-1002
2026-09-20T13:55:30Z,CAT-797F-101,OP-101,8428.44,1808.8,74.6,19.7,498.98,12.8,12,HAULING_LOADED,FASTENED,25.0,HAUL_ROAD_NORTH,MODERATE,91.8,76.7,NONE,TSK-1050
2026-09-20T13:55:30Z,CAT-797F-102,OP-102,14217.94,1728.8,50.7,26.5,553.5,6.0,15,HAULING_EMPTY,FASTENED,24.5,HAUL_ROAD_NORTH,STEEP_INCLINE,93.5,76.1,NONE,TSK-1079
2026-09-20T13:55:30Z,CAT-6060-201,OP-103,5128.14,1841.7,76.2,2.1,858.14,36.8,7,EXCAVATING,FASTENED,16.6,PIT_FLOOR_BENCH_A,SEVERE,97.2,79.0,NONE,TSK-1005
2026-09-20T13:55:30Z,CAT-994K-301,OP-104,9868.74,1477.0,72.3,0.5,430.63,20.2,19,LOADING,FASTENED,10.1,PIT_FLOOR_BENCH_A,NORMAL,92.4,77.4,NONE,TSK-1004
2026-09-20T13:55:30Z,CAT-D11-401,OP-105,16487.88,1932.8,93.6,2.1,557.99,21.0,8,DOZING,FASTENED,17.7,STAGING_BAY_4,MUDDY,96.1,78.1,NONE,TSK-1002
2026-09-20T13:56:15Z,CAT-797F-101,OP-101,8428.45,1740.2,86.0,17.4,500.06,12.8,12,HAULING_LOADED,FASTENED,35.4,HAUL_ROAD_NORTH,MODERATE,92.0,76.8,NONE,TSK-1050
2026-09-20T13:56:15Z,CAT-797F-102,OP-102,14217.95,1780.1,50.4,24.4,554.27,6.0,15,HAULING_EMPTY,FASTENED,44.7,HAUL_ROAD_NORTH,STEEP_INCLINE,93.1,76.0,NONE,TSK-1079
2026-09-20T13:56:15Z,CAT-6060-201,OP-103,5128.15,2030.9,89.2,3.2,859.58,36.8,7,EXCAVATING,FASTENED,10.7,PIT_FLOOR_BENCH_B,SEVERE,97.2,79.0,NONE,TSK-1005
2026-09-20T13:56:15Z,CAT-994K-301,OP-104,9868.75,1451.2,67.6,0.4,431.19,20.2,19,LOADING,FASTENED,6.9,PIT_FLOOR_BENCH_A,NORMAL,92.3,77.4,NONE,TSK-1004
2026-09-20T13:56:15Z,CAT-D11-401,OP-105,16487.89,1908.8,79.5,3.8,558.91,21.0,8,DOZING,FASTENED,21.1,STAGING_BAY_4,MUDDY,96.1,78.1,NONE,TSK-1002
2026-09-20T13:57:00Z,CAT-797F-101,OP-101,8428.46,1740.5,80.4,26.1,501.14,12.8,12,HAULING_LOADED,FASTENED,24.8,HAUL_ROAD_NORTH,MODERATE,92.1,76.9,NONE,TSK-1050
2026-09-20T13:57:00Z,CAT-797F-102,OP-102,14217.96,1745.5,43.2,31.9,555.04,6.0,15,HAULING_EMPTY,FASTENED,39.6,HAUL_ROAD_NORTH,STEEP_INCLINE,92.7,75.8,NONE,TSK-1079
2026-09-20T13:57:00Z,CAT-6060-201,OP-103,5128.16,1996.8,89.4,4.7,861.03,36.8,7,EXCAVATING,FASTENED,20.0,PIT_FLOOR_BENCH_B,SEVERE,97.3,79.1,NONE,TSK-1005
2026-09-20T13:57:00Z,CAT-994K-301,OP-104,9868.76,1716.9,72.6,0.6,431.76,20.2,19,LOADING,FASTENED,10.5,PIT_FLOOR_BENCH_A,NORMAL,92.3,77.4,NONE,TSK-1004
2026-09-20T13:57:00Z,CAT-D11-401,OP-105,16487.9,2014.8,78.9,4.3,559.82,21.0,8,DOZING,FASTENED,13.7,STAGING_BAY_4,MUDDY,96.1,78.2,NONE,TSK-1002
2026-09-20T13:57:45Z,CAT-797F-101,OP-101,8428.48,1826.4,84.7,27.0,502.22,12.8,12,HAULING_LOADED,FASTENED,47.0,HAUL_ROAD_NORTH,MODERATE,92.2,77.1,NONE,TSK-1050
2026-09-20T13:57:45Z,CAT-797F-102,OP-102,14217.98,1740.0,57.4,27.1,555.81,6.0,15,HAULING_EMPTY,FASTENED,37.0,HAUL_ROAD_NORTH,STEEP_INCLINE,92.5,75.8,NONE,TSK-1079
2026-09-20T13:57:45Z,CAT-6060-201,OP-103,5128.17,1915.6,93.3,1.4,862.47,36.8,7,EXCAVATING,FASTENED,21.6,PIT_FLOOR_BENCH_B,SEVERE,97.4,79.2,NONE,TSK-1005
2026-09-20T13:57:45Z,CAT-994K-301,OP-104,9868.78,1687.3,59.0,0.3,432.33,20.2,19,LOADING,FASTENED,9.0,PIT_FLOOR_BENCH_A,NORMAL,92.2,77.3,NONE,TSK-1004
2026-09-20T13:57:45Z,CAT-D11-401,OP-105,16487.91,1969.3,79.3,4.6,560.74,21.0,8,DOZING,FASTENED,14.5,STAGING_BAY_4,MUDDY,96.2,78.2,NONE,TSK-1002
2026-09-20T13:58:30Z,CAT-797F-101,OP-101,8428.49,1247.9,37.2,3.0,502.73,12.8,12,DUMPING,FASTENED,12.0,OVERBURDEN_DUMP_WEST,MODERATE,91.8,76.8,NONE,TSK-1050
2026-09-20T13:58:30Z,CAT-797F-102,OP-102,14217.99,1629.9,59.9,32.6,556.57,6.0,15,HAULING_EMPTY,FASTENED,25.1,HAUL_ROAD_NORTH,STEEP_INCLINE,92.3,75.8,NONE,TSK-1079
2026-09-20T13:58:30Z,CAT-6060-201,OP-103,5128.19,1976.7,88.7,4.3,863.91,36.8,7,EXCAVATING,FASTENED,10.3,PIT_FLOOR_BENCH_B,SEVERE,97.4,79.3,NONE,TSK-1005
2026-09-20T13:58:30Z,CAT-994K-301,OP-104,9868.79,1606.8,72.1,1.0,432.9,20.2,19,LOADING,FASTENED,7.2,PIT_FLOOR_BENCH_A,NORMAL,92.2,77.3,NONE,TSK-1004
2026-09-20T13:58:30Z,CAT-D11-401,OP-105,16487.93,1788.2,86.5,4.8,561.66,21.0,8,DOZING,FASTENED,9.6,STAGING_BAY_4,MUDDY,96.3,78.3,NONE,TSK-1002
2026-09-20T13:59:15Z,CAT-797F-101,OP-101,8428.5,1294.5,37.6,2.1,503.25,12.8,12,DUMPING,FASTENED,10.8,OVERBURDEN_DUMP_WEST,MODERATE,91.4,76.6,NONE,TSK-1050
2026-09-20T13:59:15Z,CAT-797F-102,OP-102,14218.0,1579.0,55.9,30.1,557.34,6.0,15,HAULING_EMPTY,FASTENED,38.4,HAUL_ROAD_NORTH,STEEP_INCLINE,92.1,75.8,NONE,TSK-1079
2026-09-20T13:59:15Z,CAT-6060-201,OP-103,5128.2,1755.0,88.6,3.9,865.36,36.8,7,EXCAVATING,FASTENED,17.8,PIT_FLOOR_BENCH_B,SEVERE,97.5,79.3,NONE,TSK-1005
2026-09-20T13:59:15Z,CAT-994K-301,OP-104,9868.8,1696.6,65.7,0.9,433.47,20.2,19,LOADING,FASTENED,9.1,PIT_FLOOR_BENCH_A,NORMAL,92.1,77.3,NONE,TSK-1004
2026-09-20T13:59:15Z,CAT-D11-401,OP-105,16487.94,1998.8,77.6,2.8,562.58,21.0,8,DOZING,FASTENED,12.3,STAGING_BAY_4,MUDDY,96.3,78.3,NONE,TSK-1002
